name,dob,gender,email,phone,batch,branch,rollNo
Om Krishnan,2003-08-16,FEMALE,om_krishnan@gmail.com,9467409061,BATCH_22,CD,22CD001
Sanjay Kumar,2006-11-02,MALE,sanjay.kumar@gmail.com,9033313936,BATCH_24,CS,24CS001
Aryan Krishnan,2005-02-12,MALE,aryankrishnan90@gmail.com,9643169580,BATCH_23,EE,23EE001
Sanjay Iyer,2006-12-04,FEMALE,sanjayiyer@gmail.com,9341642716,BATCH_23,CI,23CI001
Sanya Pillai,2009-07-15,FEMALE,sanyapillai28@gmail.com,9859646521,BATCH_26,CI,26CI001
Nikhil Kumar,2008-12-14,FEMALE,nikhilkumar719@gmail.com,9998127439,BATCH_26,CC,26CC001
Rakesh Kapoor,2006-11-28,OTHER,rakesh_kapoor@gmail.com,9120750110,BATCH_24,ME,24ME001
Diya Raju,2003-04-06,FEMALE,diyaraju@yahoo.com,9768815088,BATCH_22,CI,22CI001
Bhavya Yadav,2009-01-24,FEMALE,bhavyayadav@gmail.com,9444144294,BATCH_27,CM,27CM001
Kavya Mishra,2007-06-26,FEMALE,kavya.mishra@gmail.com,9510250666,BATCH_25,CD,25CD001
Riya Goud,2006-07-28,FEMALE,riya_goud@gmail.com,9141191014,BATCH_24,CD,24CD001
Uday Reddy,2005-04-10,FEMALE,uday.reddy6@gmail.com,9260119391,BATCH_23,EC,23EC001
Kavya Patel,2005-05-29,MALE,kavyapatel81@gmail.com,9278816580,BATCH_24,ME,24ME002
Divya Malhotra,2006-08-29,FEMALE,divya_malhotra@gmail.com,9700518449,BATCH_24,ME,24ME003
Tanvi Krishnan,2008-07-19,FEMALE,tanvi.krishnan@gmail.com,9426333132,BATCH_26,CI,26CI002
Tarun Malhotra,2006-01-20,OTHER,tarun.malhotra@gmail.com,9772244146,BATCH_25,CC,25CC001
Esha Goud,2008-08-05,FEMALE,esha_goud@outlook.com,9881013827,BATCH_26,CC,26CC002
Esha Yadav,2008-05-04,FEMALE,esha_yadav@gmail.com,9228754289,BATCH_25,CC,25CC002
Ira Nair,2007-11-26,MALE,inair@gmail.com,9752576875,BATCH_26,CI,26CI003
Vivaan Singh,2009-02-22,FEMALE,vivaansingh74@outlook.com,9200740451,BATCH_27,CM,27CM002
Nisha Naidu,2006-07-05,FEMALE,nishanaidu@gmail.com,9015081247,BATCH_23,CD,23CD001
Uday Desai,2008-04-18,MALE,udesai@gmail.com,9960424081,BATCH_26,CS,26CS001
Chitra Sharma,2005-02-26,MALE,chitra_sharma@gmail.com,9631892750,BATCH_23,EE,23EE002
Reyansh Goud,2008-05-09,OTHER,reyansh.goud@outlook.com,9312182725,BATCH_26,CI,26CI004
Chitra Patel,2008-01-27,FEMALE,chitra.patel@yahoo.com,9738546052,BATCH_26,EC,26EC001
Chitra Mishra,2006-12-21,FEMALE,cmishra@gmail.com,9922169958,BATCH_24,ME,24ME004
Siddharth Chowdary,2005-06-13,MALE,siddharth.chowdary84@gmail.com,9851253892,BATCH_23,CM,23CM001
Lakshmi Prasad,2007-10-26,FEMALE,lakshmiprasad@outlook.com,9710725636,BATCH_25,CS,25CS001
Vivaan Mohan,2005-03-23,FEMALE,vivaanmohan763@gmail.com,9159564609,BATCH_23,ME,23ME001
Pranav Pandey,2005-04-20,FEMALE,pranav.pandey96@gmail.com,9761851862,BATCH_23,EC,23EC002
Manish Iyer,2003-04-07,FEMALE,manishiyer@outlook.com,9928538703,BATCH_22,ME,22ME001
Kabir Raju,2006-08-04,FEMALE,kabir.raju18@hotmail.com,9996112535,BATCH_24,ME,24ME005
Krishna Chandra,2003-03-03,MALE,krishna.chandra@gmail.com,9896558344,BATCH_22,CC,22CC001
Diya Joshi,2005-11-10,OTHER,djoshi@gmail.com,9575681134,BATCH_24,CS,24CS002
Kavya Goud,2004-12-17,MALE,kavya.goud9@gmail.com,9544118185,BATCH_22,EC,22EC001
Nisha Sharma,2007-12-01,FEMALE,nisha_sharma@gmail.com,9224789225,BATCH_25,EC,25EC001
Tanvi Iyer,2006-05-19,MALE,tiyer@hotmail.com,9061386748,BATCH_25,CD,25CD002
Kabir Rani,2008-12-28,FEMALE,kabir_rani@gmail.com,9369225916,BATCH_26,CM,26CM001
Ira Pandey,2009-12-15,MALE,ira_pandey@yahoo.com,9225916334,BATCH_26,EE,26EE001
Kabir Rani,2004-05-05,FEMALE,krani@gmail.com,9668709890,BATCH_22,CM,22CM001
Gauri Gupta,2005-02-11,MALE,gaurigupta996@outlook.com,9428341108,BATCH_24,ME,24ME006
Rakesh Devi,2008-04-28,FEMALE,rakesh.devi@yahoo.com,9082764127,BATCH_27,CS,27CS001
Gauri Rani,2006-02-06,FEMALE,grani@outlook.com,9427973071,BATCH_24,CM,24CM001
Sanya Devi,2009-02-15,FEMALE,sanya_devi@gmail.com,9306671237,BATCH_27,EE,27EE001
Rohan Mishra,2006-11-16,MALE,rohanmishra977@yahoo.com,9696477323,BATCH_24,EC,24EC001
Bhavya Chandra,2007-07-12,FEMALE,bhavya.chandra77@outlook.com,9133718444,BATCH_25,CI,25CI001
Kavya Chandra,2004-03-26,MALE,kavya_chandra@gmail.com,9521293289,BATCH_23,CM,23CM002
Esha Naidu,2008-03-19,FEMALE,eshanaidu900@gmail.com,9479666783,BATCH_25,CM,25CM001
Nisha Patel,2009-05-22,FEMALE,nisha.patel11@outlook.com,9846159101,BATCH_27,CD,27CD001
Ananya Iyer,2007-09-30,MALE,ananyaiyer@yahoo.com,9571422410,BATCH_25,CS,25CS002
Rohan Mishra,2006-11-25,MALE,rohanmishra970@gmail.com,9164851559,BATCH_24,CC,24CC001
Om Pandey,2009-08-01,MALE,ompandey894@gmail.com,9809634893,BATCH_27,EE,27EE002
Vivaan Mishra,2007-02-03,MALE,vivaanmishra952@gmail.com,9186801093,BATCH_25,CD,25CD003
Chitra Chowdary,2004-11-23,FEMALE,cchowdary@yahoo.com,9449476614,BATCH_22,CM,22CM002
Ishaan Nair,2004-02-22,FEMALE,ishaan_nair@gmail.com,9950962334,BATCH_22,CS,22CS001
Om Rani,2006-06-19,MALE,om.rani@gmail.com,9215143517,BATCH_24,CD,24CD002
Varun Gupta,2008-10-06,FEMALE,varun.gupta@gmail.com,9385792826,BATCH_27,CM,27CM003
Diya Singh,2008-10-05,MALE,diyasingh@gmail.com,9348403628,BATCH_25,CC,25CC003
Divya Mohan,2003-02-23,MALE,divya.mohan@gmail.com,9883616456,BATCH_22,EE,22EE001
Kavya Kapoor,2007-05-20,MALE,kavya_kapoor@gmail.com,9118727429,BATCH_26,CI,26CI005
Lakshmi Reddy,2008-08-30,FEMALE,lreddy@gmail.com,9985864907,BATCH_26,EE,26EE002
Meera Gupta,2009-09-28,FEMALE,mgupta@gmail.com,9344173098,BATCH_27,EC,27EC001
Manish Singh,2008-05-31,MALE,manish.singh74@outlook.com,9319465749,BATCH_26,EE,26EE003
Vihaan Raju,2004-07-21,MALE,vihaan.raju61@gmail.com,9499119285,BATCH_22,EC,22EC002
Vivaan Gupta,2006-04-06,FEMALE,vivaan.gupta13@gmail.com,9579816953,BATCH_24,CC,24CC002
Varun Naidu,2010-02-11,MALE,vnaidu@gmail.com,9261091282,BATCH_27,EC,27EC002
Vivaan Menon,2006-08-02,FEMALE,vivaan.menon@gmail.com,9870817962,BATCH_24,EC,24EC002
Zoya Mishra,2005-05-06,MALE,zoya.mishra@gmail.com,9206038505,BATCH_24,ME,24ME007
Pranav Iyer,2007-05-13,MALE,pranav.iyer25@gmail.com,9146796938,BATCH_25,CM,25CM002
Isha Krishnan,2008-06-10,MALE,isha.krishnan24@gmail.com,9712544584,BATCH_26,EC,26EC002
Kabir Iyer,2005-07-21,FEMALE,kabiriyer454@gmail.com,9276176404,BATCH_23,CC,23CC001
Rahul Menon,2004-09-10,FEMALE,rahul.menon@gmail.com,9349294464,BATCH_22,ME,22ME002
Aarav Devi,2008-05-09,FEMALE,aaravdevi@hotmail.com,9950334670,BATCH_26,CI,26CI006
Nisha Iyer,2005-09-11,FEMALE,nishaiyer@gmail.com,9684441219,BATCH_23,EE,23EE003
Esha Prasad,2004-05-12,MALE,esha.prasad8@outlook.com,9982438843,BATCH_22,CC,22CC002
Esha Menon,2007-11-05,FEMALE,esha.menon50@gmail.com,9199495165,BATCH_26,CM,26CM002
Sanjay Raju,2007-06-11,FEMALE,sraju@gmail.com,9532967737,BATCH_25,CM,25CM003
Aarav Gupta,2007-01-03,MALE,agupta@hotmail.com,9823416099,BATCH_25,ME,25ME001
Ira Mohan,2004-06-26,MALE,iramohan@gmail.com,9494177758,BATCH_22,CI,22CI002
Varun Menon,2004-03-21,FEMALE,varunmenon754@hotmail.com,9234719057,BATCH_22,CI,22CI003
Pranav Verma,2004-08-04,FEMALE,pranav.verma@gmail.com,9649671196,BATCH_22,CM,22CM003
Krishna Patel,2007-03-29,MALE,krishnapatel942@gmail.com,9975161369,BATCH_25,EE,25EE001
Isha Kumar,2004-09-04,FEMALE,ishakumar@gmail.com,9884145747,BATCH_22,CD,22CD002
Om Nair,2008-04-26,FEMALE,omnair@gmail.com,9413581880,BATCH_27,CS,27CS002
Sanya Chowdary,2004-07-18,MALE,sanyachowdary253@gmail.com,9203566094,BATCH_22,CD,22CD003
Priya Rao,2007-10-03,MALE,priya.rao80@gmail.com,9733427086,BATCH_25,EE,25EE002
Kabir Desai,2006-06-01,FEMALE,kabir_desai@gmail.com,9133358021,BATCH_24,EC,24EC003
Riya Reddy,2009-11-05,MALE,rreddy@outlook.com,9305127198,BATCH_26,EE,26EE004
Krishna Devi,2006-07-05,OTHER,krishnadevi@gmail.com,9883734031,BATCH_25,CS,25CS003
Chitra Verma,2009-11-16,FEMALE,chitra_verma@gmail.com,9521938522,BATCH_27,EC,27EC003
Vivaan Nair,2006-01-18,FEMALE,vivaan.nair10@outlook.com,9416624111,BATCH_24,EE,24EE001
Isha Mishra,2006-08-26,MALE,isha.mishra@gmail.com,9411249035,BATCH_24,ME,24ME008
Rahul Patel,2009-02-09,MALE,rahulpatel@gmail.com,9878946529,BATCH_27,CS,27CS003
Karthik Prasad,2004-02-20,FEMALE,karthikprasad@outlook.com,9288227532,BATCH_22,CM,22CM004
Zoya Krishnan,2004-07-02,MALE,zoyakrishnan449@gmail.com,9209846347,BATCH_23,EE,23EE004
Reyansh Prasad,2007-02-07,MALE,rprasad@yahoo.com,9784587586,BATCH_25,CC,25CC004
Sanya Patel,2006-08-24,MALE,sanyapatel837@gmail.com,9595450891,BATCH_25,CI,25CI002
Om Verma,2005-02-15,FEMALE,omverma@gmail.com,9043474659,BATCH_23,CI,23CI002
Aditi Joshi,2009-05-31,MALE,aditijoshi761@gmail.com,9117038486,BATCH_27,CS,27CS004
Yash Prasad,2003-09-03,MALE,yashprasad@gmail.com,9042804891,BATCH_22,CS,22CS002
Lakshmi Raju,2009-02-01,MALE,lraju@yahoo.com,9059758344,BATCH_27,CI,27CI001
Rahul Raju,2006-02-11,MALE,rahul_raju@outlook.com,9890112036,BATCH_24,CD,24CD003
Manish Kumar,2006-07-08,MALE,mkumar@outlook.com,9754941587,BATCH_23,EE,23EE005
Arjun Rani,2007-07-15,FEMALE,arjun.rani@gmail.com,9952499118,BATCH_25,CS,25CS004
Abhinav Gupta,2004-07-09,MALE,abhinav_gupta@gmail.com,9877698796,BATCH_22,EE,22EE002
Tanvi Reddy,2007-04-21,FEMALE,treddy@gmail.com,9892044635,BATCH_25,CC,25CC005
Ishaan Verma,2007-02-14,MALE,ishaan.verma@gmail.com,9919839134,BATCH_24,CM,24CM002
Sai Kumar,2004-09-18,MALE,saikumar@outlook.com,9829265716,BATCH_22,CM,22CM005
Ishaan Krishnan,2010-04-16,FEMALE,ishaankrishnan597@gmail.com,9102623705,BATCH_27,CI,27CI002
Kavya Iyer,2006-09-11,FEMALE,kavya_iyer@gmail.com,9927951324,BATCH_24,EC,24EC004
Rakesh Mishra,2007-01-03,FEMALE,rakesh_mishra@gmail.com,9862495133,BATCH_25,ME,25ME002
Reyansh Chowdary,2008-05-18,MALE,reyansh.chowdary@gmail.com,9014215634,BATCH_26,CM,26CM003
Reyansh Desai,2006-12-02,FEMALE,reyansh.desai72@gmail.com,9905529580,BATCH_24,EE,24EE002
Tanvi Raju,2006-12-03,FEMALE,tanviraju@hotmail.com,9050975923,BATCH_25,CS,25CS005
Bhavya Krishnan,2009-08-30,FEMALE,bhavya.krishnan23@outlook.com,9292335913,BATCH_26,EC,26EC003
Kavya Rani,2005-11-02,FEMALE,kavya_rani@gmail.com,9751644785,BATCH_22,CD,22CD004
Rakesh Rao,2009-11-18,FEMALE,rrao@yahoo.com,9482873210,BATCH_27,CC,27CC001
Manish Chowdary,2007-06-20,FEMALE,manishchowdary@outlook.com,9100199500,BATCH_24,CC,24CC003
Tarun Yadav,2009-08-04,FEMALE,tarun.yadav@yahoo.com,9798126759,BATCH_27,CS,27CS005
Riya Raju,2006-07-26,MALE,riya.raju29@outlook.com,9987422338,BATCH_24,CC,24CC004
Vihaan Malhotra,2007-08-17,FEMALE,vihaan.malhotra@gmail.com,9284010676,BATCH_26,EE,26EE005
Varun Kumar,2005-11-14,MALE,varun_kumar@gmail.com,9861918802,BATCH_22,ME,22ME003
Siddharth Chandra,2004-02-19,FEMALE,siddharth_chandra@outlook.com,9439660098,BATCH_22,EE,22EE003
Rahul Raju,2008-05-27,MALE,rahulraju696@gmail.com,9561846891,BATCH_26,EC,26EC004
Vihaan Iyer,2008-06-26,MALE,vihaan_iyer@gmail.com,9622135064,BATCH_26,CD,26CD001
Sanjay Goud,2009-09-26,FEMALE,sanjay.goud@gmail.com,9767601721,BATCH_27,CS,27CS006
Vivaan Prasad,2009-12-14,FEMALE,vivaan_prasad@gmail.com,9110948370,BATCH_27,CS,27CS007
Dhruv Sharma,2008-01-30,MALE,dhruv.sharma66@gmail.com,9939111926,BATCH_25,CS,25CS006
Diya Iyer,2008-04-03,FEMALE,diya.iyer@outlook.com,9105589119,BATCH_26,EE,26EE006
Arjun Iyer,2009-02-04,MALE,arjuniyer533@yahoo.com,9283917567,BATCH_27,CD,27CD002
Naveen Babu,2010-11-27,FEMALE,nbabu@gmail.com,9549630839,BATCH_27,CD,27CD003
Riya Krishnan,2008-06-10,FEMALE,rkrishnan@gmail.com,9156283794,BATCH_27,ME,27ME001
Jyoti Reddy,2006-10-22,FEMALE,jreddy@outlook.com,9981172137,BATCH_24,EC,24EC005
Chitra Malhotra,2008-09-17,FEMALE,chitra_malhotra@outlook.com,9454018227,BATCH_26,ME,26ME001
Aryan Malhotra,2004-09-16,FEMALE,aryan_malhotra@gmail.com,9929756988,BATCH_22,CI,22CI004
Aditi Singh,2006-04-11,FEMALE,aditisingh@gmail.com,9408705683,BATCH_24,CD,24CD004
Harini Chandra,2007-10-25,MALE,harini.chandra86@gmail.com,9983587448,BATCH_26,EE,26EE007
Pranav Sharma,2009-09-22,FEMALE,pranavsharma631@gmail.com,9613934749,BATCH_27,CD,27CD004
Aryan Desai,2006-12-05,MALE,aryan.desai@gmail.com,9413261117,BATCH_24,ME,24ME009
Arjun Raju,2005-10-25,FEMALE,arjunraju441@gmail.com,9629928425,BATCH_22,ME,22ME004
Harini Yadav,2006-10-02,FEMALE,harini.yadav42@gmail.com,9039551240,BATCH_25,CS,25CS007
Tarun Pillai,2006-05-24,MALE,tarun.pillai28@gmail.com,9457434259,BATCH_24,CC,24CC005
Dhruv Singh,2007-06-16,MALE,dsingh@yahoo.com,9556183262,BATCH_25,EC,25EC002
Zoya Chowdary,2004-08-02,MALE,zchowdary@gmail.com,9251973102,BATCH_22,CS,22CS003
Tanvi Chandra,2008-07-07,MALE,tanvichandra@gmail.com,9482421838,BATCH_26,ME,26ME002
Sanya Joshi,2004-02-17,MALE,sanyajoshi@gmail.com,9406924711,BATCH_22,CI,22CI005
Arjun Iyer,2006-10-21,MALE,arjun.iyer6@gmail.com,9075411832,BATCH_24,CM,24CM003
Reyansh Devi,2009-08-05,MALE,reyansh.devi99@gmail.com,9423164219,BATCH_27,EE,27EE003
Ira Joshi,2005-10-09,MALE,irajoshi@gmail.com,9734357110,BATCH_23,CS,23CS001
Kabir Mohan,2009-08-21,MALE,kabir.mohan50@yahoo.com,9034899319,BATCH_27,EE,27EE004
Sai Kumar,2006-08-06,MALE,sai.kumar@gmail.com,9244670462,BATCH_24,EE,24EE003
Meera Sharma,2005-03-30,FEMALE,meera.sharma@outlook.com,9323511395,BATCH_24,CI,24CI001
Vivaan Goud,2009-09-20,FEMALE,vgoud@yahoo.com,9464287345,BATCH_27,EC,27EC004
Varun Pillai,2009-04-02,FEMALE,varunpillai@gmail.com,9878073900,BATCH_27,CI,27CI003
Aryan Mohan,2007-12-07,FEMALE,aryanmohan@outlook.com,9332419977,BATCH_24,CD,24CD005
Rohan Mishra,2004-01-04,FEMALE,rohanmishra544@yahoo.com,9434741253,BATCH_22,CC,22CC003
Meera Reddy,2007-10-27,FEMALE,meera.reddy97@gmail.com,9592085151,BATCH_26,EC,26EC005
Vihaan Prasad,2004-08-04,FEMALE,vihaanprasad914@gmail.com,9758755850,BATCH_23,CC,23CC002
Gauri Patel,2008-06-24,MALE,gauripatel@gmail.com,9391919382,BATCH_26,EC,26EC006
Vihaan Devi,2004-04-29,FEMALE,vihaan_devi@yahoo.com,9971910338,BATCH_22,ME,22ME005
Nikhil Joshi,2008-09-22,FEMALE,nikhiljoshi284@yahoo.com,9860000046,BATCH_27,EE,27EE005
Kabir Pandey,2005-12-05,FEMALE,kabir.pandey31@gmail.com,9479801170,BATCH_24,CD,24CD006
Rahul Reddy,2009-04-30,MALE,rahul_reddy@gmail.com,9868281597,BATCH_27,EC,27EC005
Aditi Menon,2010-02-07,MALE,aditimenon@gmail.com,9897239858,BATCH_27,EE,27EE006
Ira Kumar,2006-06-05,FEMALE,irakumar@gmail.com,9504972366,BATCH_23,CC,23CC003
Om Babu,2004-12-30,MALE,om.babu9@yahoo.com,9370743487,BATCH_22,EE,22EE004
Varun Mohan,2004-06-05,MALE,varun.mohan@gmail.com,9396904539,BATCH_22,EC,22EC003
Naveen Sharma,2008-06-11,MALE,naveensharma399@gmail.com,9796699435,BATCH_26,CD,26CD002
Harini Devi,2008-01-01,FEMALE,harinidevi878@outlook.com,9745991530,BATCH_26,CC,26CC003
Aditi Chandra,2008-07-04,FEMALE,aditi_chandra@gmail.com,9661282408,BATCH_26,CI,26CI007
Kabir Iyer,2004-11-05,MALE,kabir.iyer50@gmail.com,9644391209,BATCH_22,CI,22CI006
Rakesh Goud,2005-11-01,MALE,rakeshgoud560@gmail.com,9363662057,BATCH_22,CI,22CI007
Naveen Naidu,2006-06-17,FEMALE,naveen_naidu@outlook.com,9743311647,BATCH_25,CC,25CC006
Nikhil Desai,2005-05-05,FEMALE,nikhil_desai@gmail.com,9380339685,BATCH_23,CD,23CD002
Esha Babu,2007-12-09,MALE,eshababu@gmail.com,9851652287,BATCH_26,EC,26EC007
Harini Naidu,2006-11-07,FEMALE,harininaidu638@outlook.com,9662702660,BATCH_23,EC,23EC003
Krishna Naidu,2004-10-26,FEMALE,krishnanaidu607@gmail.com,9331132008,BATCH_22,CM,22CM006
Vivaan Desai,2007-04-14,MALE,vivaan.desai11@gmail.com,9496050166,BATCH_25,CS,25CS008
Abhinav Yadav,2009-01-04,FEMALE,abhinav.yadav@gmail.com,9096900418,BATCH_26,EE,26EE008
Aditi Nair,2006-07-28,FEMALE,aditi.nair42@gmail.com,9798475088,BATCH_24,CM,24CM004
Aditi Prasad,2008-01-23,MALE,aditi.prasad98@gmail.com,9233682878,BATCH_27,EE,27EE007
Rahul Mishra,2005-12-07,FEMALE,rahul.mishra@gmail.com,9294455116,BATCH_24,EE,24EE004
Riya Nair,2009-12-16,FEMALE,riya.nair@gmail.com,9108759860,BATCH_27,EE,27EE008
Rohan Rani,2006-05-25,FEMALE,rrani@hotmail.com,9231830617,BATCH_24,EE,24EE005
Chitra Babu,2004-10-28,FEMALE,chitra.babu@gmail.com,9723611857,BATCH_22,CM,22CM007
Pranav Chandra,2006-03-12,MALE,pranav.chandra@outlook.com,9758140650,BATCH_24,CC,24CC006
Divya Devi,2009-01-19,FEMALE,divya.devi31@gmail.com,9999734829,BATCH_26,CI,26CI008
Aryan Desai,2009-07-10,FEMALE,aryandesai@gmail.com,9641990397,BATCH_27,EE,27EE009
Meera Verma,2010-02-22,MALE,meera_verma@gmail.com,9811073552,BATCH_27,EE,27EE010
Nisha Nair,2008-07-02,FEMALE,nnair@gmail.com,9413845315,BATCH_26,CC,26CC004
Nisha Singh,2008-12-27,MALE,nisha_singh@yahoo.com,9313419162,BATCH_26,EE,26EE009
Pranav Sharma,2007-03-02,FEMALE,pranav_sharma@gmail.com,9192152000,BATCH_24,CM,24CM005
Aryan Kumar,2004-10-23,FEMALE,akumar@gmail.com,9264563391,BATCH_22,CC,22CC004
Riya Pandey,2009-03-05,MALE,rpandey@gmail.com,9612099286,BATCH_27,CI,27CI004
Abhinav Pillai,2005-12-26,MALE,abhinav_pillai@gmail.com,9254756080,BATCH_22,CD,22CD005
Manish Kumar,2009-07-29,MALE,manish.kumar@outlook.com,9660506890,BATCH_27,EC,27EC006
Siddharth Menon,2005-03-06,MALE,siddharth.menon@yahoo.com,9447049867,BATCH_23,CC,23CC004
Harini Yadav,2004-02-27,FEMALE,harini_yadav@gmail.com,9514309177,BATCH_23,ME,23ME002
Krishna Menon,2007-04-18,FEMALE,krishna.menon@gmail.com,9153911498,BATCH_25,CI,25CI003
Divya Prasad,2005-04-20,MALE,divya.prasad63@outlook.com,9589140926,BATCH_23,ME,23ME003
Nikhil Joshi,2006-07-19,FEMALE,nikhil.joshi82@hotmail.com,9512418938,BATCH_24,EE,24EE006
Jyoti Patel,2007-01-16,OTHER,jpatel@yahoo.com,9477358662,BATCH_25,EE,25EE003
Tanvi Kapoor,2004-02-22,FEMALE,tanvikapoor277@gmail.com,9644915321,BATCH_23,CC,23CC005
Rakesh Desai,2005-11-23,MALE,rakesh.desai69@yahoo.com,9072176999,BATCH_23,EE,23EE006
Kavya Verma,2007-02-26,FEMALE,kavya_verma@gmail.com,9775786123,BATCH_25,CC,25CC007
Sai Verma,2008-03-17,FEMALE,sai.verma@gmail.com,9867120072,BATCH_25,CI,25CI004
Vivaan Malhotra,2009-11-05,FEMALE,vivaan.malhotra58@gmail.com,9774443329,BATCH_27,CM,27CM004
Esha Gupta,2008-07-04,FEMALE,esha_gupta@gmail.com,9285893082,BATCH_25,CC,25CC008
Reyansh Babu,2008-07-18,MALE,reyansh.babu42@gmail.com,9671571112,BATCH_26,CS,26CS002
Isha Joshi,2008-11-12,MALE,isha_joshi@gmail.com,9585326625,BATCH_26,EE,26EE010
Pranav Iyer,2008-08-17,FEMALE,pranav_iyer@outlook.com,9205046578,BATCH_25,CC,25CC009
Ishaan Reddy,2006-04-09,FEMALE,ishaanreddy@gmail.com,9739652427,BATCH_25,EC,25EC003
Dhruv Reddy,2006-04-23,OTHER,dhruv.reddy93@gmail.com,9083038840,BATCH_24,CD,24CD007
Ishaan Goud,2008-03-06,MALE,ishaan.goud31@gmail.com,9135302816,BATCH_26,ME,26ME003
Nikhil Kumar,2004-06-07,MALE,nikhil.kumar@gmail.com,9168557395,BATCH_22,EC,22EC004
Abhinav Prasad,2008-10-08,MALE,aprasad@gmail.com,9363915965,BATCH_27,ME,27ME002
Reyansh Pillai,2008-08-17,FEMALE,reyansh_pillai@gmail.com,9459218931,BATCH_27,ME,27ME003
Divya Sharma,2008-03-09,MALE,divya.sharma68@gmail.com,9262316750,BATCH_27,CM,27CM005
Abhinav Desai,2008-04-09,FEMALE,abhinav_desai@hotmail.com,9415213867,BATCH_26,EE,26EE011
Aryan Iyer,2008-04-09,MALE,aryan_iyer@yahoo.com,9762314701,BATCH_27,ME,27ME004
Kavya Naidu,2007-03-06,MALE,kavya_naidu@gmail.com,9599317697,BATCH_25,EC,25EC004
Meera Prasad,2005-01-16,FEMALE,mprasad@gmail.com,9133034902,BATCH_22,EE,22EE005
Naveen Joshi,2004-06-23,FEMALE,naveen.joshi28@gmail.com,9641199255,BATCH_22,EC,22EC005
Sanjay Krishnan,2007-11-06,FEMALE,sanjaykrishnan779@gmail.com,9322394780,BATCH_26,CI,26CI009
Vikram Joshi,2003-05-08,MALE,vikramjoshi@gmail.com,9276733022,BATCH_22,CD,22CD006
Om Sharma,2004-11-25,MALE,om_sharma@gmail.com,9477349431,BATCH_22,EC,22EC006
Arjun Patel,2006-10-15,FEMALE,arjun_patel@gmail.com,9638130326,BATCH_24,CD,24CD008
Kabir Joshi,2006-11-26,FEMALE,kabir_joshi@gmail.com,9808293807,BATCH_23,EE,23EE007
Divya Menon,2006-09-21,MALE,divya.menon17@gmail.com,9439537258,BATCH_24,CI,24CI002
Ishaan Sharma,2006-03-20,FEMALE,ishaan_sharma@gmail.com,9011041258,BATCH_23,EE,23EE008
Tarun Singh,2006-02-28,MALE,tarunsingh@gmail.com,9378049876,BATCH_25,EC,25EC005
Sanjay Naidu,2006-08-08,MALE,sanjay.naidu33@hotmail.com,9114358304,BATCH_25,CD,25CD004
Varun Devi,2008-02-07,MALE,varun.devi9@gmail.com,9682133851,BATCH_26,CD,26CD003
Abhinav Naidu,2006-03-12,MALE,abhinav.naidu@gmail.com,9443677041,BATCH_24,CI,24CI003
Sai Rao,2004-01-18,MALE,sai_rao@gmail.com,9806376315,BATCH_22,EE,22EE006
Abhinav Goud,2009-12-30,FEMALE,abhinavgoud122@gmail.com,9226230036,BATCH_27,CC,27CC002
Naveen Mohan,2007-01-28,FEMALE,naveenmohan611@yahoo.com,9828323089,BATCH_25,CI,25CI005
Rohan Joshi,2005-09-13,FEMALE,rohan.joshi67@gmail.com,9729420954,BATCH_23,CD,23CD003
Aditya Sharma,2005-01-05,MALE,adityasharma881@outlook.com,9546835652,BATCH_23,CD,23CD004
Rohan Yadav,2007-07-03,OTHER,rohanyadav583@hotmail.com,9690782394,BATCH_25,CC,25CC010
Pranav Chowdary,2008-03-22,MALE,pranavchowdary@gmail.com,9760250826,BATCH_25,CI,25CI006
Divya Babu,2005-07-10,MALE,divya.babu@gmail.com,9894773522,BATCH_24,EE,24EE007
Rakesh Pillai,2009-09-26,MALE,rakesh.pillai@gmail.com,9674047724,BATCH_27,CM,27CM006
Harini Iyer,2003-05-29,FEMALE,hiyer@gmail.com,9851116088,BATCH_22,CD,22CD007
Aarav Kumar,2009-08-15,FEMALE,aaravkumar@gmail.com,9365611874,BATCH_26,CD,26CD004
Siddharth Malhotra,2005-04-13,MALE,siddharth.malhotra37@gmail.com,9066248132,BATCH_23,CM,23CM003
Isha Mishra,2006-02-26,FEMALE,isha_mishra@gmail.com,9109005370,BATCH_23,CS,23CS002
Esha Reddy,2005-11-09,MALE,ereddy@yahoo.com,9146726088,BATCH_23,CI,23CI003
Tanvi Rao,2006-10-14,FEMALE,tanvi.rao@yahoo.com,9957986872,BATCH_25,EE,25EE004
Uday Krishnan,2007-02-12,MALE,uday_krishnan@gmail.com,9281442944,BATCH_25,CS,25CS009
Sanjay Mishra,2004-10-15,MALE,sanjaymishra@outlook.com,9053472839,BATCH_22,EC,22EC007
Abhinav Malhotra,2008-11-12,FEMALE,abhinavmalhotra767@yahoo.com,9052334750,BATCH_27,EC,27EC007
Uday Devi,2005-09-16,FEMALE,uday.devi57@outlook.com,9635912470,BATCH_22,EE,22EE007
Harini Nair,2008-04-09,FEMALE,harini_nair@gmail.com,9872621788,BATCH_25,CC,25CC011
Sai Chandra,2006-04-29,FEMALE,sai.chandra@gmail.com,9251454606,BATCH_24,CM,24CM006
Sanya Patel,2007-10-27,MALE,sanya_patel@gmail.com,9579474508,BATCH_25,EC,25EC006
Vihaan Mohan,2007-07-19,FEMALE,vihaanmohan@gmail.com,9665085624,BATCH_25,CC,25CC012
Tanvi Reddy,2008-10-04,FEMALE,tanvi.reddy@hotmail.com,9671172498,BATCH_26,EC,26EC008
Bhavya Iyer,2006-10-17,MALE,bhavya_iyer@hotmail.com,9754132630,BATCH_24,EC,24EC006
Karthik Prasad,2008-07-07,MALE,karthikprasad@gmail.com,9566847323,BATCH_25,CI,25CI007
Pranav Patel,2010-03-31,MALE,pranav_patel@gmail.com,9817717169,BATCH_27,EC,27EC008
Naveen Nair,2008-06-25,MALE,naveen.nair75@gmail.com,9872537172,BATCH_26,CS,26CS003
Vivaan Krishnan,2007-02-28,MALE,vivaan.krishnan61@hotmail.com,9340377917,BATCH_25,EC,25EC007
Kabir Krishnan,2009-10-21,FEMALE,kabirkrishnan@gmail.com,9110298493,BATCH_27,EC,27EC009
Varun Kapoor,2006-06-23,MALE,varun_kapoor@gmail.com,9735737952,BATCH_23,ME,23ME004
Tanvi Singh,2009-08-13,FEMALE,tanvisingh834@gmail.com,9627995530,BATCH_26,ME,26ME004
Harini Singh,2007-01-12,FEMALE,harini_singh@gmail.com,9640909743,BATCH_25,EE,25EE005
Gauri Iyer,2005-07-21,MALE,gauriiyer414@gmail.com,9005894551,BATCH_23,ME,23ME005
Vikram Prasad,2009-08-20,MALE,vikramprasad674@outlook.com,9825648586,BATCH_27,CI,27CI005
Om Pandey,2009-06-21,FEMALE,ompandey193@gmail.com,9033504680,BATCH_27,CD,27CD005
Sanya Malhotra,2007-01-06,MALE,smalhotra@gmail.com,9439792341,BATCH_24,EC,24EC007
Esha Mohan,2004-12-31,FEMALE,esha_mohan@gmail.com,9406942218,BATCH_23,ME,23ME006
Gauri Nair,2004-06-15,FEMALE,gnair@gmail.com,9198287048,BATCH_22,CD,22CD008
Ira Chandra,2005-08-23,MALE,ichandra@gmail.com,9692296258,BATCH_23,EE,23EE009
Krishna Reddy,2007-03-09,FEMALE,krishnareddy@gmail.com,9673920604,BATCH_25,ME,25ME003
Rakesh Sharma,2007-09-22,MALE,rakesh.sharma2@gmail.com,9990712996,BATCH_25,EC,25EC008
Tanvi Devi,2008-03-23,MALE,tanvi.devi@gmail.com,9176272438,BATCH_26,EC,26EC009
Meera Verma,2008-04-09,FEMALE,mverma@gmail.com,9588845775,BATCH_25,CC,25CC013
Divya Kapoor,2008-02-15,FEMALE,divya.kapoor91@gmail.com,9086226591,BATCH_26,EE,26EE012
Sai Joshi,2007-09-30,MALE,sai.joshi61@outlook.com,9706570244,BATCH_26,EE,26EE013
Jyoti Iyer,2009-11-30,FEMALE,jyotiiyer196@gmail.com,9449419964,BATCH_27,CM,27CM007
Naveen Naidu,2005-09-27,MALE,naveen.naidu@gmail.com,9603214465,BATCH_22,CI,22CI008
Rohan Raju,2010-04-15,MALE,rohanraju349@gmail.com,9704333318,BATCH_27,CC,27CC003
Lakshmi Krishnan,2009-10-02,MALE,lkrishnan@gmail.com,9870909042,BATCH_27,CD,27CD006
Om Joshi,2006-06-04,MALE,ojoshi@gmail.com,9448502461,BATCH_24,EC,24EC008
Harini Chandra,2005-02-21,FEMALE,harinichandra458@gmail.com,9476212286,BATCH_23,ME,23ME007
Vihaan Patel,2006-05-14,FEMALE,vihaanpatel566@gmail.com,9215291086,BATCH_25,CS,25CS010
Bhavya Pillai,2007-03-31,MALE,bhavyapillai@gmail.com,9130096258,BATCH_25,CI,25CI008
Chitra Yadav,2006-02-28,FEMALE,chitra.yadav31@hotmail.com,9173934835,BATCH_24,ME,24ME010
Gauri Verma,2005-03-23,FEMALE,gauri_verma@gmail.com,9105025381,BATCH_22,CD,22CD009
Uday Pillai,2007-11-01,FEMALE,uday.pillai91@yahoo.com,9190011284,BATCH_25,CC,25CC014
Naveen Reddy,2003-06-27,MALE,nreddy@gmail.com,9582323851,BATCH_22,ME,22ME006
Bhavya Babu,2007-01-01,MALE,bhavya.babu@hotmail.com,9665285300,BATCH_24,EC,24EC009
Aryan Pillai,2006-02-14,MALE,aryan.pillai@gmail.com,9970256236,BATCH_23,CI,23CI004
Aditi Devi,2010-12-22,FEMALE,aditidevi103@outlook.com,9575920985,BATCH_27,CS,27CS008
Krishna Menon,2008-01-18,FEMALE,krishnamenon@outlook.com,9393954983,BATCH_26,CD,26CD005
Tarun Reddy,2006-02-14,FEMALE,tarunreddy@gmail.com,9122528837,BATCH_25,CI,25CI009
Kabir Menon,2004-08-02,FEMALE,kabirmenon347@gmail.com,9450299718,BATCH_22,EE,22EE008
Riya Chowdary,2008-10-03,MALE,riya_chowdary@gmail.com,9533317147,BATCH_26,CM,26CM004
Om Chandra,2008-02-08,MALE,om_chandra@outlook.com,9729713115,BATCH_27,CD,27CD007
Jyoti Pandey,2003-12-28,MALE,jyotipandey500@gmail.com,9860995504,BATCH_22,CC,22CC005
Priya Gupta,2004-12-21,MALE,pgupta@gmail.com,9159698384,BATCH_23,EC,23EC004
Aditi Mohan,2008-01-14,MALE,amohan@gmail.com,9843372417,BATCH_26,CI,26CI010
Aditi Raju,2008-06-13,FEMALE,araju@gmail.com,9461992406,BATCH_26,ME,26ME005
Jyoti Babu,2007-01-15,FEMALE,jyotibabu@yahoo.com,9819005673,BATCH_25,EC,25EC009
Meera Rao,2007-08-09,MALE,meera_rao@gmail.com,9144129870,BATCH_25,ME,25ME004
Aditya Singh,2007-09-07,MALE,aditya_singh@yahoo.com,9127931082,BATCH_26,EC,26EC010
Naveen Naidu,2006-03-22,FEMALE,naveen.naidu32@gmail.com,9015336884,BATCH_24,ME,24ME011
Aditi Joshi,2009-03-01,FEMALE,aditijoshi@gmail.com,9910164608,BATCH_27,EE,27EE011
Vihaan Nair,2009-05-20,FEMALE,vnair@gmail.com,9093467541,BATCH_26,CC,26CC005
Nisha Gupta,2007-06-21,FEMALE,nishagupta@gmail.com,9088997558,BATCH_25,CM,25CM004
Aryan Mishra,2005-03-08,FEMALE,aryan_mishra@gmail.com,9761065087,BATCH_23,ME,23ME008
Diya Chowdary,2008-03-08,OTHER,diya_chowdary@gmail.com,9451825696,BATCH_26,CM,26CM005
Ananya Chandra,2007-09-15,FEMALE,ananya.chandra21@gmail.com,9320679981,BATCH_25,CS,25CS011
Dhruv Verma,2005-07-28,FEMALE,dverma@outlook.com,9843356708,BATCH_23,CD,23CD005
Chitra Desai,2005-08-10,FEMALE,chitra.desai89@hotmail.com,9357223152,BATCH_24,CS,24CS003
Rohan Kumar,2004-05-27,FEMALE,rohan.kumar26@outlook.com,9630896469,BATCH_23,CS,23CS003
Divya Singh,2009-04-23,FEMALE,divya_singh@gmail.com,9446332111,BATCH_27,EE,27EE012
Vivaan Kapoor,2006-03-24,FEMALE,vivaan.kapoor@gmail.com,9476605313,BATCH_24,EC,24EC010
Arjun Goud,2008-10-04,FEMALE,arjun_goud@hotmail.com,9441425336,BATCH_27,EE,27EE013
Kabir Reddy,2009-10-27,FEMALE,kreddy@gmail.com,9257789827,BATCH_27,CS,27CS009
Rakesh Naidu,2005-01-06,FEMALE,rakesh.naidu78@hotmail.com,9845078604,BATCH_22,CC,22CC006
Esha Gupta,2005-11-20,MALE,eshagupta@outlook.com,9955184269,BATCH_23,CD,23CD006
Varun Nair,2007-06-01,FEMALE,varunnair@gmail.com,9342464522,BATCH_25,CC,25CC015
Vikram Chandra,2007-10-05,FEMALE,vchandra@gmail.com,9067821417,BATCH_26,ME,26ME006
Isha Chandra,2009-11-13,FEMALE,ishachandra@yahoo.com,9919776385,BATCH_27,CI,27CI006
Zoya Iyer,2008-09-24,MALE,zoya.iyer@gmail.com,9571212270,BATCH_26,EE,26EE014
Divya Babu,2008-01-31,MALE,divyababu35@gmail.com,9895710706,BATCH_27,ME,27ME005
Yash Chowdary,2006-10-15,MALE,yash_chowdary@gmail.com,9474883607,BATCH_24,EE,24EE008
Aditi Pillai,2006-12-17,FEMALE,aditipillai@gmail.com,9353336941,BATCH_24,CI,24CI004
Aarav Mishra,2009-08-19,FEMALE,aarav_mishra@gmail.com,9953564411,BATCH_27,CI,27CI007
Vihaan Naidu,2007-11-28,MALE,vihaannaidu@gmail.com,9364238223,BATCH_24,EC,24EC011
Ira Iyer,2008-10-25,MALE,ira_iyer@gmail.com,9745935506,BATCH_26,CD,26CD006
Aarav Verma,2006-04-29,FEMALE,aarav.verma@yahoo.com,9584962003,BATCH_24,CI,24CI005
Isha Verma,2005-07-06,MALE,ishaverma@gmail.com,9053034658,BATCH_23,CS,23CS004
Reyansh Raju,2007-04-15,MALE,reyansh.raju93@outlook.com,9280325383,BATCH_24,CI,24CI006
Sanya Desai,2009-02-20,FEMALE,sanya.desai@hotmail.com,9553331793,BATCH_27,CM,27CM008
Nikhil Nair,2006-09-06,FEMALE,nikhilnair271@yahoo.com,9162996817,BATCH_24,CS,24CS004
Aryan Krishnan,2005-10-12,MALE,akrishnan@gmail.com,9816103763,BATCH_24,CD,24CD009
Sai Mishra,2007-03-15,MALE,smishra@gmail.com,9836796120,BATCH_26,CD,26CD007
Bhavya Kumar,2007-02-23,FEMALE,bhavyakumar@outlook.com,9575229508,BATCH_25,ME,25ME005
Zoya Patel,2008-08-14,MALE,zoyapatel906@gmail.com,9422332228,BATCH_26,ME,26ME007
Karthik Kapoor,2007-08-22,FEMALE,kkapoor@gmail.com,9511348657,BATCH_24,CS,24CS005
Naveen Malhotra,2006-09-19,MALE,nmalhotra@gmail.com,9847071176,BATCH_23,ME,23ME009
Meera Sharma,2009-07-30,MALE,meerasharma@gmail.com,9071241373,BATCH_27,CM,27CM009
Tanvi Prasad,2006-10-16,MALE,tanvi.prasad5@gmail.com,9792538412,BATCH_24,EC,24EC012
Kabir Chandra,2009-01-12,MALE,kabirchandra909@gmail.com,9424025554,BATCH_27,CC,27CC004
Manish Rani,2005-12-29,MALE,mrani@gmail.com,9861767043,BATCH_23,ME,23ME010
Aditi Devi,2008-04-21,MALE,aditidevi969@outlook.com,9394495300,BATCH_26,ME,26ME008
Manish Joshi,2004-12-19,MALE,manishjoshi@gmail.com,9483038606,BATCH_22,CD,22CD010
Diya Goud,2003-07-08,FEMALE,diya.goud84@outlook.com,9464137281,BATCH_22,CS,22CS004
Chitra Iyer,2010-05-10,FEMALE,ciyer@gmail.com,9975745684,BATCH_27,CI,27CI008
Abhinav Rani,2008-12-21,MALE,abhinavrani@gmail.com,9712656564,BATCH_26,CS,26CS004
Arjun Pillai,2005-09-18,FEMALE,arjun_pillai@outlook.com,9512590071,BATCH_23,ME,23ME011
Meera Prasad,2005-09-02,MALE,meera.prasad@gmail.com,9811411151,BATCH_23,ME,23ME012
Varun Mohan,2009-08-24,FEMALE,varun.mohan25@gmail.com,9464878207,BATCH_26,CI,26CI011
Aditya Malhotra,2005-07-31,MALE,amalhotra@gmail.com,9571918261,BATCH_24,ME,24ME012
Tarun Singh,2007-09-28,MALE,tarun_singh@gmail.com,9148185480,BATCH_26,EE,26EE015
Dhruv Menon,2005-06-29,FEMALE,dhruvmenon806@gmail.com,9575225013,BATCH_23,CM,23CM004
Diya Malhotra,2008-09-07,FEMALE,diyamalhotra@gmail.com,9910651064,BATCH_25,CD,25CD005
Chitra Babu,2006-05-07,FEMALE,chitrababu@gmail.com,9036132276,BATCH_24,CC,24CC007
Nikhil Malhotra,2009-04-29,MALE,nikhil_malhotra@yahoo.com,9562550135,BATCH_27,EC,27EC010
Nisha Rao,2004-12-15,MALE,nisharao134@outlook.com,9738185569,BATCH_22,CI,22CI009
Vihaan Prasad,2008-11-26,FEMALE,vprasad@gmail.com,9821651192,BATCH_27,CC,27CC005
Priya Krishnan,2007-05-07,MALE,priya_krishnan@outlook.com,9526821947,BATCH_25,CM,25CM005
Riya Singh,2005-05-04,MALE,riya_singh@yahoo.com,9415599910,BATCH_24,EE,24EE009
Sanjay Naidu,2006-01-31,FEMALE,sanjaynaidu@gmail.com,9029218515,BATCH_24,ME,24ME013
Reyansh Prasad,2007-03-02,MALE,reyansh.prasad@yahoo.com,9684959826,BATCH_26,CI,26CI012
Diya Nair,2006-08-15,OTHER,diyanair526@gmail.com,9324205703,BATCH_24,EC,24EC013
Vihaan Pillai,2007-05-19,FEMALE,vihaanpillai227@gmail.com,9846611771,BATCH_25,CC,25CC016
Om Mohan,2008-01-31,FEMALE,om_mohan@gmail.com,9757046483,BATCH_26,CI,26CI013
Meera Krishnan,2005-06-02,MALE,meera.krishnan4@gmail.com,9507356748,BATCH_22,CC,22CC007
Rohan Kapoor,2006-09-13,MALE,rohan.kapoor@outlook.com,9516480727,BATCH_24,EE,24EE010
Varun Kapoor,2008-05-18,MALE,varun.kapoor@gmail.com,9407211125,BATCH_26,EE,26EE016
Aditi Sharma,2006-01-23,MALE,aditisharma@gmail.com,9528359633,BATCH_23,CS,23CS005
Dhruv Babu,2008-05-29,FEMALE,dhruvbabu600@gmail.com,9290004766,BATCH_26,CD,26CD008
Dhruv Krishnan,2004-04-06,MALE,dhruvkrishnan612@yahoo.com,9676078368,BATCH_23,ME,23ME013
Sanjay Verma,2010-01-28,FEMALE,sanjay.verma65@gmail.com,9170781294,BATCH_27,CC,27CC006
Rohan Reddy,2006-04-13,MALE,rreddy@gmail.com,9065712875,BATCH_23,EE,23EE010
Aarav Mishra,2007-10-20,FEMALE,amishra@gmail.com,9306189200,BATCH_25,EC,25EC010
Arjun Chowdary,2004-09-15,MALE,arjunchowdary@outlook.com,9328997105,BATCH_23,EE,23EE011
Ananya Mishra,2007-12-31,MALE,ananya.mishra59@gmail.com,9465167921,BATCH_24,CI,24CI007
Sanya Rao,2007-09-15,MALE,sanya_rao@yahoo.com,9457208024,BATCH_25,EC,25EC011
Tarun Prasad,2006-02-02,FEMALE,tarunprasad@gmail.com,9863637454,BATCH_24,ME,24ME014
Varun Pandey,2004-08-15,MALE,varun.pandey@gmail.com,9189569070,BATCH_23,CD,23CD007
Nikhil Gupta,2007-03-13,MALE,nikhil.gupta@outlook.com,9930117968,BATCH_25,CC,25CC017
Arjun Krishnan,2007-11-29,FEMALE,arjunkrishnan@yahoo.com,9556821069,BATCH_26,EE,26EE017
Sanya Malhotra,2006-04-28,MALE,sanyamalhotra980@gmail.com,9651837047,BATCH_24,CI,24CI008
Krishna Naidu,2006-05-05,MALE,krishna.naidu86@gmail.com,9070095830,BATCH_24,EC,24EC014
Kabir Gupta,2006-09-27,FEMALE,kabir.gupta86@gmail.com,9521148460,BATCH_25,EC,25EC012
Tarun Kapoor,2004-08-23,MALE,tarun_kapoor@outlook.com,9935894414,BATCH_22,CI,22CI010
Om Verma,2005-11-07,MALE,omverma107@gmail.com,9818939720,BATCH_23,CC,23CC006
Nikhil Kapoor,2005-03-22,FEMALE,nikhil.kapoor20@gmail.com,9990348042,BATCH_22,EC,22EC008
Kavya Kapoor,2007-04-15,MALE,kavyakapoor359@gmail.com,9515347439,BATCH_25,ME,25ME006
Naveen Joshi,2010-10-22,FEMALE,naveenjoshi286@gmail.com,9412180525,BATCH_27,CC,27CC007
Abhinav Mishra,2007-08-06,MALE,abhinavmishra866@gmail.com,9876129767,BATCH_26,CS,26CS005
Sanya Raju,2004-08-20,MALE,sraju@hotmail.com,9700828639,BATCH_22,CM,22CM008
Zoya Pandey,2007-12-10,FEMALE,zpandey@gmail.com,9563836766,BATCH_26,CS,26CS006
Om Mishra,2008-05-27,MALE,ommishra@outlook.com,9945198327,BATCH_25,EE,25EE006
Harini Reddy,2009-05-07,MALE,harini_reddy@gmail.com,9765849014,BATCH_26,CS,26CS007
Om Patel,2008-02-16,MALE,ompatel@gmail.com,9836675254,BATCH_25,EE,25EE007
Uday Menon,2004-12-29,MALE,udaymenon@gmail.com,9436271213,BATCH_22,CM,22CM009
Lakshmi Goud,2005-04-18,FEMALE,lgoud@yahoo.com,9747669377,BATCH_24,EC,24EC015
Tanvi Devi,2009-08-02,MALE,tanvi.devi49@gmail.com,9264658899,BATCH_26,EC,26EC011
Manish Goud,2007-09-01,FEMALE,mgoud@gmail.com,9695887089,BATCH_25,EC,25EC013
Kabir Rao,2008-06-20,FEMALE,kabir.rao@gmail.com,9891704542,BATCH_26,ME,26ME009
Sai Verma,2007-05-28,MALE,saiverma162@outlook.com,9112412723,BATCH_25,CS,25CS012
Gauri Rani,2008-11-19,MALE,gauri.rani11@gmail.com,9281093199,BATCH_26,EE,26EE018
Ira Mishra,2003-09-28,MALE,ira.mishra63@gmail.com,9857938341,BATCH_22,CM,22CM010
Dhruv Rani,2004-07-05,MALE,dhruvrani774@gmail.com,9528400353,BATCH_22,CI,22CI011
Yash Krishnan,2009-02-01,FEMALE,yash_krishnan@gmail.com,9779977222,BATCH_26,CS,26CS008
Abhinav Malhotra,2010-01-28,FEMALE,abhinavmalhotra499@gmail.com,9178462742,BATCH_27,CM,27CM010
Vihaan Reddy,2005-07-31,OTHER,vihaan.reddy6@gmail.com,9512201635,BATCH_23,EE,23EE012
Meera Gupta,2006-03-31,FEMALE,meeragupta@hotmail.com,9849718594,BATCH_23,CD,23CD008
Karthik Menon,2007-10-07,FEMALE,karthikmenon@gmail.com,9736314931,BATCH_24,CD,24CD010
Arjun Chowdary,2008-02-29,FEMALE,arjun.chowdary@yahoo.com,9420768170,BATCH_27,CM,27CM011
Priya Patel,2005-02-08,MALE,priyapatel@gmail.com,9079450985,BATCH_22,CI,22CI012
Sanjay Singh,2008-01-14,MALE,sanjaysingh@gmail.com,9350836860,BATCH_26,EE,26EE019
Rakesh Naidu,2006-11-09,FEMALE,rakesh_naidu@gmail.com,9076191814,BATCH_25,ME,25ME007
Manish Raju,2006-02-16,FEMALE,manish.raju95@gmail.com,9727552589,BATCH_25,CC,25CC018
Aarav Kumar,2005-06-18,MALE,aarav_kumar@gmail.com,9627831234,BATCH_22,EE,22EE009
Aditi Naidu,2006-09-21,FEMALE,anaidu@gmail.com,9596263013,BATCH_23,CD,23CD009
Jyoti Babu,2003-10-07,MALE,jyoti.babu38@gmail.com,9216119958,BATCH_22,EE,22EE010
Isha Nair,2006-02-13,FEMALE,ishanair176@gmail.com,9123646285,BATCH_24,CS,24CS006
Sai Iyer,2008-12-18,FEMALE,sai_iyer@gmail.com,9551095425,BATCH_25,EC,25EC014
Tarun Raju,2009-08-11,MALE,tarun.raju14@gmail.com,9305128163,BATCH_27,ME,27ME006
Priya Chandra,2006-04-02,FEMALE,priya.chandra68@gmail.com,9588744956,BATCH_24,ME,24ME015
Priya Joshi,2003-04-18,FEMALE,priyajoshi@outlook.com,9173066293,BATCH_22,CC,22CC008
Aditi Joshi,2010-03-07,MALE,aditijoshi79@gmail.com,9424598947,BATCH_27,CS,27CS010
Bhavya Babu,2007-11-01,MALE,bhavyababu@gmail.com,9645876694,BATCH_25,CD,25CD006
Gauri Gupta,2006-09-25,FEMALE,ggupta@outlook.com,9442342238,BATCH_24,CM,24CM007
Lakshmi Kapoor,2005-01-04,FEMALE,lakshmikapoor@hotmail.com,9530361004,BATCH_24,CC,24CC008
Harini Mishra,2008-02-03,MALE,harinimishra@gmail.com,9298249220,BATCH_26,CM,26CM006
Vihaan Nair,2005-06-15,MALE,vihaan.nair@gmail.com,9160232510,BATCH_22,EC,22EC009
Naveen Chandra,2009-12-04,MALE,naveen.chandra99@gmail.com,9136260846,BATCH_26,ME,26ME010
Uday Kapoor,2009-08-05,MALE,udaykapoor779@gmail.com,9534254228,BATCH_27,CD,27CD008
Dhruv Menon,2008-12-27,FEMALE,dmenon@gmail.com,9457244917,BATCH_27,ME,27ME007
Pranav Patel,2008-03-27,MALE,ppatel@hotmail.com,9069535412,BATCH_26,ME,26ME011
Sanya Prasad,2007-01-18,FEMALE,sanya.prasad57@gmail.com,9490824043,BATCH_24,ME,24ME016
Bhavya Rani,2007-10-08,MALE,bhavya_rani@gmail.com,9859377533,BATCH_24,CS,24CS007
Aditi Rao,2007-07-11,FEMALE,aditi.rao@gmail.com,9876012133,BATCH_26,CD,26CD009
Rahul Raju,2009-07-16,MALE,rahul.raju@gmail.com,9945296724,BATCH_26,EE,26EE020
Isha Joshi,2006-05-20,MALE,ijoshi@gmail.com,9348679183,BATCH_24,CM,24CM008
Gauri Iyer,2010-03-16,FEMALE,gauriiyer630@outlook.com,9030433077,BATCH_27,EC,27EC011
Vivaan Chandra,2004-01-20,MALE,vivaanchandra595@gmail.com,9132142334,BATCH_22,CM,22CM011
Zoya Goud,2006-01-22,MALE,zoya.goud@hotmail.com,9804298602,BATCH_24,CM,24CM009
Tarun Yadav,2005-12-20,MALE,tarunyadav@gmail.com,9436644690,BATCH_22,EE,22EE011
Nikhil Kapoor,2006-05-12,MALE,nikhilkapoor@gmail.com,9348891900,BATCH_24,CI,24CI009
Riya Mohan,2008-11-03,FEMALE,riya_mohan@hotmail.com,9229533861,BATCH_26,CC,26CC006
Vivaan Desai,2009-12-15,FEMALE,vdesai@hotmail.com,9933207625,BATCH_26,CI,26CI014
Abhinav Raju,2007-09-16,FEMALE,abhinav.raju32@gmail.com,9042022305,BATCH_24,CD,24CD011
Abhinav Patel,2008-06-04,FEMALE,abhinavpatel536@hotmail.com,9436995777,BATCH_25,EE,25EE008
Rahul Chandra,2005-10-11,FEMALE,rahul_chandra@gmail.com,9269299007,BATCH_23,EC,23EC005
Rohan Chandra,2008-03-08,FEMALE,rohanchandra696@gmail.com,9740647088,BATCH_26,CI,26CI015
Gauri Singh,2004-10-02,FEMALE,gauri_singh@gmail.com,9396607344,BATCH_22,CC,22CC009
Abhinav Joshi,2007-04-29,MALE,ajoshi@gmail.com,9451995508,BATCH_26,EC,26EC012
Aarav Goud,2004-05-10,FEMALE,agoud@gmail.com,9423416870,BATCH_22,CM,22CM012
Vihaan Iyer,2009-04-30,FEMALE,vihaaniyer@hotmail.com,9509269252,BATCH_27,CD,27CD009
Esha Reddy,2010-09-28,MALE,eshareddy@gmail.com,9127274600,BATCH_27,CD,27CD010
Priya Pillai,2006-11-05,FEMALE,ppillai@outlook.com,9326834870,BATCH_24,CD,24CD012
Zoya Rao,2005-11-05,MALE,zoyarao133@gmail.com,9545089203,BATCH_23,CD,23CD010
Chitra Babu,2003-01-22,FEMALE,chitrababu318@yahoo.com,9406267491,BATCH_22,ME,22ME007
Sanya Babu,2010-10-25,MALE,sanyababu@gmail.com,9024161772,BATCH_27,EC,27EC012
Bhavya Krishnan,2006-01-13,FEMALE,bhavyakrishnan702@gmail.com,9583269736,BATCH_23,EE,23EE013
Divya Patel,2007-06-15,MALE,divyapatel434@gmail.com,9322307248,BATCH_26,CM,26CM007
Kavya Pandey,2009-06-03,FEMALE,kavyapandey@gmail.com,9582737204,BATCH_27,CD,27CD011
Aditi Joshi,2007-11-16,FEMALE,aditi.joshi44@hotmail.com,9087333816,BATCH_25,CC,25CC019
Karthik Raju,2007-11-15,FEMALE,karthik.raju@gmail.com,9213701832,BATCH_24,CS,24CS008
Divya Goud,2008-12-23,MALE,divyagoud520@gmail.com,9297867154,BATCH_26,EC,26EC013
Nisha Desai,2007-01-10,FEMALE,ndesai@outlook.com,9715969664,BATCH_25,EE,25EE009
Rakesh Pandey,2003-09-22,FEMALE,rakeshpandey@gmail.com,9795312040,BATCH_22,CC,22CC010
Varun Joshi,2008-03-25,MALE,varunjoshi@gmail.com,9499471746,BATCH_25,EE,25EE010
Esha Desai,2009-10-26,FEMALE,eshadesai@outlook.com,9646738656,BATCH_27,CC,27CC008
Nisha Raju,2007-09-29,FEMALE,nisha_raju@yahoo.com,9544305236,BATCH_25,CM,25CM006
Gauri Kumar,2008-11-03,MALE,gauri.kumar31@gmail.com,9226042172,BATCH_26,CD,26CD010
Ishaan Mohan,2009-12-10,MALE,ishaan.mohan97@gmail.com,9461438381,BATCH_27,CI,27CI009
Siddharth Prasad,2006-06-26,FEMALE,siddharth.prasad31@gmail.com,9414556473,BATCH_24,CD,24CD013
Krishna Naidu,2006-02-10,FEMALE,knaidu@outlook.com,9304488189,BATCH_25,CI,25CI010
Rakesh Reddy,2006-07-14,MALE,rakesh_reddy@outlook.com,9915594284,BATCH_24,ME,24ME017
Krishna Desai,2007-05-23,MALE,krishna.desai65@yahoo.com,9967294279,BATCH_24,CI,24CI010
Rohan Sharma,2008-04-14,MALE,rohansharma821@hotmail.com,9563974892,BATCH_25,CD,25CD007
Nisha Iyer,2005-07-21,FEMALE,niyer@gmail.com,9969729006,BATCH_23,CS,23CS006
Rohan Joshi,2009-07-02,MALE,rohan.joshi@gmail.com,9347137915,BATCH_27,CS,27CS011
Om Devi,2007-05-19,MALE,om.devi@yahoo.com,9878677711,BATCH_26,CI,26CI016
Nisha Pandey,2005-08-10,FEMALE,nisha_pandey@gmail.com,9505714374,BATCH_22,CM,22CM013
Naveen Prasad,2008-09-14,MALE,naveen.prasad66@gmail.com,9365670719,BATCH_26,CM,26CM008
Sanjay Kapoor,2008-04-21,MALE,sanjay.kapoor29@gmail.com,9868226723,BATCH_27,CD,27CD012
Varun Joshi,2007-04-07,FEMALE,varun.joshi@outlook.com,9616726877,BATCH_24,CM,24CM010
Ananya Reddy,2007-05-06,FEMALE,ananya.reddy48@gmail.com,9321012546,BATCH_25,ME,25ME008
Siddharth Raju,2007-03-05,FEMALE,siddharth.raju@hotmail.com,9429503369,BATCH_24,CI,24CI011
Rakesh Mohan,2007-10-15,MALE,rmohan@gmail.com,9931992550,BATCH_24,EE,24EE011
Kavya Kumar,2004-08-14,FEMALE,kavya.kumar@gmail.com,9410301135,BATCH_22,ME,22ME008
Uday Gupta,2008-02-08,MALE,udaygupta@gmail.com,9160124036,BATCH_26,EE,26EE021
Sai Sharma,2004-04-07,MALE,saisharma460@yahoo.com,9533964144,BATCH_22,CS,22CS005
Varun Mohan,2005-07-29,MALE,varun_mohan@gmail.com,9781382311,BATCH_24,CC,24CC009
Jyoti Babu,2009-10-02,FEMALE,jbabu@gmail.com,9788431074,BATCH_27,EC,27EC013
Riya Verma,2010-07-07,MALE,riya_verma@gmail.com,9418822870,BATCH_27,CD,27CD013
Nisha Chandra,2006-01-02,FEMALE,nishachandra@gmail.com,9964057876,BATCH_24,EC,24EC016
Om Prasad,2006-05-05,MALE,om.prasad@gmail.com,9159964608,BATCH_24,EC,24EC017
Riya Krishnan,2006-11-23,FEMALE,riyakrishnan612@gmail.com,9859074294,BATCH_25,CD,25CD008
Rakesh Krishnan,2006-12-06,MALE,rakeshkrishnan@gmail.com,9863583492,BATCH_24,CD,24CD014
Vikram Yadav,2004-03-30,FEMALE,vikram.yadav@yahoo.com,9032544081,BATCH_22,EE,22EE012
Naveen Chowdary,2008-10-23,MALE,naveen.chowdary31@gmail.com,9978831662,BATCH_27,CS,27CS012
Sanjay Rani,2006-10-16,FEMALE,sanjayrani88@gmail.com,9294583618,BATCH_24,CD,24CD015
Dhruv Devi,2005-11-17,FEMALE,dhruvdevi977@hotmail.com,9288619576,BATCH_24,ME,24ME018
Lakshmi Menon,2007-03-30,MALE,lakshmi.menon@gmail.com,9166095238,BATCH_25,CM,25CM007
Ira Goud,2005-05-16,FEMALE,igoud@gmail.com,9171019154,BATCH_22,EE,22EE013
Ira Mohan,2004-06-19,MALE,imohan@gmail.com,9633879332,BATCH_22,CM,22CM014
Divya Rao,2004-02-21,MALE,divyarao@gmail.com,9073367333,BATCH_23,ME,23ME014
Reyansh Sharma,2005-05-22,MALE,reyanshsharma107@yahoo.com,9646389892,BATCH_23,EE,23EE014
Om Malhotra,2004-03-24,FEMALE,om.malhotra@yahoo.com,9536909123,BATCH_22,CC,22CC011
Vivaan Sharma,2005-02-20,FEMALE,vsharma@gmail.com,9484894654,BATCH_24,CC,24CC010
Aryan Raju,2008-11-04,MALE,aryan.raju88@gmail.com,9338041917,BATCH_26,CM,26CM009
Rahul Verma,2005-11-01,FEMALE,rverma@gmail.com,9230731397,BATCH_24,EC,24EC018
Harini Menon,2009-07-04,FEMALE,harini_menon@yahoo.com,9846420181,BATCH_27,CM,27CM012
Siddharth Chandra,2007-09-22,FEMALE,siddharth.chandra@gmail.com,9588770435,BATCH_24,ME,24ME019
Sai Sharma,2007-12-09,MALE,sai.sharma40@gmail.com,9272557301,BATCH_25,CM,25CM008
Sanya Joshi,2004-11-17,FEMALE,sanya_joshi@hotmail.com,9821062612,BATCH_22,CI,22CI013
Aarav Pillai,2008-06-08,MALE,aarav_pillai@gmail.com,9836874777,BATCH_25,CD,25CD009
Jyoti Pandey,2008-06-07,FEMALE,jpandey@gmail.com,9388733462,BATCH_26,CD,26CD011
Kavya Raju,2006-10-08,OTHER,kavya_raju@gmail.com,9689268551,BATCH_24,CS,24CS009
Om Chandra,2005-09-21,FEMALE,om.chandra52@gmail.com,9116550891,BATCH_23,EE,23EE015
Sai Rani,2008-01-01,MALE,sairani@outlook.com,9700227962,BATCH_26,CS,26CS009
Vikram Joshi,2006-05-12,MALE,vikramjoshi377@gmail.com,9951632111,BATCH_25,CI,25CI011
Zoya Iyer,2004-08-25,FEMALE,zoya.iyer11@gmail.com,9170864942,BATCH_22,CC,22CC012
Pranav Goud,2006-03-15,OTHER,pranavgoud@gmail.com,9446265561,BATCH_24,CC,24CC011
Kavya Prasad,2005-04-18,OTHER,kavya.prasad@gmail.com,9848111570,BATCH_23,CC,23CC007
Ishaan Menon,2006-02-19,FEMALE,ishaan.menon38@gmail.com,9709217645,BATCH_23,CC,23CC008
Manish Desai,2006-02-25,OTHER,mdesai@gmail.com,9987599732,BATCH_25,CM,25CM009
Riya Nair,2008-01-04,MALE,rnair@gmail.com,9161706491,BATCH_26,CS,26CS010
Siddharth Malhotra,2005-01-16,MALE,siddharth.malhotra46@outlook.com,9189159910,BATCH_23,CS,23CS007
Sai Devi,2005-05-07,OTHER,sdevi@gmail.com,9444859007,BATCH_23,ME,23ME015
Varun Devi,2005-01-21,MALE,vdevi@gmail.com,9821398654,BATCH_23,EC,23EC006
Rohan Kapoor,2005-07-09,MALE,rohankapoor147@gmail.com,9765728941,BATCH_24,EE,24EE012
Ishaan Krishnan,2008-06-07,FEMALE,ishaankrishnan@gmail.com,9678669125,BATCH_25,EE,25EE011
Vihaan Goud,2009-12-22,FEMALE,vihaan_goud@gmail.com,9285404026,BATCH_27,ME,27ME008
Ishaan Menon,2007-01-09,FEMALE,ishaanmenon34@gmail.com,9011314644,BATCH_25,ME,25ME009
Dhruv Yadav,2005-10-02,MALE,dhruv_yadav@gmail.com,9186842563,BATCH_23,ME,23ME016
Naveen Devi,2008-12-02,MALE,naveendevi79@gmail.com,9814493289,BATCH_26,CD,26CD012
Sanjay Gupta,2005-02-13,MALE,sanjay_gupta@gmail.com,9231424130,BATCH_23,ME,23ME017
Riya Kumar,2004-09-19,FEMALE,riya.kumar@gmail.com,9988239162,BATCH_22,CS,22CS006
Siddharth Chandra,2004-12-29,FEMALE,siddharthchandra512@gmail.com,9420848139,BATCH_22,CD,22CD011
Priya Naidu,2007-11-27,MALE,priya_naidu@gmail.com,9352601772,BATCH_26,EC,26EC014
Aditya Gupta,2006-06-27,MALE,adityagupta@yahoo.com,9872441113,BATCH_25,CC,25CC020
Uday Goud,2004-03-26,MALE,uday.goud37@hotmail.com,9787711278,BATCH_22,CI,22CI014
Naveen Krishnan,2009-02-23,MALE,naveen.krishnan@gmail.com,9727482151,BATCH_26,CS,26CS011
Uday Singh,2005-11-25,MALE,uday.singh@gmail.com,9916016923,BATCH_23,CD,23CD011
Nisha Yadav,2009-10-01,MALE,nisha_yadav@yahoo.com,9841017958,BATCH_27,EE,27EE014
Nikhil Rani,2009-01-20,FEMALE,nikhil_rani@yahoo.com,9631755297,BATCH_27,CC,27CC009
Zoya Rani,2007-02-22,MALE,zrani@outlook.com,9328338988,BATCH_25,CS,25CS013
Meera Raju,2007-05-28,FEMALE,meera_raju@outlook.com,9573216502,BATCH_26,CM,26CM010
Aditya Chowdary,2007-07-04,FEMALE,adityachowdary@gmail.com,9098055644,BATCH_25,ME,25ME010
Abhinav Raju,2006-03-31,MALE,abhinav_raju@gmail.com,9161060655,BATCH_23,ME,23ME018
Karthik Verma,2007-09-07,MALE,karthikverma479@gmail.com,9041151669,BATCH_26,CI,26CI017
Sai Prasad,2008-03-10,OTHER,sai_prasad@gmail.com,9133058789,BATCH_26,EC,26EC015
Ira Gupta,2004-02-29,MALE,ira.gupta92@gmail.com,9614538747,BATCH_22,CM,22CM015
Priya Chandra,2004-04-08,FEMALE,priyachandra420@gmail.com,9628969645,BATCH_23,CM,23CM005
Rohan Babu,2008-03-31,FEMALE,rohan.babu@gmail.com,9247760382,BATCH_26,CS,26CS012
Rohan Prasad,2007-05-29,FEMALE,rohan_prasad@gmail.com,9630594156,BATCH_25,EC,25EC015
Zoya Krishnan,2009-08-05,FEMALE,zoyakrishnan656@gmail.com,9699768160,BATCH_27,CC,27CC010
Aryan Kumar,2009-02-14,FEMALE,aryankumar444@gmail.com,9808226799,BATCH_27,CC,27CC011
Diya Prasad,2004-04-27,OTHER,diya.prasad@outlook.com,9267148581,BATCH_22,EC,22EC010
Tarun Raju,2008-04-19,MALE,tarunraju@gmail.com,9436594702,BATCH_26,EE,26EE022
Sai Kapoor,2007-10-13,MALE,sai_kapoor@gmail.com,9015988510,BATCH_25,CC,25CC021
Riya Rao,2004-02-22,FEMALE,riya_rao@outlook.com,9444718939,BATCH_23,EC,23EC007
Bhavya Desai,2003-09-07,FEMALE,bdesai@outlook.com,9245284135,BATCH_22,CC,22CC013
Uday Yadav,2006-01-21,FEMALE,uyadav@hotmail.com,9373145303,BATCH_24,ME,24ME020
Priya Sharma,2005-11-04,FEMALE,priyasharma96@gmail.com,9898962867,BATCH_23,EE,23EE016
Nisha Pandey,2009-09-26,FEMALE,nishapandey965@gmail.com,9972249761,BATCH_27,EC,27EC014
Manish Verma,2006-07-12,MALE,manishverma640@gmail.com,9572240299,BATCH_24,EE,24EE013
Ishaan Singh,2006-05-31,FEMALE,ishaan.singh@gmail.com,9232894633,BATCH_25,CI,25CI012
Riya Prasad,2009-12-03,MALE,riyaprasad790@gmail.com,9700826374,BATCH_27,CD,27CD014
Abhinav Nair,2006-11-12,FEMALE,abhinavnair786@gmail.com,9750530833,BATCH_24,CC,24CC012
Ira Devi,2007-05-20,FEMALE,ira.devi82@gmail.com,9698732975,BATCH_26,EC,26EC016
Aditya Sharma,2008-08-12,MALE,asharma@outlook.com,9156636856,BATCH_26,CI,26CI018
Arjun Joshi,2004-01-23,MALE,ajoshi@hotmail.com,9371912759,BATCH_23,CC,23CC009
Divya Malhotra,2006-08-17,MALE,dmalhotra@gmail.com,9799324696,BATCH_24,CS,24CS010
Uday Naidu,2004-10-21,MALE,uday.naidu57@gmail.com,9419087886,BATCH_22,CC,22CC014
Dhruv Pandey,2007-09-08,MALE,dhruvpandey@gmail.com,9572668490,BATCH_25,EC,25EC016
Isha Rani,2008-06-11,MALE,irani@gmail.com,9868623785,BATCH_26,CS,26CS013
Nikhil Naidu,2005-07-02,MALE,nikhil.naidu45@hotmail.com,9357953945,BATCH_22,EE,22EE014
Aryan Kumar,2008-07-15,FEMALE,aryankumar528@gmail.com,9941235288,BATCH_27,CM,27CM013
Vivaan Kapoor,2006-09-18,MALE,vivaan_kapoor@gmail.com,9406548855,BATCH_23,CC,23CC010
Rakesh Sharma,2009-10-04,FEMALE,rakesh.sharma@gmail.com,9493917826,BATCH_27,EC,27EC015
Sai Kapoor,2008-12-06,MALE,saikapoor885@gmail.com,9977115062,BATCH_26,CC,26CC007
Harini Naidu,2005-12-31,MALE,harini_naidu@gmail.com,9537621098,BATCH_24,CI,24CI012
Tanvi Reddy,2004-06-21,OTHER,tanvireddy@outlook.com,9152709823,BATCH_23,ME,23ME019
Ira Malhotra,2006-02-05,MALE,ira.malhotra64@yahoo.com,9408307090,BATCH_24,CD,24CD016
Esha Kapoor,2008-02-24,MALE,esha.kapoor@gmail.com,9764399606,BATCH_25,CC,25CC022
Isha Singh,2005-09-12,MALE,isha.singh51@gmail.com,9883777204,BATCH_24,CI,24CI013
Rakesh Gupta,2007-02-17,FEMALE,rakesh_gupta@hotmail.com,9342773235,BATCH_25,EC,25EC017
Vivaan Malhotra,2006-05-15,FEMALE,vivaanmalhotra507@gmail.com,9930596601,BATCH_24,EE,24EE014
Ananya Kumar,2006-02-14,MALE,ananya.kumar84@outlook.com,9090429856,BATCH_25,CC,25CC023
Sanya Mohan,2008-02-14,FEMALE,sanya.mohan@gmail.com,9961499014,BATCH_26,EC,26EC017
Ananya Yadav,2005-04-20,FEMALE,ananya_yadav@gmail.com,9027466499,BATCH_22,CM,22CM016
Reyansh Rao,2003-03-19,MALE,reyansh.rao47@yahoo.com,9571483050,BATCH_22,ME,22ME009
Rohan Yadav,2007-08-27,FEMALE,rohan_yadav@gmail.com,9818913718,BATCH_25,CS,25CS014
Gauri Desai,2006-08-20,MALE,gauridesai396@gmail.com,9997281561,BATCH_24,EC,24EC019
Vikram Naidu,2005-11-11,MALE,vikramnaidu287@gmail.com,9365883499,BATCH_23,EE,23EE017
Sanjay Rani,2007-09-03,MALE,sanjay.rani@gmail.com,9522625548,BATCH_25,CC,25CC024
Arjun Desai,2009-11-02,FEMALE,arjun_desai@gmail.com,9383115924,BATCH_27,CS,27CS013
Lakshmi Raju,2006-11-20,FEMALE,lakshmiraju617@yahoo.com,9460260930,BATCH_24,CM,24CM011
Meera Sharma,2009-08-27,FEMALE,meera.sharma@gmail.com,9443593457,BATCH_27,ME,27ME009
Priya Gupta,2004-11-24,FEMALE,priya.gupta43@gmail.com,9691008224,BATCH_22,EC,22EC011
Krishna Yadav,2003-05-02,FEMALE,krishnayadav621@gmail.com,9896763536,BATCH_22,EC,22EC012
Sai Singh,2005-08-08,MALE,saisingh@gmail.com,9026761518,BATCH_23,CI,23CI005
Siddharth Rani,2006-08-05,MALE,siddharth_rani@gmail.com,9707167148,BATCH_25,ME,25ME011
Sanya Chandra,2004-12-10,FEMALE,sanyachandra849@gmail.com,9698585749,BATCH_23,CC,23CC011
Tanvi Patel,2009-12-20,FEMALE,tanvi_patel@gmail.com,9634470944,BATCH_26,CD,26CD013
Sanya Prasad,2008-05-05,FEMALE,sanya_prasad@gmail.com,9886086803,BATCH_25,CS,25CS015
Pranav Chowdary,2007-06-04,MALE,pranav_chowdary@gmail.com,9291846122,BATCH_26,CD,26CD014
Arjun Chandra,2003-01-07,FEMALE,achandra@yahoo.com,9695131914,BATCH_22,CS,22CS007
Vivaan Babu,2009-06-19,FEMALE,vivaan_babu@gmail.com,9801517642,BATCH_27,CC,27CC012
Chitra Pandey,2008-03-22,FEMALE,chitrapandey@hotmail.com,9099069319,BATCH_26,CC,26CC008
Ananya Reddy,2007-11-27,MALE,ananyareddy@yahoo.com,9411371346,BATCH_25,EC,25EC018
Sanya Joshi,2010-08-10,MALE,sanya.joshi93@gmail.com,9508598594,BATCH_27,CS,27CS014
Isha Reddy,2004-10-22,MALE,isha.reddy@gmail.com,9744625653,BATCH_22,CM,22CM017
Tanvi Krishnan,2009-02-20,MALE,tanvikrishnan@gmail.com,9279948544,BATCH_27,CS,27CS015
Siddharth Verma,2008-01-18,MALE,siddharthverma@gmail.com,9208967604,BATCH_25,ME,25ME012
Pranav Pillai,2007-10-26,FEMALE,pranavpillai421@gmail.com,9707119895,BATCH_25,ME,25ME013
Ananya Chandra,2008-05-24,MALE,ananya.chandra@yahoo.com,9906279602,BATCH_26,CC,26CC009
Vikram Mohan,2008-12-26,MALE,vikrammohan213@yahoo.com,9068312928,BATCH_26,CI,26CI019
Om Pillai,2005-09-01,FEMALE,ompillai490@gmail.com,9599353849,BATCH_24,CM,24CM012
Ananya Chandra,2004-06-09,FEMALE,ananyachandra471@gmail.com,9496716089,BATCH_23,CI,23CI006
Aryan Gupta,2007-03-01,MALE,agupta@gmail.com,9167374976,BATCH_25,CC,25CC025
Manish Singh,2004-09-25,MALE,manishsingh271@gmail.com,9172673129,BATCH_22,EE,22EE015
Sanya Babu,2008-01-22,FEMALE,sanyababu286@gmail.com,9045840892,BATCH_25,EC,25EC019
Kavya Mishra,2006-02-02,FEMALE,kavya_mishra@gmail.com,9863878294,BATCH_24,ME,24ME021
Isha Gupta,2004-09-28,MALE,isha.gupta89@yahoo.com,9015115385,BATCH_22,CM,22CM018
Gauri Mishra,2007-12-22,FEMALE,gmishra@gmail.com,9666884331,BATCH_24,CI,24CI014
Reyansh Verma,2007-02-07,FEMALE,reyanshverma588@gmail.com,9261632488,BATCH_25,CI,25CI013
Harini Singh,2007-06-26,MALE,harinisingh@gmail.com,9723230070,BATCH_25,ME,25ME014
Naveen Krishnan,2008-09-25,MALE,nkrishnan@gmail.com,9775445847,BATCH_27,CC,27CC013
Esha Pillai,2004-12-14,OTHER,esha_pillai@gmail.com,9158968594,BATCH_23,CI,23CI007
Chitra Goud,2007-09-06,MALE,chitragoud207@yahoo.com,9981238780,BATCH_25,CS,25CS016
Lakshmi Chandra,2007-10-05,FEMALE,lakshmi_chandra@gmail.com,9585424932,BATCH_25,CS,25CS017
Aryan Gupta,2008-01-01,FEMALE,aryangupta759@gmail.com,9640641231,BATCH_26,CS,26CS014
Dhruv Nair,2005-02-07,FEMALE,dhruvnair686@gmail.com,9978728217,BATCH_23,ME,23ME020
Divya Yadav,2004-03-24,MALE,divya.yadav@gmail.com,9298359667,BATCH_22,EC,22EC013
Kabir Reddy,2004-12-04,FEMALE,kabir.reddy@gmail.com,9833354011,BATCH_22,EC,22EC014
Nikhil Krishnan,2005-05-05,FEMALE,nikhilkrishnan6@gmail.com,9503336564,BATCH_23,CS,23CS008
Gauri Nair,2006-04-01,MALE,gnair@hotmail.com,9410261534,BATCH_23,CD,23CD012
Arjun Kapoor,2005-09-13,MALE,akapoor@outlook.com,9574922200,BATCH_24,CM,24CM013
Kavya Naidu,2008-10-14,FEMALE,knaidu@gmail.com,9325381793,BATCH_25,CS,25CS018
Sanjay Desai,2005-01-21,MALE,sdesai@gmail.com,9377731102,BATCH_24,CI,24CI015
Sanya Raju,2004-11-17,MALE,sanya.raju@gmail.com,9691715912,BATCH_22,EE,22EE016
Isha Menon,2007-01-25,FEMALE,ishamenon@outlook.com,9676267658,BATCH_24,ME,24ME022
Sanya Joshi,2006-04-27,MALE,sanya.joshi5@outlook.com,9922689495,BATCH_25,ME,25ME015
Uday Chandra,2004-07-10,MALE,uchandra@yahoo.com,9787036860,BATCH_22,CC,22CC015
Ananya Yadav,2008-04-12,FEMALE,ananya.yadav@hotmail.com,9207560526,BATCH_25,CD,25CD010
Sanya Singh,2007-03-03,FEMALE,sanya.singh@gmail.com,9230348990,BATCH_25,CM,25CM010
Riya Desai,2005-08-30,FEMALE,riya.desai43@outlook.com,9385512817,BATCH_23,EC,23EC008
Abhinav Mohan,2007-05-26,FEMALE,abhinav.mohan70@hotmail.com,9788728743,BATCH_25,EE,25EE012
Arjun Rao,2004-09-04,MALE,arjunrao872@outlook.com,9677379889,BATCH_22,CD,22CD012
Priya Chandra,2007-05-05,FEMALE,priya.chandra@gmail.com,9435175183,BATCH_25,EE,25EE013
Rohan Chandra,2005-11-14,FEMALE,rchandra@gmail.com,9881594560,BATCH_23,EE,23EE018
Vihaan Verma,2004-03-27,FEMALE,vverma@gmail.com,9285024715,BATCH_22,CM,22CM019
Rahul Singh,2009-09-12,MALE,rsingh@gmail.com,9013632493,BATCH_27,EE,27EE015
Isha Menon,2008-07-09,FEMALE,imenon@yahoo.com,9262289810,BATCH_26,CD,26CD015
Bhavya Chowdary,2005-08-24,MALE,bhavya_chowdary@outlook.com,9841383127,BATCH_24,CD,24CD017
Rohan Singh,2008-03-20,MALE,rohansingh@gmail.com,9536127698,BATCH_25,EC,25EC020
Karthik Nair,2004-05-04,FEMALE,karthiknair@hotmail.com,9019965724,BATCH_22,ME,22ME010
Reyansh Verma,2005-11-01,OTHER,reyansh.verma50@gmail.com,9060467932,BATCH_23,CI,23CI008
Tarun Prasad,2006-07-03,MALE,tarunprasad310@yahoo.com,9883586812,BATCH_24,EE,24EE015
Lakshmi Gupta,2009-10-07,FEMALE,lgupta@yahoo.com,9188758158,BATCH_27,ME,27ME010
Riya Babu,2008-10-24,MALE,rbabu@gmail.com,9109048866,BATCH_25,CD,25CD011
Vihaan Kumar,2005-10-21,FEMALE,vihaan.kumar40@gmail.com,9189866469,BATCH_22,CC,22CC016
Bhavya Sharma,2007-05-24,FEMALE,bhavya_sharma@gmail.com,9446850138,BATCH_26,EC,26EC018
Tarun Yadav,2004-04-22,MALE,tarun_yadav@gmail.com,9485497515,BATCH_23,EE,23EE019
Meera Iyer,2005-11-11,FEMALE,meeraiyer@gmail.com,9984320689,BATCH_23,ME,23ME021
Rakesh Gupta,2008-06-17,MALE,rakeshgupta766@gmail.com,9166811339,BATCH_26,CC,26CC010
Bhavya Krishnan,2008-05-13,MALE,bhavya.krishnan90@gmail.com,9990108616,BATCH_25,CD,25CD012
Nikhil Pillai,2007-10-16,FEMALE,nikhilpillai@yahoo.com,9889864565,BATCH_24,EE,24EE016
Karthik Verma,2005-09-15,FEMALE,karthikverma773@yahoo.com,9032821427,BATCH_23,ME,23ME022
Harini Sharma,2005-07-15,FEMALE,harini.sharma11@outlook.com,9244622016,BATCH_23,CC,23CC012
Karthik Mishra,2004-09-28,FEMALE,karthikmishra80@gmail.com,9580482764,BATCH_22,CD,22CD013
Abhinav Babu,2008-03-03,FEMALE,abhinavbabu925@gmail.com,9475466248,BATCH_25,EC,25EC021
Rohan Mohan,2009-07-10,MALE,rohanmohan@gmail.com,9422489801,BATCH_27,ME,27ME011
Esha Krishnan,2004-03-06,MALE,esha.krishnan@gmail.com,9998726071,BATCH_22,EE,22EE017
Rahul Kapoor,2005-04-27,FEMALE,rahul.kapoor92@gmail.com,9313863492,BATCH_24,CS,24CS011
Tanvi Kapoor,2004-06-20,FEMALE,tanvi.kapoor@gmail.com,9312847943,BATCH_22,EE,22EE018
Karthik Babu,2006-08-31,MALE,karthik.babu66@gmail.com,9745263488,BATCH_25,CD,25CD013
Nikhil Goud,2007-08-21,MALE,ngoud@gmail.com,9965567323,BATCH_25,ME,25ME016
Jyoti Kapoor,2006-07-06,FEMALE,jyoti.kapoor93@yahoo.com,9727287818,BATCH_24,CC,24CC013
Uday Reddy,2005-05-25,MALE,udayreddy@gmail.com,9716392823,BATCH_23,CD,23CD013
Harini Mishra,2007-02-24,FEMALE,harini_mishra@gmail.com,9595177434,BATCH_26,EE,26EE023
Nisha Nair,2006-07-12,FEMALE,nisha.nair@yahoo.com,9027315672,BATCH_24,CD,24CD018
Ananya Sharma,2006-05-17,MALE,ananya_sharma@hotmail.com,9214105276,BATCH_25,CI,25CI014
Aarav Sharma,2006-11-12,FEMALE,asharma@gmail.com,9479293616,BATCH_24,EC,24EC020
Bhavya Iyer,2005-08-19,OTHER,bhavya.iyer83@hotmail.com,9687659647,BATCH_24,EC,24EC021
Aditya Raju,2006-06-19,FEMALE,aditya.raju49@gmail.com,9519726344,BATCH_24,CS,24CS012
Riya Iyer,2007-05-26,MALE,riyer@gmail.com,9516498767,BATCH_24,CM,24CM014
Lakshmi Mohan,2007-12-15,MALE,lakshmi_mohan@outlook.com,9549465190,BATCH_25,CS,25CS019
Krishna Menon,2009-11-19,FEMALE,krishnamenon403@gmail.com,9527810558,BATCH_26,ME,26ME012
Rohan Babu,2008-05-10,FEMALE,rohan_babu@gmail.com,9275571849,BATCH_27,CS,27CS016
Manish Iyer,2004-11-04,FEMALE,manish.iyer93@gmail.com,9976224568,BATCH_22,ME,22ME011
Rohan Devi,2006-06-07,MALE,rohan.devi30@gmail.com,9497905735,BATCH_23,EE,23EE020
Aarav Pillai,2006-03-28,FEMALE,apillai@gmail.com,9156323739,BATCH_24,CM,24CM015
Ira Nair,2007-08-08,MALE,inair@yahoo.com,9571192491,BATCH_26,EC,26EC019
Pranav Malhotra,2007-07-29,FEMALE,pranav.malhotra@gmail.com,9720191116,BATCH_25,CI,25CI015
Vihaan Goud,2008-01-04,FEMALE,vihaangoud104@gmail.com,9635333501,BATCH_27,CM,27CM014
Ira Reddy,2006-10-18,FEMALE,ireddy@gmail.com,9929378427,BATCH_24,ME,24ME023
Aditi Rani,2005-01-20,MALE,aditi.rani@outlook.com,9621136957,BATCH_23,CM,23CM006
Meera Krishnan,2009-05-01,MALE,meerakrishnan@gmail.com,9910673338,BATCH_27,CI,27CI010
Tanvi Mishra,2005-11-12,MALE,tanvimishra144@yahoo.com,9129304311,BATCH_23,CS,23CS009
Aditi Sharma,2003-07-04,MALE,asharma@hotmail.com,9947611107,BATCH_22,EC,22EC015
Aditya Naidu,2004-03-09,MALE,aditya_naidu@gmail.com,9231464202,BATCH_22,CS,22CS008
Manish Mishra,2009-05-29,FEMALE,manishmishra677@gmail.com,9225779830,BATCH_27,CD,27CD015
Varun Malhotra,2006-09-13,MALE,varun.malhotra@gmail.com,9245576999,BATCH_24,CC,24CC014
Aditi Pandey,2006-11-19,MALE,apandey@gmail.com,9984585542,BATCH_24,CI,24CI016
Dhruv Chowdary,2008-09-13,FEMALE,dhruv.chowdary81@outlook.com,9252894043,BATCH_26,CM,26CM011
Zoya Singh,2005-08-17,MALE,zoya_singh@gmail.com,9145224149,BATCH_22,CI,22CI015
Jyoti Iyer,2006-11-04,MALE,jyotiiyer391@outlook.com,9626335564,BATCH_23,CM,23CM007
Harini Patel,2006-01-21,FEMALE,harinipatel@gmail.com,9706336998,BATCH_25,CI,25CI016
Lakshmi Iyer,2005-04-09,FEMALE,lakshmiiyer773@gmail.com,9243629620,BATCH_23,EC,23EC009
Reyansh Joshi,2009-09-07,FEMALE,rjoshi@gmail.com,9587386880,BATCH_27,CD,27CD016
Om Desai,2005-05-09,FEMALE,om.desai@gmail.com,9612096173,BATCH_23,EC,23EC010
Harini Gupta,2008-02-12,FEMALE,harinigupta571@gmail.com,9065688673,BATCH_26,EE,26EE024
Aarav Verma,2005-03-23,FEMALE,aaravverma@gmail.com,9016318520,BATCH_23,CC,23CC013
Varun Goud,2005-07-08,FEMALE,varun.goud11@gmail.com,9797863050,BATCH_23,CD,23CD014
Ishaan Reddy,2008-08-25,MALE,ireddy@outlook.com,9821539266,BATCH_26,CC,26CC011
Rahul Chandra,2007-03-27,FEMALE,rahul.chandra7@outlook.com,9553983584,BATCH_25,CI,25CI017
Riya Kumar,2006-07-04,MALE,riyakumar@gmail.com,9392840347,BATCH_24,CI,24CI017
Lakshmi Mohan,2009-10-07,FEMALE,lmohan@yahoo.com,9744771341,BATCH_27,CI,27CI011
Tarun Babu,2008-03-22,MALE,tarun_babu@gmail.com,9167608960,BATCH_25,ME,25ME017
Harini Malhotra,2009-12-14,MALE,harinimalhotra@gmail.com,9161186981,BATCH_27,EC,27EC016
Diya Devi,2006-06-05,MALE,diya.devi16@hotmail.com,9919978513,BATCH_25,CM,25CM011
Reyansh Devi,2010-05-06,MALE,rdevi@outlook.com,9632351852,BATCH_27,CI,27CI012
Vikram Raju,2008-02-08,FEMALE,vikram_raju@gmail.com,9025471798,BATCH_26,CC,26CC012
Lakshmi Patel,2008-01-27,MALE,lakshmipatel478@yahoo.com,9421163340,BATCH_26,EE,26EE025
Vivaan Reddy,2007-01-07,FEMALE,vivaan_reddy@gmail.com,9084840862,BATCH_25,EE,25EE014
Riya Pandey,2007-01-13,MALE,riya.pandey@gmail.com,9620034244,BATCH_24,ME,24ME024
Ira Chandra,2004-08-12,MALE,ira_chandra@yahoo.com,9683675901,BATCH_22,CC,22CC017
Meera Chowdary,2006-05-21,OTHER,meera.chowdary48@outlook.com,9654722698,BATCH_24,ME,24ME025
Abhinav Sharma,2004-09-27,MALE,abhinavsharma@gmail.com,9369235348,BATCH_23,EC,23EC011
Lakshmi Desai,2009-12-13,MALE,lakshmidesai958@gmail.com,9400613865,BATCH_27,CM,27CM015
Dhruv Nair,2008-05-14,FEMALE,dhruvnair@gmail.com,9549856275,BATCH_26,CI,26CI020
Sanjay Kapoor,2008-10-16,OTHER,sanjaykapoor389@gmail.com,9530727728,BATCH_25,EC,25EC022
Arjun Prasad,2004-09-21,MALE,aprasad@outlook.com,9039727819,BATCH_22,CI,22CI016
Rahul Reddy,2009-04-01,FEMALE,rahul.reddy44@outlook.com,9338443896,BATCH_27,CS,27CS017
Siddharth Malhotra,2005-06-26,FEMALE,siddharth.malhotra83@hotmail.com,9759451134,BATCH_22,ME,22ME012
Nisha Kumar,2004-03-14,MALE,nisha_kumar@gmail.com,9990900647,BATCH_22,EC,22EC016
Rahul Rani,2004-07-16,FEMALE,rahul.rani93@gmail.com,9140578617,BATCH_23,CD,23CD015
Sanjay Pandey,2006-08-06,MALE,sanjay.pandey@gmail.com,9435221732,BATCH_25,ME,25ME018
Yash Verma,2004-06-14,FEMALE,yverma@gmail.com,9211169736,BATCH_22,CI,22CI017
Aditi Kapoor,2008-09-02,FEMALE,aditikapoor@gmail.com,9301408507,BATCH_26,CD,26CD016
Manish Naidu,2007-12-15,FEMALE,mnaidu@outlook.com,9448294350,BATCH_25,EC,25EC023
Riya Chowdary,2009-11-26,FEMALE,riya.chowdary28@gmail.com,9056553400,BATCH_27,EC,27EC017
Rohan Singh,2005-12-21,FEMALE,rohansingh654@gmail.com,9937009111,BATCH_22,CI,22CI018
Sai Mishra,2010-08-10,MALE,sai.mishra@outlook.com,9859023309,BATCH_27,CM,27CM016
Aditi Desai,2006-07-30,FEMALE,aditi.desai@gmail.com,9929298425,BATCH_24,ME,24ME026
Reyansh Babu,2010-05-16,MALE,reyanshbabu282@gmail.com,9868823855,BATCH_27,CD,27CD017
Yash Kumar,2007-08-09,MALE,ykumar@hotmail.com,9226838851,BATCH_25,EE,25EE015
Aryan Babu,2007-07-17,MALE,aryan.babu@gmail.com,9162017295,BATCH_25,ME,25ME019
Sai Desai,2005-04-10,MALE,saidesai197@gmail.com,9812886149,BATCH_23,CI,23CI009
Krishna Yadav,2005-11-23,FEMALE,krishna.yadav46@gmail.com,9339527536,BATCH_23,CM,23CM008
Rakesh Malhotra,2004-02-25,FEMALE,rakeshmalhotra471@gmail.com,9904771867,BATCH_22,CD,22CD014
Rakesh Kapoor,2005-10-20,MALE,rkapoor@gmail.com,9802250913,BATCH_23,EE,23EE021
Sai Prasad,2005-02-05,FEMALE,sprasad@outlook.com,9053725656,BATCH_24,CI,24CI018
Rahul Devi,2006-06-15,FEMALE,rahul.devi12@yahoo.com,9520328659,BATCH_24,CD,24CD019
Bhavya Naidu,2005-02-22,OTHER,bnaidu@gmail.com,9451951510,BATCH_23,CD,23CD016
Ishaan Goud,2004-06-09,MALE,ishaan.goud22@gmail.com,9525161295,BATCH_23,CS,23CS010
Vihaan Chowdary,2006-10-10,MALE,vihaan_chowdary@outlook.com,9521007359,BATCH_24,CC,24CC015
Aryan Mishra,2009-03-12,MALE,aryanmishra917@gmail.com,9851368405,BATCH_26,EC,26EC020
Vihaan Mishra,2008-07-16,FEMALE,vmishra@outlook.com,9129631156,BATCH_26,CD,26CD017
Aryan Malhotra,2007-10-06,MALE,aryan.malhotra@outlook.com,9878218893,BATCH_25,CD,25CD014
Harini Verma,2008-09-03,FEMALE,harini_verma@outlook.com,9972038593,BATCH_25,CI,25CI018
Jyoti Mishra,2005-04-19,FEMALE,jyoti.mishra@outlook.com,9490961979,BATCH_22,CC,22CC018
Krishna Babu,2005-05-13,MALE,krishnababu@gmail.com,9053188658,BATCH_24,CI,24CI019
Siddharth Yadav,2006-05-22,FEMALE,syadav@gmail.com,9584022277,BATCH_25,CM,25CM012
Nisha Joshi,2004-06-17,FEMALE,nishajoshi@outlook.com,9552666641,BATCH_22,CD,22CD015
Vikram Mishra,2005-08-19,FEMALE,vikram.mishra73@gmail.com,9408656002,BATCH_23,EE,23EE022
Tanvi Patel,2009-03-04,FEMALE,tanvi.patel70@gmail.com,9258379900,BATCH_27,CC,27CC014
Om Raju,2005-03-01,MALE,oraju@yahoo.com,9202109149,BATCH_24,CM,24CM016
Ira Joshi,2009-06-08,FEMALE,ira_joshi@yahoo.com,9283963247,BATCH_27,EC,27EC018
Rohan Joshi,2010-08-14,MALE,rohan_joshi@gmail.com,9417060225,BATCH_27,CM,27CM017
Uday Krishnan,2008-01-11,MALE,udaykrishnan978@gmail.com,9781412570,BATCH_26,EC,26EC021
Jyoti Iyer,2007-05-29,MALE,jiyer@gmail.com,9041210704,BATCH_25,ME,25ME020
Jyoti Raju,2007-05-21,FEMALE,jyotiraju@gmail.com,9027320129,BATCH_25,CD,25CD015
Reyansh Mishra,2004-06-16,FEMALE,reyanshmishra@gmail.com,9488064420,BATCH_23,EC,23EC012
Aditya Nair,2003-04-29,MALE,aditya.nair@gmail.com,9091401527,BATCH_22,EC,22EC017
Zoya Rani,2009-12-11,MALE,zoyarani@yahoo.com,9491053421,BATCH_27,CS,27CS018
Pranav Patel,2007-05-22,MALE,pranavpatel@yahoo.com,9190310615,BATCH_25,CI,25CI019
Gauri Reddy,2009-07-11,FEMALE,greddy@gmail.com,9006455804,BATCH_27,CM,27CM018
Arjun Yadav,2005-06-24,FEMALE,arjun.yadav@gmail.com,9809974164,BATCH_23,CS,23CS011
Tarun Sharma,2005-11-21,MALE,tarun_sharma@gmail.com,9862381277,BATCH_23,CI,23CI010
Krishna Verma,2006-12-14,FEMALE,krishna.verma@yahoo.com,9828050345,BATCH_25,CD,25CD016
Aarav Chowdary,2007-08-01,FEMALE,aaravchowdary571@gmail.com,9287923264,BATCH_25,CS,25CS020
Kavya Joshi,2005-08-10,FEMALE,kavya.joshi@gmail.com,9351609841,BATCH_22,CD,22CD016
Pranav Goud,2007-10-28,MALE,pranavgoud612@gmail.com,9161708460,BATCH_24,CM,24CM017
Harini Krishnan,2007-04-05,MALE,harini_krishnan@yahoo.com,9686650836,BATCH_25,EC,25EC024
Vihaan Kapoor,2005-03-20,FEMALE,vihaankapoor743@gmail.com,9677079414,BATCH_22,EE,22EE019
Kavya Sharma,2009-06-10,FEMALE,kavyasharma586@outlook.com,9115247187,BATCH_27,CD,27CD018
Riya Joshi,2007-06-16,MALE,riyajoshi@gmail.com,9320654326,BATCH_25,ME,25ME021
Rakesh Singh,2010-11-24,FEMALE,rakeshsingh@gmail.com,9627879025,BATCH_27,CC,27CC015
Aarav Chandra,2005-11-06,FEMALE,aarav.chandra56@gmail.com,9438301485,BATCH_24,CD,24CD020
Divya Mishra,2010-03-11,FEMALE,divya_mishra@gmail.com,9901665151,BATCH_27,CD,27CD019
Kavya Patel,2005-08-03,MALE,kavya.patel93@outlook.com,9998607784,BATCH_22,EE,22EE020
Rahul Devi,2008-04-02,FEMALE,rahul.devi@gmail.com,9258337622,BATCH_26,EC,26EC022
Rakesh Menon,2004-11-16,MALE,rakesh.menon1@gmail.com,9426999845,BATCH_22,ME,22ME013
Aditya Mohan,2006-11-25,MALE,aditya_mohan@gmail.com,9439815883,BATCH_24,EC,24EC022
Isha Chowdary,2010-08-31,MALE,ichowdary@gmail.com,9190147342,BATCH_27,CD,27CD020
Abhinav Rao,2008-08-05,MALE,abhinav_rao@hotmail.com,9110760310,BATCH_25,CS,25CS021
Manish Pandey,2009-01-17,MALE,manish.pandey89@gmail.com,9737366803,BATCH_27,EC,27EC019
Kavya Yadav,2005-02-27,FEMALE,kavya_yadav@gmail.com,9922915346,BATCH_23,CS,23CS012
Naveen Singh,2005-08-07,FEMALE,naveen.singh89@gmail.com,9180155133,BATCH_23,CS,23CS013
Kabir Krishnan,2006-08-25,MALE,kabir.krishnan32@hotmail.com,9189428408,BATCH_24,CC,24CC016
Ira Pillai,2006-05-10,MALE,ira.pillai@gmail.com,9809404760,BATCH_24,EE,24EE017
Ishaan Goud,2003-05-24,MALE,ishaangoud607@outlook.com,9354097434,BATCH_22,CM,22CM020
Isha Pillai,2006-03-16,MALE,isha.pillai@gmail.com,9993289998,BATCH_23,ME,23ME023
Meera Mishra,2007-02-22,OTHER,mmishra@hotmail.com,9467151188,BATCH_24,CC,24CC017
Zoya Nair,2007-09-14,MALE,znair@gmail.com,9303253695,BATCH_25,EC,25EC025
Kavya Malhotra,2009-01-26,MALE,kavya.malhotra53@gmail.com,9979154220,BATCH_27,CD,27CD021
Vivaan Menon,2009-05-06,MALE,vivaan_menon@gmail.com,9866684707,BATCH_27,CM,27CM019
Meera Menon,2004-01-27,FEMALE,meera.menon92@gmail.com,9568066400,BATCH_22,ME,22ME014
Divya Naidu,2009-01-22,FEMALE,divyanaidu491@gmail.com,9782862558,BATCH_27,CM,27CM020
Zoya Devi,2008-05-28,FEMALE,zdevi@gmail.com,9204954928,BATCH_27,ME,27ME012
Vihaan Raju,2004-07-23,OTHER,vihaan_raju@gmail.com,9291430491,BATCH_22,CC,22CC019
Vivaan Chowdary,2004-12-17,FEMALE,vchowdary@yahoo.com,9482721484,BATCH_23,CS,23CS014
Kabir Desai,2008-08-02,MALE,kabirdesai@outlook.com,9447421230,BATCH_25,CS,25CS022
Arjun Verma,2005-07-17,FEMALE,averma@gmail.com,9773685237,BATCH_22,CS,22CS009
Rakesh Reddy,2005-02-18,FEMALE,rakesh.reddy73@gmail.com,9048667186,BATCH_23,CC,23CC014
Jyoti Patel,2006-01-14,FEMALE,jyoti.patel43@hotmail.com,9744666099,BATCH_24,ME,24ME027
Esha Menon,2008-11-21,FEMALE,eshamenon@gmail.com,9826424914,BATCH_26,CI,26CI021
Esha Mohan,2006-09-04,FEMALE,eshamohan572@gmail.com,9395166032,BATCH_24,CD,24CD021
Pranav Nair,2009-10-29,FEMALE,pranav_nair@gmail.com,9192969210,BATCH_27,CC,27CC016
Vivaan Desai,2006-05-01,FEMALE,vivaandesai696@gmail.com,9994783488,BATCH_24,EC,24EC023
Vivaan Singh,2008-09-17,MALE,vivaan.singh@gmail.com,9345768254,BATCH_26,EE,26EE026
Reyansh Pandey,2009-12-27,FEMALE,reyansh.pandey@gmail.com,9012837025,BATCH_26,CD,26CD018
Rakesh Mishra,2004-02-29,FEMALE,rakesh.mishra94@gmail.com,9791578290,BATCH_23,CC,23CC015
Pranav Devi,2006-10-27,FEMALE,pranav_devi@yahoo.com,9108589944,BATCH_24,ME,24ME028
Uday Malhotra,2003-12-29,FEMALE,umalhotra@gmail.com,9875480293,BATCH_22,EC,22EC018
Jyoti Singh,2006-02-11,FEMALE,jyoti.singh@gmail.com,9699213534,BATCH_23,CC,23CC016
Esha Kapoor,2006-06-12,FEMALE,esha_kapoor@yahoo.com,9997559512,BATCH_23,ME,23ME024
Aditya Desai,2006-11-16,MALE,adityadesai@gmail.com,9380834912,BATCH_23,CC,23CC017
Lakshmi Patel,2003-10-31,MALE,lakshmipatel250@outlook.com,9917802715,BATCH_22,CS,22CS010
Siddharth Joshi,2009-03-01,MALE,siddharthjoshi339@gmail.com,9250383412,BATCH_27,CI,27CI013
Aryan Krishnan,2007-05-23,FEMALE,aryan.krishnan60@gmail.com,9549303646,BATCH_25,CI,25CI020
Bhavya Naidu,2004-01-20,MALE,bhavya.naidu24@gmail.com,9964771653,BATCH_22,EE,22EE021
Aarav Sharma,2009-02-23,FEMALE,aaravsharma@gmail.com,9886828757,BATCH_27,ME,27ME013
Rohan Reddy,2005-10-15,FEMALE,rohan.reddy@gmail.com,9848190331,BATCH_23,CI,23CI011
Harini Singh,2007-08-19,MALE,hsingh@yahoo.com,9208496498,BATCH_24,EE,24EE018
Pranav Rani,2009-11-07,FEMALE,pranav.rani@yahoo.com,9250169156,BATCH_27,CM,27CM021
Sanya Kapoor,2004-01-18,FEMALE,sanya_kapoor@yahoo.com,9701200840,BATCH_22,CS,22CS011
Sanjay Reddy,2006-01-07,MALE,sanjay_reddy@gmail.com,9160557047,BATCH_24,CS,24CS013
Isha Pandey,2008-04-12,MALE,ipandey@gmail.com,9834562933,BATCH_25,CM,25CM013
Sanjay Pandey,2007-04-09,FEMALE,sanjay.pandey50@gmail.com,9819034731,BATCH_25,ME,25ME022
Uday Mishra,2008-11-04,FEMALE,uday.mishra45@gmail.com,9202835287,BATCH_26,EE,26EE027
Diya Sharma,2004-09-12,FEMALE,diya_sharma@gmail.com,9456017039,BATCH_22,EC,22EC019
Kabir Sharma,2008-04-27,MALE,ksharma@outlook.com,9753659680,BATCH_26,ME,26ME013
Siddharth Kapoor,2008-03-22,MALE,siddharth_kapoor@gmail.com,9771148816,BATCH_27,CM,27CM022
Meera Mishra,2006-03-26,FEMALE,meeramishra@gmail.com,9704388528,BATCH_25,ME,25ME023
Naveen Desai,2009-01-03,FEMALE,naveendesai@gmail.com,9917602402,BATCH_27,EE,27EE016
Uday Naidu,2009-04-22,MALE,uday.naidu55@gmail.com,9248274635,BATCH_26,CM,26CM012
Naveen Rani,2006-09-29,MALE,nrani@gmail.com,9341623252,BATCH_24,CS,24CS014
Priya Joshi,2005-01-22,FEMALE,priya.joshi23@outlook.com,9741688113,BATCH_23,CS,23CS015
Uday Verma,2005-07-11,FEMALE,uday.verma24@gmail.com,9804657211,BATCH_22,EE,22EE022
Sai Yadav,2006-05-18,FEMALE,sai.yadav@gmail.com,9473158477,BATCH_24,EE,24EE019
Vikram Verma,2004-07-06,FEMALE,vikram.verma25@gmail.com,9176965959,BATCH_23,CC,23CC018
Ira Reddy,2008-04-09,FEMALE,ira.reddy65@hotmail.com,9183436953,BATCH_26,CC,26CC013
Aditi Rani,2010-03-02,FEMALE,arani@gmail.com,9526074869,BATCH_27,CD,27CD022
Pranav Devi,2005-07-05,FEMALE,pranav.devi@outlook.com,9206357243,BATCH_22,CD,22CD017
Gauri Goud,2009-09-22,FEMALE,gauri_goud@gmail.com,9985000388,BATCH_26,CI,26CI022
Naveen Chowdary,2007-09-24,MALE,naveen_chowdary@gmail.com,9090131718,BATCH_25,CC,25CC026
Isha Mishra,2005-09-28,MALE,imishra@gmail.com,9417159497,BATCH_23,EC,23EC013
Chitra Nair,2007-03-05,MALE,chitranair563@yahoo.com,9718275480,BATCH_25,CS,25CS023
Nisha Nair,2006-01-25,MALE,nishanair275@gmail.com,9124040341,BATCH_24,CS,24CS015
Diya Iyer,2008-05-17,MALE,diyer@outlook.com,9175916489,BATCH_26,EE,26EE028
Jyoti Joshi,2010-07-20,FEMALE,jyoti.joshi@gmail.com,9001311378,BATCH_27,EC,27EC020
Rahul Mishra,2005-09-30,MALE,rahulmishra@yahoo.com,9625137727,BATCH_23,EE,23EE023
Aryan Malhotra,2008-01-03,FEMALE,aryan.malhotra@gmail.com,9568208082,BATCH_26,EC,26EC023
Bhavya Rao,2004-07-16,MALE,bhavyarao@gmail.com,9003203197,BATCH_23,EC,23EC014
Vikram Kapoor,2009-05-15,OTHER,vkapoor@gmail.com,9956071487,BATCH_27,CC,27CC017
Isha Babu,2008-04-09,MALE,ibabu@gmail.com,9572289206,BATCH_26,CC,26CC014
Abhinav Iyer,2004-02-21,MALE,abhinaviyer@gmail.com,9135139592,BATCH_22,CI,22CI019
Pranav Nair,2009-06-07,MALE,pranav_nair@yahoo.com,9253242232,BATCH_27,CS,27CS019
Pranav Verma,2007-03-10,FEMALE,pranavverma@gmail.com,9072391918,BATCH_25,ME,25ME024
Manish Yadav,2009-04-15,MALE,manish_yadav@gmail.com,9271004991,BATCH_26,EC,26EC024
Aditi Prasad,2004-08-09,MALE,aditi.prasad@gmail.com,9270661498,BATCH_23,CD,23CD017
Ishaan Prasad,2006-03-18,OTHER,ishaan.prasad97@gmail.com,9008546316,BATCH_25,CM,25CM014
Nisha Babu,2008-12-07,MALE,nbabu@outlook.com,9605190854,BATCH_26,CC,26CC015
Naveen Rani,2007-05-11,MALE,naveenrani@gmail.com,9214209420,BATCH_25,EC,25EC026
Rakesh Desai,2006-01-30,FEMALE,rdesai@yahoo.com,9149820225,BATCH_23,CI,23CI012
Vikram Kapoor,2007-02-19,FEMALE,vikram_kapoor@gmail.com,9655650333,BATCH_25,CS,25CS024
Varun Chowdary,2006-07-07,FEMALE,varun.chowdary@gmail.com,9009751971,BATCH_25,CS,25CS025
Manish Kumar,2009-03-28,FEMALE,manish.kumar99@gmail.com,9208346442,BATCH_27,CM,27CM023
Aarav Yadav,2008-09-02,FEMALE,aarav_yadav@gmail.com,9049221056,BATCH_27,EE,27EE017
Lakshmi Gupta,2009-10-21,MALE,lakshmigupta336@gmail.com,9464031182,BATCH_27,CM,27CM024
Abhinav Raju,2005-07-28,FEMALE,abhinav.raju94@gmail.com,9511131290,BATCH_23,CD,23CD018
Rakesh Gupta,2010-08-05,FEMALE,rakesh.gupta@gmail.com,9566576406,BATCH_27,ME,27ME014
Nikhil Verma,2010-10-02,MALE,nikhil.verma51@yahoo.com,9068242399,BATCH_27,EC,27EC021
Sanjay Kumar,2005-05-14,MALE,sanjay_kumar@outlook.com,9837441715,BATCH_23,CM,23CM009
Lakshmi Krishnan,2009-12-12,MALE,lakshmikrishnan561@outlook.com,9837268779,BATCH_27,CM,27CM025
Ishaan Kumar,2009-10-12,MALE,ishaan_kumar@gmail.com,9135056826,BATCH_27,CS,27CS020
Vikram Patel,2006-05-15,FEMALE,vikram.patel@outlook.com,9144250969,BATCH_24,CI,24CI020
Ishaan Singh,2005-12-15,MALE,ishaansingh@gmail.com,9943988442,BATCH_23,CC,23CC019
Varun Reddy,2006-03-10,MALE,varun.reddy1@gmail.com,9263300192,BATCH_23,CI,23CI013
Nikhil Nair,2004-10-07,MALE,nikhilnair@gmail.com,9328916612,BATCH_23,CS,23CS016
Chitra Singh,2006-11-22,MALE,chitra_singh@outlook.com,9844704145,BATCH_24,CD,24CD022
Pranav Nair,2009-04-14,OTHER,pranav.nair@gmail.com,9892565846,BATCH_27,EE,27EE018
Yash Sharma,2007-11-21,FEMALE,yash.sharma@gmail.com,9356535243,BATCH_26,CM,26CM013
Lakshmi Mishra,2008-08-06,MALE,lmishra@gmail.com,9720418629,BATCH_27,CI,27CI014
Arjun Prasad,2009-01-18,FEMALE,arjun.prasad@yahoo.com,9292759602,BATCH_27,CS,27CS021
Yash Rao,2006-01-03,MALE,yash.rao1@yahoo.com,9256702178,BATCH_24,CD,24CD023
Aditya Gupta,2005-09-18,MALE,adityagupta232@gmail.com,9342298269,BATCH_23,CI,23CI014
Nisha Rao,2005-08-24,MALE,nrao@gmail.com,9409616862,BATCH_23,CI,23CI015
Varun Mohan,2008-08-04,FEMALE,varun.mohan16@gmail.com,9592661085,BATCH_25,CS,25CS026
Zoya Kumar,2007-08-02,MALE,zoyakumar@gmail.com,9139060480,BATCH_25,CS,25CS027
Kabir Gupta,2005-10-01,FEMALE,kabir.gupta@gmail.com,9350712455,BATCH_23,EC,23EC015
Rohan Menon,2008-10-07,FEMALE,rohan_menon@gmail.com,9649153509,BATCH_26,EC,26EC025
Jyoti Goud,2004-09-28,FEMALE,jyotigoud@gmail.com,9374643803,BATCH_22,CM,22CM021
Meera Kumar,2005-04-21,FEMALE,meera.kumar@gmail.com,9987411325,BATCH_23,CM,23CM010
Arjun Nair,2007-08-30,MALE,anair@gmail.com,9312206676,BATCH_26,CM,26CM014
Ananya Raju,2004-05-20,FEMALE,ananyaraju@gmail.com,9223144908,BATCH_22,CI,22CI020
Om Iyer,2007-12-25,MALE,om.iyer20@gmail.com,9668089504,BATCH_25,CD,25CD017
Yash Reddy,2004-01-12,MALE,yashreddy@gmail.com,9767514975,BATCH_22,EC,22EC020
Varun Babu,2009-11-09,FEMALE,varun.babu@gmail.com,9310022983,BATCH_27,CS,27CS022
Aditya Prasad,2009-12-10,MALE,aditya.prasad50@gmail.com,9859919289,BATCH_27,CD,27CD023
Varun Rao,2005-06-19,FEMALE,varun_rao@gmail.com,9015280064,BATCH_24,CS,24CS016
Aarav Verma,2004-01-10,FEMALE,aaravverma567@gmail.com,9773095597,BATCH_22,EE,22EE023
Reyansh Raju,2006-08-03,MALE,rraju@gmail.com,9298579736,BATCH_25,CI,25CI021
Vivaan Menon,2004-08-19,FEMALE,vivaanmenon@gmail.com,9269668249,BATCH_22,EE,22EE024
Varun Yadav,2004-07-09,MALE,vyadav@gmail.com,9658234453,BATCH_22,EC,22EC021
Chitra Pillai,2005-12-01,FEMALE,chitrapillai@gmail.com,9264738688,BATCH_22,CM,22CM022
Nisha Babu,2005-07-05,FEMALE,nisha.babu15@gmail.com,9590848310,BATCH_23,EE,23EE024
Naveen Reddy,2010-12-22,FEMALE,naveen.reddy@gmail.com,9076237855,BATCH_27,EE,27EE019
Vivaan Kumar,2004-12-14,MALE,vivaan.kumar41@hotmail.com,9398622140,BATCH_22,EC,22EC022
Dhruv Kapoor,2010-11-01,MALE,dhruv_kapoor@outlook.com,9986277028,BATCH_27,EE,27EE020
Abhinav Pandey,2009-04-29,MALE,abhinav.pandey23@gmail.com,9849203175,BATCH_27,CI,27CI015
Dhruv Rao,2004-06-04,MALE,dhruv.rao@hotmail.com,9927651603,BATCH_22,CM,22CM023
Sanjay Prasad,2007-10-06,FEMALE,sanjayprasad@gmail.com,9243821462,BATCH_25,ME,25ME025
Priya Kumar,2008-01-26,MALE,priya.kumar8@gmail.com,9363857433,BATCH_27,CM,27CM026
Nikhil Chandra,2007-01-30,MALE,nikhilchandra730@gmail.com,9920091149,BATCH_24,CC,24CC018
Yash Iyer,2009-12-12,MALE,yash.iyer55@yahoo.com,9970710202,BATCH_26,EE,26EE029
Varun Naidu,2009-05-03,MALE,varunnaidu551@gmail.com,9332959452,BATCH_26,CC,26CC016
Siddharth Rao,2003-02-10,FEMALE,siddharth.rao@gmail.com,9454032741,BATCH_22,CS,22CS012
Manish Pillai,2008-12-11,OTHER,manishpillai@gmail.com,9656887202,BATCH_27,CM,27CM027
Priya Devi,2005-06-18,MALE,pdevi@gmail.com,9846623449,BATCH_23,CS,23CS017
Harini Babu,2007-09-19,FEMALE,hbabu@yahoo.com,9114374470,BATCH_24,ME,24ME029
Divya Babu,2008-02-14,MALE,dbabu@gmail.com,9556613404,BATCH_25,EC,25EC027
Divya Reddy,2004-06-16,MALE,divyareddy@hotmail.com,9884454812,BATCH_22,CM,22CM024
Dhruv Pillai,2005-01-28,MALE,dhruv.pillai56@gmail.com,9164262455,BATCH_23,CC,23CC020
Aarav Malhotra,2008-02-10,FEMALE,aaravmalhotra@gmail.com,9051193145,BATCH_26,CD,26CD019
Rahul Malhotra,2006-01-22,MALE,rmalhotra@gmail.com,9600962159,BATCH_23,CS,23CS018
Reyansh Patel,2007-09-11,FEMALE,reyansh_patel@gmail.com,9286174685,BATCH_25,CD,25CD018
Nikhil Malhotra,2006-11-14,MALE,nikhilmalhotra@gmail.com,9836314624,BATCH_24,EE,24EE020
Om Mishra,2006-04-05,FEMALE,om_mishra@gmail.com,9124471746,BATCH_25,CS,25CS028
Sanya Rao,2004-05-04,MALE,sanya.rao@yahoo.com,9284893599,BATCH_23,ME,23ME025
Zoya Nair,2004-12-21,FEMALE,zoyanair279@gmail.com,9004645678,BATCH_23,ME,23ME026
Isha Rani,2005-01-31,MALE,isharani999@gmail.com,9819390154,BATCH_22,EE,22EE025
Aarav Kapoor,2008-09-09,MALE,aaravkapoor467@gmail.com,9617061301,BATCH_25,EC,25EC028
Tarun Chandra,2004-01-11,FEMALE,tarunchandra880@gmail.com,9154334705,BATCH_22,ME,22ME015
Gauri Pandey,2004-06-04,FEMALE,gauri.pandey@gmail.com,9420224824,BATCH_22,EC,22EC023
Arjun Patel,2004-05-03,MALE,arjun.patel@outlook.com,9514546260,BATCH_22,CS,22CS013
Aditya Desai,2004-02-15,FEMALE,aditya.desai@gmail.com,9973544252,BATCH_23,CC,23CC021
Yash Babu,2008-03-15,FEMALE,yash.babu@outlook.com,9294689761,BATCH_27,EC,27EC022
Om Malhotra,2008-12-16,FEMALE,ommalhotra@gmail.com,9489953120,BATCH_26,CS,26CS015
Sanya Singh,2006-03-13,FEMALE,ssingh@gmail.com,9586856850,BATCH_24,CD,24CD024
Zoya Raju,2004-07-31,FEMALE,zoya_raju@yahoo.com,9115584973,BATCH_22,CS,22CS014
Abhinav Raju,2007-05-07,MALE,abhinav.raju@gmail.com,9811575092,BATCH_25,CD,25CD019
Arjun Prasad,2006-06-24,FEMALE,arjun.prasad@gmail.com,9753946343,BATCH_25,CC,25CC027
Rakesh Kapoor,2005-12-27,MALE,rakesh.kapoor67@gmail.com,9830682948,BATCH_24,CI,24CI021
Ishaan Krishnan,2005-05-21,MALE,ishaan_krishnan@gmail.com,9148502759,BATCH_23,CC,23CC022
Sai Pillai,2006-10-07,FEMALE,sai.pillai@yahoo.com,9266128758,BATCH_24,EE,24EE021
Divya Mishra,2007-06-23,FEMALE,divyamishra@gmail.com,9883485643,BATCH_25,CM,25CM015
Siddharth Joshi,2006-08-27,MALE,siddharthjoshi758@gmail.com,9752108219,BATCH_24,CM,24CM018
Pranav Menon,2009-02-06,MALE,pranav.menon48@gmail.com,9869413904,BATCH_27,EC,27EC023
Lakshmi Chandra,2004-09-21,MALE,lakshmichandra751@hotmail.com,9597477656,BATCH_22,EC,22EC024
Abhinav Gupta,2006-07-04,MALE,abhinav.gupta@yahoo.com,9743759824,BATCH_24,CS,24CS017
Gauri Desai,2009-10-30,MALE,gauridesai239@outlook.com,9163392829,BATCH_27,EE,27EE021
Aarav Mishra,2004-04-04,FEMALE,aarav.mishra@gmail.com,9825244233,BATCH_22,EE,22EE026
Rakesh Reddy,2007-02-06,MALE,rreddy@hotmail.com,9263340293,BATCH_25,EC,25EC029
Harini Kapoor,2006-05-06,MALE,harini_kapoor@gmail.com,9338179842,BATCH_24,CS,24CS018
Sanya Devi,2007-03-12,FEMALE,sanya.devi68@gmail.com,9497539303,BATCH_25,CM,25CM016
Tanvi Kapoor,2008-10-02,MALE,tanvikapoor@gmail.com,9797729898,BATCH_26,EE,26EE030
Lakshmi Babu,2007-07-11,FEMALE,lakshmibabu@yahoo.com,9852572492,BATCH_25,CC,25CC028
Gauri Mohan,2008-10-27,FEMALE,gmohan@outlook.com,9090907170,BATCH_26,EE,26EE031
Tanvi Babu,2009-10-12,MALE,tbabu@outlook.com,9688786192,BATCH_27,ME,27ME015
Bhavya Iyer,2010-11-13,FEMALE,bhavyaiyer@gmail.com,9225450806,BATCH_27,CM,27CM028
Jyoti Chowdary,2005-07-11,MALE,jyotichowdary77@gmail.com,9282275349,BATCH_22,CD,22CD018
Arjun Verma,2007-03-24,MALE,arjunverma@gmail.com,9709930676,BATCH_26,EC,26EC026
Ananya Desai,2004-08-25,MALE,ananya_desai@gmail.com,9302355337,BATCH_22,CM,22CM025
Gauri Mohan,2009-04-27,MALE,gauri_mohan@outlook.com,9302304233,BATCH_27,CM,27CM029
Isha Raju,2005-10-21,FEMALE,isha.raju@gmail.com,9806603920,BATCH_23,CM,23CM011
Esha Kapoor,2010-12-28,FEMALE,eshakapoor799@outlook.com,9971861422,BATCH_27,CC,27CC018
Aditya Iyer,2007-03-02,FEMALE,aditya.iyer14@gmail.com,9862050255,BATCH_24,CS,24CS019
Aditi Sharma,2010-06-16,FEMALE,aditisharma124@gmail.com,9980728547,BATCH_27,CS,27CS023
Rakesh Iyer,2006-09-14,MALE,rakesh.iyer99@gmail.com,9251540835,BATCH_24,CM,24CM019
Aditya Gupta,2007-10-09,MALE,aditya.gupta@gmail.com,9475431886,BATCH_25,EC,25EC030
Uday Chandra,2006-02-22,MALE,uchandra@gmail.com,9210032365,BATCH_24,ME,24ME030
Aditya Chowdary,2006-09-12,FEMALE,aditya_chowdary@gmail.com,9275386689,BATCH_24,CC,24CC019
Ira Singh,2008-12-27,MALE,ira_singh@gmail.com,9285353399,BATCH_26,CC,26CC017
Harini Sharma,2005-12-07,MALE,harini_sharma@gmail.com,9580470928,BATCH_23,ME,23ME027
Uday Joshi,2006-06-03,MALE,uday.joshi23@gmail.com,9098866611,BATCH_24,CS,24CS020
Pranav Rao,2004-03-13,FEMALE,pranavrao767@outlook.com,9449959677,BATCH_22,ME,22ME016
Aditya Mishra,2007-05-23,FEMALE,adityamishra@gmail.com,9259144738,BATCH_25,CC,25CC029
Vikram Pandey,2009-03-26,FEMALE,vikrampandey@gmail.com,9070983484,BATCH_27,CC,27CC019
Dhruv Reddy,2004-08-19,MALE,dreddy@gmail.com,9395447556,BATCH_22,CD,22CD019
Ishaan Joshi,2008-12-28,MALE,ishaanjoshi87@gmail.com,9362239827,BATCH_26,CD,26CD020
Ishaan Yadav,2008-05-27,FEMALE,ishaan.yadav@gmail.com,9057937602,BATCH_26,EE,26EE032
Nisha Naidu,2007-11-28,MALE,nisha.naidu@gmail.com,9010317487,BATCH_26,CD,26CD021
Ira Rao,2004-12-31,MALE,ira.rao@outlook.com,9222694053,BATCH_23,CD,23CD019
Rakesh Raju,2009-01-29,FEMALE,rakeshraju173@outlook.com,9441616613,BATCH_27,ME,27ME016
Divya Menon,2005-03-23,MALE,divya.menon93@gmail.com,9179825075,BATCH_23,ME,23ME028
Naveen Devi,2008-09-11,MALE,naveendevi@gmail.com,9114294300,BATCH_26,CC,26CC018
Ira Rao,2007-08-24,MALE,ira_rao@gmail.com,9407482175,BATCH_25,EE,25EE016
Vikram Sharma,2007-04-26,FEMALE,vikramsharma36@gmail.com,9449975858,BATCH_25,CD,25CD020
Sanya Sharma,2004-10-31,FEMALE,sanya_sharma@gmail.com,9775542619,BATCH_23,EC,23EC016
Vikram Malhotra,2008-09-03,FEMALE,vikram.malhotra@gmail.com,9654399942,BATCH_26,CM,26CM015
Bhavya Joshi,2006-12-17,MALE,bhavya.joshi50@gmail.com,9093801266,BATCH_24,CM,24CM020
Siddharth Devi,2005-08-07,FEMALE,siddharthdevi256@gmail.com,9861235879,BATCH_24,CI,24CI022
Ira Singh,2004-08-23,FEMALE,isingh@yahoo.com,9403767687,BATCH_22,EC,22EC025
Karthik Kapoor,2003-09-04,FEMALE,karthik.kapoor70@gmail.com,9553412132,BATCH_22,ME,22ME017
Vihaan Pandey,2007-01-29,FEMALE,vihaan_pandey@gmail.com,9189616423,BATCH_25,CS,25CS029
Isha Verma,2010-11-01,FEMALE,isha_verma@gmail.com,9131820813,BATCH_27,CS,27CS024
Sai Kapoor,2006-10-25,MALE,sai.kapoor@gmail.com,9612734857,BATCH_23,EE,23EE025
Lakshmi Patel,2006-09-09,MALE,lakshmi_patel@yahoo.com,9273677462,BATCH_25,CI,25CI022
Ishaan Menon,2007-08-20,FEMALE,ishaanmenon@yahoo.com,9537405714,BATCH_26,CC,26CC019
Vivaan Yadav,2009-09-01,FEMALE,vivaan_yadav@gmail.com,9441170723,BATCH_26,EE,26EE033
Arjun Raju,2008-12-10,FEMALE,arjunraju@gmail.com,9159076294,BATCH_27,CS,27CS025
Kabir Patel,2007-09-27,OTHER,kabirpatel@gmail.com,9789891683,BATCH_25,EC,25EC031
Varun Raju,2004-12-21,MALE,vraju@gmail.com,9128403840,BATCH_22,CS,22CS015
Aarav Iyer,2007-05-02,MALE,aiyer@gmail.com,9724645604,BATCH_25,ME,25ME026
Aarav Pillai,2004-08-03,MALE,aaravpillai@yahoo.com,9602351585,BATCH_22,CC,22CC020
Kabir Pillai,2006-02-19,MALE,kabir.pillai25@gmail.com,9708335142,BATCH_25,EC,25EC032
Rahul Kumar,2005-02-22,MALE,rahul.kumar@gmail.com,9800660567,BATCH_24,CC,24CC020
Diya Kumar,2007-03-13,MALE,diyakumar@gmail.com,9036702751,BATCH_25,CD,25CD021
Nikhil Chandra,2008-08-31,FEMALE,nikhil_chandra@gmail.com,9171359358,BATCH_27,CI,27CI016
Krishna Goud,2008-08-07,FEMALE,krishnagoud@outlook.com,9943072188,BATCH_26,CM,26CM016
Aditya Rao,2007-10-13,MALE,aditya_rao@gmail.com,9986877811,BATCH_25,CC,25CC030
Rahul Patel,2009-06-14,FEMALE,rpatel@gmail.com,9737671052,BATCH_26,CC,26CC020
Manish Patel,2004-02-29,FEMALE,manishpatel867@outlook.com,9565886802,BATCH_22,CD,22CD020
Tanvi Babu,2004-10-09,FEMALE,tanvi.babu10@outlook.com,9521329106,BATCH_22,CM,22CM026
Manish Singh,2008-07-17,FEMALE,manish_singh@gmail.com,9962536711,BATCH_26,EC,26EC027
Naveen Reddy,2007-02-18,MALE,naveen.reddy21@gmail.com,9633923625,BATCH_26,EC,26EC028
Sanya Kapoor,2007-06-06,FEMALE,sanyakapoor@yahoo.com,9550973330,BATCH_24,CI,24CI023
Esha Joshi,2005-10-22,FEMALE,eshajoshi711@yahoo.com,9212959160,BATCH_23,CS,23CS019
Vihaan Pillai,2006-05-23,FEMALE,vihaanpillai682@yahoo.com,9446346474,BATCH_24,CI,24CI024
Vihaan Prasad,2007-03-27,MALE,vprasad@yahoo.com,9258572828,BATCH_25,CC,25CC031
Siddharth Rao,2006-04-28,FEMALE,srao@gmail.com,9966332662,BATCH_23,ME,23ME029
Karthik Babu,2008-09-03,FEMALE,karthikbabu972@gmail.com,9993330913,BATCH_27,ME,27ME017
Om Goud,2006-02-17,FEMALE,omgoud989@gmail.com,9685054235,BATCH_25,EE,25EE017
Esha Desai,2009-11-28,MALE,eshadesai326@gmail.com,9409170895,BATCH_27,CD,27CD024
Meera Babu,2006-12-16,MALE,meera.babu73@gmail.com,9018569454,BATCH_25,CS,25CS030
Tanvi Patel,2004-02-04,FEMALE,tanvipatel@gmail.com,9310855604,BATCH_22,CI,22CI021
Vikram Mohan,2008-11-21,MALE,vmohan@gmail.com,9837597026,BATCH_27,CS,27CS026
Rahul Krishnan,2005-02-08,FEMALE,rkrishnan@outlook.com,9690618120,BATCH_23,CM,23CM012
Manish Reddy,2005-07-27,FEMALE,manish_reddy@gmail.com,9930848872,BATCH_24,ME,24ME031
Tanvi Singh,2006-12-04,MALE,tanvisingh@gmail.com,9676674913,BATCH_24,CI,24CI025
Gauri Gupta,2008-12-06,FEMALE,gauri.gupta@gmail.com,9365956799,BATCH_26,EE,26EE034
Uday Chandra,2006-02-24,MALE,uday.chandra7@yahoo.com,9006707603,BATCH_24,CS,24CS021
Sai Singh,2009-04-20,MALE,sai.singh22@yahoo.com,9790868088,BATCH_27,CI,27CI017
Karthik Sharma,2003-09-21,MALE,karthiksharma360@gmail.com,9568467678,BATCH_22,EC,22EC026
Vihaan Prasad,2007-01-26,MALE,vihaanprasad808@gmail.com,9663436294,BATCH_24,EE,24EE022
Aarav Pandey,2005-08-10,FEMALE,aaravpandey@gmail.com,9723827814,BATCH_22,CD,22CD021
Gauri Krishnan,2004-09-16,MALE,gauri.krishnan@gmail.com,9251749145,BATCH_22,CD,22CD022
Varun Iyer,2009-01-08,FEMALE,varun_iyer@gmail.com,9241260354,BATCH_26,CD,26CD022
Abhinav Chandra,2007-09-08,MALE,achandra@gmail.com,9956050206,BATCH_25,CC,25CC032
Nikhil Devi,2007-10-13,MALE,nikhildevi347@gmail.com,9260187779,BATCH_25,EC,25EC033
Meera Chandra,2009-12-11,MALE,meera.chandra@hotmail.com,9486629981,BATCH_27,CS,27CS027
Riya Naidu,2006-06-10,MALE,riyanaidu169@gmail.com,9217465353,BATCH_23,EC,23EC017
Dhruv Nair,2008-06-25,FEMALE,dhruv.nair@outlook.com,9613631159,BATCH_26,CI,26CI023
Aditi Mishra,2009-09-09,MALE,aditimishra420@gmail.com,9963132404,BATCH_26,CS,26CS016
Rakesh Mohan,2007-10-18,MALE,rakesh_mohan@yahoo.com,9583219719,BATCH_25,CS,25CS031
Aditi Verma,2006-12-22,OTHER,aditi.verma@gmail.com,9935275652,BATCH_24,CD,24CD025
Diya Verma,2008-12-11,FEMALE,diya.verma74@gmail.com,9976352946,BATCH_26,CM,26CM017
Vikram Reddy,2007-01-02,FEMALE,vikram.reddy47@gmail.com,9561299650,BATCH_25,CI,25CI023
Riya Prasad,2009-11-30,MALE,riyaprasad641@gmail.com,9016743021,BATCH_27,EE,27EE022
Aditi Prasad,2004-04-19,FEMALE,aditiprasad@gmail.com,9066556212,BATCH_22,CI,22CI022
Chitra Naidu,2010-08-16,FEMALE,chitra.naidu38@gmail.com,9255320528,BATCH_27,CM,27CM030
Om Chandra,2008-07-30,MALE,om.chandra40@outlook.com,9591538201,BATCH_26,CC,26CC021
Zoya Gupta,2006-04-07,MALE,zoya.gupta@gmail.com,9297451165,BATCH_25,ME,25ME027
Yash Krishnan,2006-07-09,MALE,yash.krishnan50@gmail.com,9622547075,BATCH_23,ME,23ME030
Kabir Krishnan,2008-05-17,FEMALE,kabir_krishnan@gmail.com,9487947693,BATCH_25,CC,25CC033
Vivaan Chowdary,2004-02-06,FEMALE,vivaan_chowdary@gmail.com,9390744329,BATCH_22,CS,22CS016
Lakshmi Kapoor,2008-06-13,MALE,lkapoor@gmail.com,9705155782,BATCH_26,CM,26CM018
Lakshmi Mishra,2010-02-04,MALE,lakshmi_mishra@gmail.com,9172396319,BATCH_27,EE,27EE023
Naveen Pandey,2009-06-06,FEMALE,naveenpandey995@yahoo.com,9478390712,BATCH_27,CI,27CI018
Varun Singh,2008-12-21,MALE,varun.singh8@gmail.com,9691480405,BATCH_26,CD,26CD023
Yash Joshi,2008-12-08,MALE,yashjoshi989@yahoo.com,9523700877,BATCH_26,EC,26EC029
Divya Mishra,2005-09-05,FEMALE,divya.mishra61@gmail.com,9148026325,BATCH_24,EE,24EE023
Sanya Singh,2010-02-01,FEMALE,sanyasingh925@gmail.com,9026689742,BATCH_27,EC,27EC024
Isha Rao,2008-01-17,MALE,isharao820@gmail.com,9690331190,BATCH_25,EE,25EE018
Harini Rani,2007-07-23,MALE,harini.rani@gmail.com,9871775024,BATCH_26,EE,26EE035
Manish Sharma,2006-09-22,FEMALE,manishsharma@outlook.com,9989266293,BATCH_23,EE,23EE026
Chitra Desai,2005-02-03,FEMALE,chitra.desai@hotmail.com,9884968066,BATCH_23,EC,23EC018
Pranav Goud,2007-09-24,MALE,pgoud@gmail.com,9013143360,BATCH_25,ME,25ME028
Aditya Mishra,2007-03-01,MALE,aditya_mishra@gmail.com,9390045892,BATCH_24,CD,24CD026
Yash Chowdary,2008-10-13,MALE,yash.chowdary9@outlook.com,9398262244,BATCH_25,EE,25EE019
Tanvi Yadav,2004-10-02,MALE,tanvi_yadav@gmail.com,9832219740,BATCH_22,CD,22CD023
Krishna Krishnan,2007-02-11,FEMALE,kkrishnan@gmail.com,9081863213,BATCH_25,CM,25CM017
Sanjay Raju,2007-10-24,MALE,sanjay.raju67@gmail.com,9455906700,BATCH_26,ME,26ME014
Bhavya Sharma,2007-06-08,MALE,bhavyasharma152@gmail.com,9462037445,BATCH_24,CI,24CI026
Vikram Naidu,2007-04-25,FEMALE,vikram.naidu@gmail.com,9804374126,BATCH_24,CD,24CD027
Reyansh Nair,2004-01-07,FEMALE,reyansh.nair@outlook.com,9915386028,BATCH_23,EC,23EC019
Priya Desai,2006-06-28,FEMALE,priya_desai@yahoo.com,9706563200,BATCH_24,CM,24CM021
Pranav Malhotra,2007-04-12,FEMALE,pmalhotra@outlook.com,9193149190,BATCH_25,EE,25EE020
Esha Yadav,2008-05-14,MALE,esha.yadav@gmail.com,9704656896,BATCH_26,CC,26CC022
Diya Mishra,2004-02-28,MALE,diyamishra148@gmail.com,9193978145,BATCH_23,EC,23EC020
Uday Raju,2006-02-08,MALE,uday.raju@gmail.com,9675004561,BATCH_24,CM,24CM022
Esha Patel,2009-11-21,FEMALE,eshapatel@gmail.com,9260213180,BATCH_27,CM,27CM031
Divya Devi,2008-04-25,FEMALE,divya_devi@gmail.com,9153888245,BATCH_25,CI,25CI024
Aditi Devi,2007-07-27,FEMALE,aditi_devi@outlook.com,9560880418,BATCH_24,CD,24CD028
Isha Iyer,2006-04-04,FEMALE,iiyer@gmail.com,9373334333,BATCH_24,ME,24ME032
Aarav Mishra,2009-08-15,FEMALE,aarav.mishra30@gmail.com,9121024234,BATCH_26,CC,26CC023
Isha Yadav,2003-10-14,FEMALE,iyadav@yahoo.com,9763486547,BATCH_22,EE,22EE027
Aditya Chandra,2007-05-01,FEMALE,adityachandra@gmail.com,9699848022,BATCH_25,CI,25CI025
Varun Kumar,2003-06-16,FEMALE,varun.kumar53@gmail.com,9605607377,BATCH_22,CI,22CI023
Siddharth Devi,2003-08-14,FEMALE,siddharth.devi@yahoo.com,9540364882,BATCH_22,CC,22CC021
Dhruv Verma,2009-03-13,FEMALE,dhruv_verma@gmail.com,9236532714,BATCH_27,EC,27EC025
Vikram Nair,2004-01-04,FEMALE,vikramnair139@yahoo.com,9610471891,BATCH_22,EC,22EC027
Aryan Rani,2007-06-24,MALE,aryanrani@outlook.com,9494808313,BATCH_25,EE,25EE021
Aryan Kumar,2005-09-17,MALE,aryan.kumar@outlook.com,9642673022,BATCH_23,CC,23CC023
Harini Joshi,2006-12-22,FEMALE,harini_joshi@gmail.com,9481915977,BATCH_24,CM,24CM023
Karthik Nair,2009-01-05,FEMALE,karthik.nair36@yahoo.com,9025539525,BATCH_27,CI,27CI019
Ananya Goud,2005-11-24,MALE,ananya.goud@gmail.com,9732783969,BATCH_23,CC,23CC024
Nikhil Goud,2009-10-25,MALE,nikhil.goud31@gmail.com,9615607832,BATCH_26,ME,26ME015
Naveen Naidu,2007-12-23,FEMALE,naveen.naidu23@gmail.com,9722170430,BATCH_25,EE,25EE022
Tanvi Rao,2004-11-15,MALE,tanvirao@gmail.com,9300922411,BATCH_22,CS,22CS017
Diya Naidu,2009-05-11,OTHER,dnaidu@outlook.com,9588165025,BATCH_26,ME,26ME016
Krishna Desai,2003-11-21,OTHER,krishna.desai@gmail.com,9140513251,BATCH_22,EC,22EC028
Aryan Patel,2004-02-06,FEMALE,aryanpatel@gmail.com,9228217819,BATCH_23,CM,23CM013
Aditya Naidu,2008-08-07,MALE,anaidu@outlook.com,9301421177,BATCH_27,CS,27CS028
Gauri Goud,2008-05-29,FEMALE,gaurigoud420@gmail.com,9514609193,BATCH_26,CC,26CC024
Zoya Babu,2006-10-26,FEMALE,zoya.babu@gmail.com,9495637807,BATCH_23,ME,23ME031
Abhinav Chowdary,2009-07-31,MALE,abhinavchowdary@gmail.com,9951251628,BATCH_27,EC,27EC026
Ishaan Iyer,2003-11-29,MALE,ishaan_iyer@gmail.com,9705841680,BATCH_22,CC,22CC022
Karthik Nair,2005-10-19,MALE,knair@gmail.com,9395786543,BATCH_23,CM,23CM014
Diya Mishra,2007-04-27,MALE,diya.mishra55@gmail.com,9531318456,BATCH_25,CD,25CD022
Ananya Singh,2006-09-11,FEMALE,ananyasingh@outlook.com,9920623145,BATCH_25,CD,25CD023
Reyansh Joshi,2008-07-09,FEMALE,reyanshjoshi534@gmail.com,9705682092,BATCH_26,ME,26ME017
Tanvi Sharma,2006-06-03,MALE,tanvisharma8@gmail.com,9452786109,BATCH_24,CD,24CD029
Krishna Mishra,2004-04-26,MALE,kmishra@hotmail.com,9581079024,BATCH_22,CD,22CD024
Om Kumar,2004-09-26,MALE,okumar@gmail.com,9567062154,BATCH_23,CS,23CS020
Riya Pandey,2003-10-24,MALE,riya_pandey@gmail.com,9691787001,BATCH_22,CD,22CD025
Vihaan Chowdary,2009-11-06,MALE,vchowdary@gmail.com,9036705904,BATCH_27,CM,27CM032
Jyoti Gupta,2005-07-14,MALE,jyotigupta@yahoo.com,9131489719,BATCH_22,EE,22EE028
Sanjay Krishnan,2005-03-05,FEMALE,sanjay.krishnan@gmail.com,9130832121,BATCH_22,CS,22CS018
Dhruv Nair,2007-04-22,MALE,dnair@yahoo.com,9058181585,BATCH_24,EC,24EC024
Chitra Prasad,2008-01-19,MALE,chitra.prasad@gmail.com,9566230056,BATCH_26,CS,26CS017
Siddharth Sharma,2009-03-23,MALE,siddharth.sharma38@gmail.com,9770354766,BATCH_27,CI,27CI020
Nisha Babu,2006-09-27,FEMALE,nishababu37@gmail.com,9299769971,BATCH_25,CC,25CC034
Vihaan Pillai,2008-01-21,MALE,vihaanpillai@yahoo.com,9483076273,BATCH_25,CM,25CM018
Ishaan Babu,2005-05-20,FEMALE,ishaanbabu228@gmail.com,9845677154,BATCH_23,CC,23CC025
Zoya Patel,2004-06-11,MALE,zpatel@gmail.com,9116803141,BATCH_22,CI,22CI024
Nikhil Iyer,2008-12-16,FEMALE,nikhiliyer@gmail.com,9919793686,BATCH_27,EC,27EC027
Abhinav Iyer,2004-08-10,MALE,abhinav_iyer@outlook.com,9593962183,BATCH_22,CM,22CM027
Meera Rani,2004-10-02,FEMALE,meera_rani@gmail.com,9846613392,BATCH_23,CI,23CI016
Pranav Devi,2006-10-27,FEMALE,pranavdevi@yahoo.com,9572989376,BATCH_25,CI,25CI026
Pranav Krishnan,2006-05-25,MALE,pranav.krishnan@outlook.com,9462882617,BATCH_24,CD,24CD030
Manish Rao,2008-06-24,MALE,manish_rao@gmail.com,9174192581,BATCH_26,CC,26CC025
Meera Kumar,2007-04-25,MALE,meera_kumar@gmail.com,9471451374,BATCH_25,ME,25ME029
Lakshmi Raju,2006-11-06,MALE,lakshmi.raju@gmail.com,9292671348,BATCH_24,CM,24CM024
Dhruv Joshi,2006-05-23,FEMALE,dhruvjoshi598@gmail.com,9987283999,BATCH_23,CD,23CD020
Rohan Gupta,2005-11-12,OTHER,rohangupta@outlook.com,9381021025,BATCH_23,ME,23ME032
Kavya Singh,2009-11-16,MALE,kavyasingh391@gmail.com,9550176578,BATCH_27,CS,27CS029
Aarav Yadav,2008-07-07,MALE,aaravyadav@gmail.com,9963518757,BATCH_27,CI,27CI021
Varun Menon,2006-02-03,FEMALE,varun.menon26@gmail.com,9730086578,BATCH_25,CC,25CC035
Siddharth Yadav,2005-11-12,FEMALE,siddharth_yadav@hotmail.com,9442110670,BATCH_23,EE,23EE027
Om Mohan,2008-05-22,FEMALE,om.mohan@outlook.com,9233810608,BATCH_25,CD,25CD024
Abhinav Chowdary,2009-11-03,FEMALE,abhinav_chowdary@gmail.com,9405815193,BATCH_27,CM,27CM033
Isha Yadav,2007-08-04,OTHER,isha_yadav@gmail.com,9549818440,BATCH_26,CS,26CS018
Aryan Chandra,2009-09-16,MALE,aryanchandra@gmail.com,9805887796,BATCH_27,ME,27ME018
Aditi Singh,2003-09-20,FEMALE,aditi.singh@gmail.com,9222724859,BATCH_22,CS,22CS019
Meera Iyer,2007-05-05,FEMALE,meera.iyer56@gmail.com,9079685909,BATCH_26,CC,26CC026
Manish Verma,2008-08-08,MALE,manish.verma@gmail.com,9764281259,BATCH_26,CM,26CM019
Om Singh,2005-05-15,FEMALE,om_singh@gmail.com,9182805166,BATCH_22,EC,22EC029
Aditi Nair,2007-12-19,MALE,aditinair776@hotmail.com,9390858306,BATCH_25,EC,25EC034
Tarun Rani,2008-11-18,MALE,trani@gmail.com,9503027721,BATCH_27,CM,27CM034
Ishaan Krishnan,2004-03-30,FEMALE,ishaan_krishnan@yahoo.com,9147493549,BATCH_22,EE,22EE029
Varun Rani,2005-07-06,MALE,varunrani393@gmail.com,9214180471,BATCH_23,CS,23CS021
Yash Verma,2010-06-28,MALE,yash.verma@gmail.com,9374051337,BATCH_27,CC,27CC020
Nisha Mishra,2009-01-05,MALE,nmishra@gmail.com,9533085198,BATCH_27,ME,27ME019
Siddharth Yadav,2008-07-03,FEMALE,siddharth.yadav68@gmail.com,9228619827,BATCH_27,CD,27CD025
Bhavya Babu,2005-12-31,FEMALE,bhavya.babu18@outlook.com,9080964927,BATCH_23,CI,23CI017
Varun Malhotra,2010-01-15,MALE,varun.malhotra25@gmail.com,9106195816,BATCH_27,ME,27ME020
Vikram Desai,2006-12-10,MALE,vikramdesai@gmail.com,9078701041,BATCH_24,EE,24EE024
Diya Prasad,2005-11-05,MALE,diyaprasad604@gmail.com,9091006347,BATCH_24,CD,24CD031
Ishaan Nair,2010-08-02,MALE,ishaan.nair@gmail.com,9252308197,BATCH_27,CD,27CD026
Ira Rani,2008-12-19,MALE,irarani262@gmail.com,9631492896,BATCH_26,EC,26EC030
Aditya Pandey,2007-07-04,MALE,aditya.pandey@gmail.com,9698152873,BATCH_24,EE,24EE025
Om Chowdary,2007-02-13,OTHER,ochowdary@gmail.com,9267969278,BATCH_25,CS,25CS032
Vivaan Mohan,2006-07-16,FEMALE,vivaan.mohan@gmail.com,9923273798,BATCH_23,EC,23EC021
Kabir Malhotra,2008-11-18,MALE,kabirmalhotra@gmail.com,9648820893,BATCH_26,ME,26ME018
Esha Desai,2005-02-02,FEMALE,esha.desai@gmail.com,9122121548,BATCH_23,EC,23EC022
Lakshmi Mohan,2007-05-22,MALE,lmohan@gmail.com,9564464523,BATCH_26,CM,26CM020
Vikram Verma,2005-11-13,MALE,vikramverma@gmail.com,9953946766,BATCH_22,CC,22CC023
Kavya Chandra,2006-04-22,MALE,kchandra@gmail.com,9854044503,BATCH_25,ME,25ME030
Siddharth Mishra,2007-08-09,MALE,siddharth.mishra@gmail.com,9445829694,BATCH_25,EC,25EC035
Bhavya Babu,2005-01-02,MALE,bhavya_babu@gmail.com,9636229822,BATCH_23,EE,23EE028
Yash Babu,2007-11-13,FEMALE,ybabu@outlook.com,9938927334,BATCH_24,CC,24CC021
Isha Krishnan,2006-11-23,FEMALE,ishakrishnan41@gmail.com,9095332433,BATCH_24,CS,24CS022
Aarav Pillai,2008-09-15,MALE,aarav.pillai27@gmail.com,9228258577,BATCH_26,CD,26CD024
Krishna Gupta,2008-11-23,MALE,kgupta@gmail.com,9779631994,BATCH_27,CM,27CM035
Nikhil Gupta,2005-10-15,MALE,nikhilgupta856@gmail.com,9151804963,BATCH_23,CS,23CS022
Abhinav Devi,2005-02-09,MALE,abhinav.devi@gmail.com,9751676834,BATCH_22,CM,22CM028
Krishna Patel,2009-12-06,MALE,kpatel@yahoo.com,9781105703,BATCH_27,CC,27CC021
Divya Mishra,2003-12-31,MALE,divya.mishra33@gmail.com,9594673852,BATCH_22,EE,22EE030
Isha Devi,2004-11-18,MALE,isha.devi38@hotmail.com,9081832815,BATCH_22,EE,22EE031
Siddharth Patel,2003-05-15,FEMALE,siddharth.patel@gmail.com,9151812222,BATCH_22,CM,22CM029
Sanya Patel,2006-04-03,MALE,spatel@outlook.com,9855038471,BATCH_23,EE,23EE029
Nisha Prasad,2008-07-26,FEMALE,nisha.prasad@gmail.com,9098731267,BATCH_26,ME,26ME019
Vihaan Kumar,2007-04-01,FEMALE,vihaankumar@outlook.com,9607024748,BATCH_25,EC,25EC036
Uday Sharma,2006-12-24,FEMALE,uday_sharma@gmail.com,9720731156,BATCH_24,CS,24CS023
Nikhil Prasad,2006-03-21,FEMALE,nprasad@outlook.com,9149241371,BATCH_25,EC,25EC037
Reyansh Patel,2004-08-02,MALE,reyansh.patel@gmail.com,9913609539,BATCH_23,CI,23CI018
Krishna Rani,2006-10-17,MALE,krishna.rani59@gmail.com,9666223462,BATCH_23,ME,23ME033
Riya Babu,2009-07-01,MALE,riya.babu62@gmail.com,9635655824,BATCH_27,CS,27CS030
Vihaan Raju,2008-07-29,MALE,vihaanraju@gmail.com,9748041145,BATCH_26,EE,26EE036
Reyansh Rani,2009-12-16,FEMALE,reyanshrani@gmail.com,9721461727,BATCH_27,CC,27CC022
Aarav Mishra,2009-08-21,MALE,aaravmishra495@gmail.com,9241553691,BATCH_26,CC,26CC027
Dhruv Verma,2004-07-24,FEMALE,dhruv.verma24@gmail.com,9652035461,BATCH_22,EE,22EE032
Karthik Kumar,2008-07-16,FEMALE,kkumar@yahoo.com,9270940144,BATCH_25,ME,25ME031
Dhruv Patel,2007-11-28,FEMALE,dhruvpatel@outlook.com,9796746726,BATCH_26,CS,26CS019
Tarun Prasad,2005-10-14,MALE,tarun.prasad63@gmail.com,9485070134,BATCH_23,EE,23EE030
Aryan Reddy,2005-06-16,FEMALE,areddy@gmail.com,9574639904,BATCH_23,CS,23CS023
Vihaan Prasad,2004-10-10,FEMALE,vihaanprasad890@gmail.com,9047994126,BATCH_22,CD,22CD026
Zoya Pillai,2006-02-19,FEMALE,zoyapillai742@yahoo.com,9631664170,BATCH_24,CI,24CI027
Jyoti Goud,2004-10-16,MALE,jyoti_goud@gmail.com,9594652170,BATCH_23,CD,23CD021
Ishaan Menon,2005-04-14,MALE,ishaanmenon718@gmail.com,9109077182,BATCH_23,CC,23CC026
Kavya Reddy,2004-12-18,FEMALE,kavyareddy@gmail.com,9162172048,BATCH_22,EC,22EC030
Sanjay Kumar,2007-06-10,MALE,skumar@gmail.com,9033511637,BATCH_24,CC,24CC022
Aarav Pandey,2007-01-11,FEMALE,aaravpandey914@gmail.com,9800509083,BATCH_25,ME,25ME032
Reyansh Patel,2009-07-07,MALE,reyanshpatel@gmail.com,9336305757,BATCH_27,CI,27CI022
Aarav Krishnan,2010-02-02,FEMALE,aarav.krishnan61@gmail.com,9832566180,BATCH_27,CI,27CI023
Sanya Nair,2007-01-25,MALE,sanya.nair10@outlook.com,9148860849,BATCH_25,CI,25CI027
Siddharth Joshi,2007-06-17,MALE,siddharth_joshi@gmail.com,9656636363,BATCH_25,CM,25CM019
Chitra Goud,2004-09-01,MALE,cgoud@gmail.com,9374605233,BATCH_23,CD,23CD022
Gauri Rani,2004-08-12,FEMALE,gauri.rani31@gmail.com,9262576229,BATCH_22,CD,22CD027
Rakesh Nair,2003-06-06,MALE,rakesh.nair@gmail.com,9637004464,BATCH_22,ME,22ME018
Siddharth Reddy,2007-08-15,FEMALE,siddharth.reddy@outlook.com,9729084896,BATCH_25,CD,25CD025
Vivaan Singh,2005-01-01,MALE,vivaan.singh@hotmail.com,9353583995,BATCH_22,CD,22CD028
Bhavya Naidu,2009-12-01,MALE,bhavyanaidu37@gmail.com,9628584981,BATCH_27,CD,27CD027
Nisha Desai,2008-05-05,MALE,nishadesai811@gmail.com,9157434797,BATCH_26,CI,26CI024
Rakesh Babu,2006-04-03,MALE,rakeshbabu312@hotmail.com,9186453261,BATCH_24,CC,24CC023
Sai Verma,2008-09-15,FEMALE,sai.verma84@gmail.com,9204816113,BATCH_27,CD,27CD028
Divya Joshi,2010-06-27,FEMALE,divya.joshi@hotmail.com,9257349985,BATCH_27,EE,27EE024
Harini Mohan,2006-05-11,MALE,harinimohan340@yahoo.com,9376382749,BATCH_25,CD,25CD026
Siddharth Raju,2003-09-18,MALE,sraju@yahoo.com,9636794339,BATCH_22,CI,22CI025
Yash Kumar,2003-05-07,MALE,yash.kumar@gmail.com,9188561697,BATCH_22,ME,22ME019
Vikram Babu,2006-08-11,FEMALE,vikram.babu@gmail.com,9025643471,BATCH_23,CD,23CD023
Abhinav Chowdary,2007-03-06,FEMALE,abhinavchowdary988@gmail.com,9209764653,BATCH_24,CS,24CS024
Pranav Pillai,2006-08-13,FEMALE,pranav.pillai@gmail.com,9660728326,BATCH_24,ME,24ME033
Aditi Singh,2007-07-09,MALE,asingh@outlook.com,9454034989,BATCH_25,ME,25ME033
Priya Menon,2004-10-23,FEMALE,priya_menon@yahoo.com,9279242898,BATCH_23,CI,23CI019
Sanya Mohan,2008-09-02,FEMALE,sanya.mohan25@gmail.com,9401807681,BATCH_26,EE,26EE037
Bhavya Naidu,2006-10-18,MALE,bhavya_naidu@gmail.com,9830200565,BATCH_24,CI,24CI028
Chitra Chowdary,2008-10-13,MALE,cchowdary@gmail.com,9740640391,BATCH_25,EE,25EE023
Harini Sharma,2008-02-11,FEMALE,harini.sharma76@outlook.com,9094396907,BATCH_25,EE,25EE024
Jyoti Singh,2008-11-28,FEMALE,jyotisingh980@gmail.com,9078677550,BATCH_25,ME,25ME034
Arjun Singh,2007-01-06,OTHER,arjunsingh5@gmail.com,9583534858,BATCH_24,CC,24CC024
Krishna Verma,2004-04-25,MALE,krishna.verma71@yahoo.com,9099974192,BATCH_23,CD,23CD024
Om Devi,2004-05-02,FEMALE,omdevi947@outlook.com,9324715258,BATCH_22,CS,22CS020
Ishaan Kumar,2005-01-14,FEMALE,ishaankumar709@yahoo.com,9963180098,BATCH_22,CD,22CD029
Naveen Goud,2004-05-24,MALE,naveen.goud17@gmail.com,9430320814,BATCH_22,CI,22CI026
Diya Iyer,2003-05-07,FEMALE,diya_iyer@gmail.com,9814962340,BATCH_22,CI,22CI027
Sanya Babu,2008-03-30,FEMALE,sanyababu429@gmail.com,9050578462,BATCH_26,EC,26EC031
Aryan Kapoor,2005-07-24,FEMALE,aryan_kapoor@outlook.com,9999575380,BATCH_23,CS,23CS024
Jyoti Joshi,2005-04-18,FEMALE,jyoti_joshi@gmail.com,9221249543,BATCH_22,CD,22CD030
Krishna Sharma,2005-12-15,FEMALE,krishna.sharma18@gmail.com,9438822114,BATCH_24,EE,24EE026
Gauri Mohan,2004-08-02,MALE,gauri_mohan@gmail.com,9287514342,BATCH_22,CM,22CM030
Priya Yadav,2010-06-10,MALE,priya_yadav@outlook.com,9417150076,BATCH_27,CM,27CM036
Kavya Mishra,2006-11-07,FEMALE,kavyamishra@yahoo.com,9244183281,BATCH_25,EC,25EC038
Diya Rao,2004-11-21,MALE,diya_rao@gmail.com,9317555928,BATCH_22,EC,22EC031
Zoya Malhotra,2004-06-05,FEMALE,zmalhotra@gmail.com,9288100639,BATCH_22,ME,22ME020
Chitra Desai,2005-04-17,MALE,chitradesai516@gmail.com,9508786878,BATCH_23,ME,23ME034
Reyansh Menon,2005-02-09,MALE,reyansh.menon@gmail.com,9366492907,BATCH_24,CI,24CI029
Rohan Kapoor,2008-06-15,MALE,rohankapoor492@yahoo.com,9081463580,BATCH_27,EE,27EE025
Lakshmi Rao,2003-03-08,MALE,lakshmi.rao86@gmail.com,9018285233,BATCH_22,EC,22EC032
Dhruv Patel,2007-09-28,FEMALE,dhruv.patel69@gmail.com,9164321269,BATCH_25,CI,25CI028
Nikhil Mohan,2008-12-02,FEMALE,nikhil.mohan@yahoo.com,9561547055,BATCH_26,ME,26ME020
Zoya Kumar,2008-01-29,FEMALE,zoya.kumar@gmail.com,9796373100,BATCH_26,ME,26ME021
Yash Babu,2004-04-13,FEMALE,yashbabu@gmail.com,9026509962,BATCH_22,CC,22CC024
Sai Prasad,2009-12-15,FEMALE,saiprasad@hotmail.com,9293989085,BATCH_27,EE,27EE026
Rahul Rani,2004-04-21,MALE,rahul_rani@outlook.com,9929146968,BATCH_22,CI,22CI028
Lakshmi Chandra,2007-08-14,MALE,lakshmi.chandra70@gmail.com,9244472322,BATCH_24,EE,24EE027
Diya Iyer,2004-12-12,FEMALE,diyaiyer758@gmail.com,9906739634,BATCH_22,CC,22CC025
Reyansh Pandey,2007-06-22,FEMALE,reyanshpandey663@outlook.com,9785294563,BATCH_25,CS,25CS033
Vikram Rani,2008-05-01,FEMALE,vrani@gmail.com,9895608973,BATCH_26,EE,26EE038
Ishaan Reddy,2009-09-03,MALE,ishaan.reddy86@gmail.com,9149870378,BATCH_26,CI,26CI025
Sai Babu,2009-04-20,MALE,saibabu321@gmail.com,9076617061,BATCH_26,CS,26CS020
Gauri Malhotra,2008-06-12,FEMALE,gaurimalhotra@gmail.com,9488357192,BATCH_26,CC,26CC028
Ira Pillai,2007-12-20,FEMALE,irapillai@gmail.com,9474367136,BATCH_25,EE,25EE025
Gauri Verma,2005-07-11,MALE,gverma@outlook.com,9438709837,BATCH_23,CI,23CI020
Aditi Desai,2007-03-30,FEMALE,adesai@gmail.com,9954316526,BATCH_25,CS,25CS034
Rohan Patel,2008-12-16,MALE,rohanpatel@gmail.com,9837200451,BATCH_26,CI,26CI026
Aditya Yadav,2006-06-04,FEMALE,aditya.yadav@gmail.com,9700766177,BATCH_25,EE,25EE026
Kabir Pillai,2006-05-02,MALE,kabirpillai753@gmail.com,9235927916,BATCH_24,CM,24CM025
Nisha Kapoor,2007-11-06,FEMALE,nisha_kapoor@gmail.com,9747217124,BATCH_25,EC,25EC039
Reyansh Menon,2007-07-13,MALE,reyanshmenon165@gmail.com,9901681207,BATCH_26,CS,26CS021
Kabir Naidu,2007-09-24,FEMALE,kabir.naidu1@outlook.com,9836607983,BATCH_25,ME,25ME035
Jyoti Rani,2008-09-24,MALE,jyotirani@yahoo.com,9840446565,BATCH_26,CD,26CD025
Divya Reddy,2005-08-01,FEMALE,dreddy@outlook.com,9917497065,BATCH_23,ME,23ME035
Diya Reddy,2004-07-19,MALE,diya.reddy85@gmail.com,9531235848,BATCH_23,EE,23EE031
Vihaan Malhotra,2009-03-14,FEMALE,vihaan.malhotra@yahoo.com,9584009062,BATCH_27,EC,27EC028
Dhruv Mohan,2006-02-04,FEMALE,dhruvmohan@yahoo.com,9504121506,BATCH_23,ME,23ME036
Nikhil Kumar,2006-07-25,MALE,nikhilkumar70@hotmail.com,9385981828,BATCH_24,CD,24CD032
Arjun Reddy,2005-11-13,FEMALE,arjun.reddy70@gmail.com,9129751910,BATCH_23,CM,23CM015
Pranav Mohan,2008-11-12,FEMALE,pranavmohan@gmail.com,9431142626,BATCH_25,EE,25EE027
Kabir Gupta,2009-07-11,MALE,kabir_gupta@gmail.com,9691070861,BATCH_27,CM,27CM037
Tarun Patel,2007-09-25,MALE,tarunpatel634@gmail.com,9465592189,BATCH_25,ME,25ME036
Vihaan Pandey,2004-08-20,OTHER,vpandey@gmail.com,9148783103,BATCH_22,EC,22EC033
Yash Prasad,2006-01-06,MALE,yash.prasad86@gmail.com,9940970527,BATCH_24,EE,24EE028
Rohan Verma,2004-08-24,MALE,rohanverma629@gmail.com,9891248839,BATCH_23,EC,23EC023
Zoya Iyer,2007-09-17,FEMALE,zoya_iyer@gmail.com,9078235784,BATCH_25,CS,25CS035
Manish Verma,2009-05-31,FEMALE,manish_verma@gmail.com,9968736894,BATCH_26,EE,26EE039
Kavya Menon,2006-03-02,FEMALE,kavyamenon26@gmail.com,9709991738,BATCH_24,ME,24ME034
Tarun Raju,2007-11-14,FEMALE,tarunraju527@outlook.com,9148356508,BATCH_25,ME,25ME037
Krishna Nair,2010-07-25,MALE,krishnanair@gmail.com,9660297294,BATCH_27,EC,27EC029
Nikhil Yadav,2007-07-24,MALE,nikhil.yadav@gmail.com,9158148881,BATCH_24,EE,24EE029
Siddharth Mohan,2008-11-16,MALE,siddharthmohan551@gmail.com,9151641195,BATCH_26,ME,26ME022
Naveen Yadav,2005-07-12,OTHER,nyadav@gmail.com,9746934432,BATCH_23,EE,23EE032
Vivaan Singh,2008-12-23,MALE,vsingh@gmail.com,9107071634,BATCH_26,CC,26CC029
Aditi Patel,2004-02-25,MALE,aditipatel211@gmail.com,9801374258,BATCH_22,EE,22EE033
Nikhil Babu,2010-08-06,FEMALE,nikhil.babu95@outlook.com,9719174251,BATCH_27,CD,27CD029
Kavya Sharma,2006-12-29,FEMALE,ksharma@gmail.com,9219804184,BATCH_23,CM,23CM016
Yash Rao,2008-05-09,MALE,yash_rao@gmail.com,9375177784,BATCH_26,CI,26CI027
Vikram Verma,2009-03-07,MALE,vikram_verma@gmail.com,9426957538,BATCH_26,CM,26CM021
Sai Patel,2007-09-15,FEMALE,saipatel@gmail.com,9989921722,BATCH_24,ME,24ME035
Harini Malhotra,2008-12-22,MALE,harini.malhotra53@outlook.com,9162678214,BATCH_26,CD,26CD026
Priya Malhotra,2005-06-06,MALE,priya.malhotra@gmail.com,9430534475,BATCH_24,EC,24EC025
Sanya Chowdary,2007-01-17,FEMALE,sanya.chowdary@gmail.com,9818981378,BATCH_24,CI,24CI030
Sanjay Malhotra,2005-07-10,MALE,sanjaymalhotra65@gmail.com,9432324693,BATCH_24,EC,24EC026
Nikhil Chandra,2004-12-21,MALE,nikhilchandra367@gmail.com,9677037379,BATCH_22,CS,22CS021
Priya Desai,2005-01-21,MALE,priyadesai309@gmail.com,9879296863,BATCH_24,EC,24EC027
Vihaan Babu,2004-02-07,OTHER,vihaan.babu98@gmail.com,9084824179,BATCH_23,CI,23CI021
Ananya Pandey,2005-09-11,FEMALE,ananya.pandey85@gmail.com,9132194024,BATCH_22,CC,22CC026
Esha Verma,2004-01-19,FEMALE,everma@gmail.com,9729488318,BATCH_22,EE,22EE034
Vivaan Yadav,2008-05-05,MALE,vivaanyadav@gmail.com,9989231324,BATCH_26,CC,26CC030
Aditi Devi,2009-05-04,FEMALE,aditi_devi@gmail.com,9950385433,BATCH_26,EE,26EE040
Tanvi Goud,2007-08-20,MALE,tanvigoud567@hotmail.com,9950355889,BATCH_25,CC,25CC036
Dhruv Gupta,2010-06-19,FEMALE,dhruvgupta6@gmail.com,9376932879,BATCH_27,CM,27CM038
Pranav Patel,2009-09-03,FEMALE,pranav.patel@gmail.com,9412287670,BATCH_27,EC,27EC030
Varun Yadav,2005-12-24,MALE,varun_yadav@gmail.com,9402701168,BATCH_23,CD,23CD025
Isha Babu,2005-04-02,FEMALE,ishababu872@gmail.com,9980965590,BATCH_22,EE,22EE035
Ishaan Pillai,2008-06-11,MALE,ishaanpillai227@gmail.com,9963946845,BATCH_26,EC,26EC032
Pranav Pillai,2009-02-09,MALE,pranavpillai@outlook.com,9799388684,BATCH_27,EE,27EE027
Rahul Goud,2003-01-07,MALE,rahul.goud@gmail.com,9171063781,BATCH_22,CS,22CS022
Chitra Nair,2004-04-20,FEMALE,cnair@outlook.com,9196600587,BATCH_22,CI,22CI029
Gauri Joshi,2005-11-23,MALE,gauri.joshi@gmail.com,9068580698,BATCH_23,CS,23CS025
Chitra Verma,2009-07-17,FEMALE,chitraverma744@gmail.com,9717711034,BATCH_26,EC,26EC033
Uday Iyer,2009-12-13,FEMALE,udayiyer@gmail.com,9407490068,BATCH_26,CD,26CD027
Sanya Devi,2007-10-15,MALE,sanyadevi103@gmail.com,9986598460,BATCH_24,CD,24CD033
Naveen Pillai,2009-02-12,FEMALE,naveen.pillai25@gmail.com,9780013381,BATCH_27,CS,27CS031
Sanjay Rao,2007-09-30,FEMALE,sanjay_rao@gmail.com,9767350781,BATCH_25,EC,25EC040
Vivaan Pandey,2009-11-13,FEMALE,vivaanpandey580@gmail.com,9098731331,BATCH_27,EE,27EE028
Tanvi Menon,2007-09-22,MALE,tanvi.menon41@gmail.com,9272795596,BATCH_24,EE,24EE030
Arjun Joshi,2004-03-21,FEMALE,arjunjoshi@gmail.com,9719670310,BATCH_22,EE,22EE036
Dhruv Nair,2007-02-26,FEMALE,dhruv_nair@yahoo.com,9370587752,BATCH_25,CM,25CM020
Aditi Rani,2008-01-08,MALE,arani@outlook.com,9103283111,BATCH_26,CD,26CD028
Karthik Naidu,2006-01-13,MALE,karthik.naidu62@gmail.com,9593241832,BATCH_23,CC,23CC027
Sanjay Babu,2008-05-29,FEMALE,sanjaybabu499@gmail.com,9774601108,BATCH_26,EE,26EE041
Riya Kapoor,2008-03-31,MALE,riya.kapoor@gmail.com,9375277975,BATCH_27,CS,27CS032
Divya Malhotra,2009-07-10,FEMALE,divyamalhotra913@outlook.com,9812027258,BATCH_27,EE,27EE029
Ananya Pillai,2004-03-25,MALE,ananya.pillai@gmail.com,9094403020,BATCH_22,CM,22CM031
Uday Naidu,2006-12-29,FEMALE,udaynaidu870@yahoo.com,9976621541,BATCH_24,CD,24CD034
Rohan Babu,2007-09-12,FEMALE,rohan.babu75@gmail.com,9220054364,BATCH_25,CS,25CS036
Arjun Singh,2007-02-08,MALE,arjun.singh@yahoo.com,9784498838,BATCH_25,EC,25EC041
Karthik Kapoor,2007-11-07,FEMALE,karthikkapoor916@gmail.com,9580004891,BATCH_25,CC,25CC037
Reyansh Yadav,2008-01-05,FEMALE,reyansh.yadav20@gmail.com,9097140863,BATCH_27,CC,27CC023
Varun Verma,2009-07-18,MALE,varun_verma@gmail.com,9060682179,BATCH_27,CD,27CD030
Diya Menon,2006-12-22,MALE,diya.menon@gmail.com,9517656983,BATCH_24,EC,24EC028
Ira Patel,2007-08-03,FEMALE,ipatel@gmail.com,9519662714,BATCH_26,CS,26CS022
Ananya Krishnan,2005-03-10,FEMALE,ananyakrishnan@gmail.com,9466896761,BATCH_23,CS,23CS026
Uday Kapoor,2008-10-18,FEMALE,udaykapoor@yahoo.com,9706959901,BATCH_26,EC,26EC034
Esha Mishra,2008-05-30,FEMALE,eshamishra@gmail.com,9495973786,BATCH_26,CD,26CD029
Bhavya Menon,2006-03-01,MALE,bhavya_menon@yahoo.com,9694743418,BATCH_24,CS,24CS025
Rahul Rao,2005-11-26,FEMALE,rahulrao@gmail.com,9583630392,BATCH_22,CS,22CS023
Rakesh Goud,2006-02-24,MALE,rakesh.goud@gmail.com,9300161832,BATCH_24,CD,24CD035
Krishna Gupta,2007-09-21,MALE,krishna_gupta@gmail.com,9324096526,BATCH_25,ME,25ME038
Arjun Pandey,2007-06-02,MALE,arjun.pandey@gmail.com,9013988784,BATCH_24,CC,24CC025
Harini Raju,2006-07-01,FEMALE,harini.raju@gmail.com,9307487813,BATCH_25,ME,25ME039
Divya Iyer,2004-04-18,MALE,divya_iyer@yahoo.com,9594714553,BATCH_22,EE,22EE037
Aditya Kapoor,2006-11-06,MALE,adityakapoor593@outlook.com,9743260055,BATCH_25,CI,25CI029
Rakesh Mishra,2005-02-08,FEMALE,rakesh.mishra49@gmail.com,9553925883,BATCH_24,CD,24CD036
Tanvi Babu,2009-12-13,MALE,tanvi.babu@gmail.com,9699165872,BATCH_26,CM,26CM022
Krishna Mohan,2006-11-30,FEMALE,krishnamohan@gmail.com,9724460957,BATCH_24,CD,24CD037
Isha Rao,2005-03-08,MALE,isha_rao@gmail.com,9619411236,BATCH_23,ME,23ME037
Zoya Mishra,2005-02-04,FEMALE,zoyamishra909@gmail.com,9124617578,BATCH_23,CC,23CC028
Gauri Pillai,2006-09-03,MALE,gauripillai@gmail.com,9298020291,BATCH_25,ME,25ME040
Vivaan Goud,2009-06-21,FEMALE,vivaan_goud@gmail.com,9444962521,BATCH_26,EC,26EC035
Vikram Menon,2006-05-28,FEMALE,vikram_menon@gmail.com,9881073276,BATCH_24,CI,24CI031
Aarav Nair,2004-03-05,FEMALE,aaravnair@gmail.com,9974255136,BATCH_23,EC,23EC024
Rohan Singh,2010-01-16,MALE,rohan.singh@gmail.com,9318672075,BATCH_27,CM,27CM039
Yash Rao,2005-04-20,FEMALE,yashrao@gmail.com,9029708137,BATCH_23,CC,23CC029
Riya Pandey,2009-11-16,FEMALE,riya.pandey83@gmail.com,9484618028,BATCH_26,CI,26CI028
Siddharth Kumar,2004-11-13,MALE,siddharthkumar131@gmail.com,9468576786,BATCH_22,EE,22EE038
Ishaan Gupta,2004-07-28,FEMALE,ishaangupta645@gmail.com,9165438441,BATCH_22,CD,22CD031
Sanjay Singh,2006-10-30,MALE,sanjay.singh@gmail.com,9940847727,BATCH_24,CS,24CS026
Priya Verma,2004-06-03,FEMALE,priya.verma24@gmail.com,9278735540,BATCH_22,EC,22EC034
Yash Naidu,2005-02-10,MALE,yash.naidu@gmail.com,9133228898,BATCH_23,CD,23CD026
Chitra Menon,2007-02-25,MALE,chitra_menon@outlook.com,9147732010,BATCH_25,CS,25CS037
Manish Sharma,2004-07-25,MALE,manishsharma460@outlook.com,9166953432,BATCH_22,CI,22CI030
Kabir Rao,2009-10-01,MALE,kabirrao@hotmail.com,9014960914,BATCH_27,CS,27CS033
Ananya Raju,2006-07-25,MALE,ananyaraju147@outlook.com,9026423624,BATCH_25,ME,25ME041
Abhinav Raju,2004-01-18,MALE,araju@outlook.com,9389347649,BATCH_22,CS,22CS024
Kabir Patel,2010-06-10,FEMALE,kpatel@gmail.com,9334533843,BATCH_27,ME,27ME021
Uday Raju,2005-04-14,MALE,udayraju611@gmail.com,9483795233,BATCH_23,ME,23ME038
Vivaan Malhotra,2009-06-13,FEMALE,vivaanmalhotra@gmail.com,9522554942,BATCH_27,ME,27ME022
Om Chowdary,2007-05-25,MALE,omchowdary536@gmail.com,9146440261,BATCH_25,EC,25EC042
Meera Mohan,2007-03-18,MALE,meera.mohan@gmail.com,9483550542,BATCH_25,CI,25CI030
Zoya Chandra,2008-10-24,MALE,zoya.chandra@gmail.com,9120381876,BATCH_25,CI,25CI031
Vihaan Pillai,2005-10-23,FEMALE,vihaan.pillai@outlook.com,9080267822,BATCH_23,EE,23EE033
Ira Mohan,2008-03-31,MALE,iramohan134@gmail.com,9520193064,BATCH_25,CD,25CD027
Om Mohan,2007-11-24,MALE,omohan@gmail.com,9949265118,BATCH_24,CC,24CC026
Diya Joshi,2009-09-11,FEMALE,diya_joshi@gmail.com,9631691455,BATCH_27,CI,27CI024
Sanya Prasad,2007-06-06,MALE,sanya.prasad90@outlook.com,9243754025,BATCH_25,CS,25CS038
Aryan Chandra,2005-07-03,FEMALE,aryan.chandra62@gmail.com,9302167380,BATCH_23,CS,23CS027
Kavya Kumar,2007-06-30,FEMALE,kkumar@gmail.com,9595562168,BATCH_25,CD,25CD028
Isha Yadav,2007-09-10,FEMALE,isha.yadav55@gmail.com,9200805701,BATCH_24,CD,24CD038
Gauri Mohan,2009-11-02,MALE,gaurimohan291@yahoo.com,9672461051,BATCH_27,CC,27CC024
Vihaan Krishnan,2009-07-30,MALE,vihaankrishnan@outlook.com,9028653839,BATCH_27,CC,27CC025
Rahul Kumar,2010-05-31,FEMALE,rahulkumar809@gmail.com,9874971512,BATCH_27,CI,27CI025
Gauri Singh,2006-12-19,MALE,gauri.singh67@gmail.com,9140602933,BATCH_24,ME,24ME036
Sanjay Chandra,2005-05-25,MALE,sanjay_chandra@gmail.com,9475393600,BATCH_24,CI,24CI032
Isha Iyer,2007-01-03,MALE,isha.iyer14@gmail.com,9042318206,BATCH_25,CD,25CD029
Kavya Mohan,2004-01-22,MALE,kavyamohan268@gmail.com,9575995596,BATCH_22,CM,22CM032
Lakshmi Patel,2006-02-03,MALE,lakshmi_patel@gmail.com,9627622679,BATCH_24,CM,24CM026
Varun Kapoor,2007-07-11,FEMALE,varunkapoor@hotmail.com,9442867963,BATCH_25,CI,25CI032
Esha Desai,2009-09-25,MALE,eshadesai@gmail.com,9945119324,BATCH_27,CI,27CI026
Nisha Goud,2009-04-13,MALE,nisha_goud@gmail.com,9895372278,BATCH_26,EC,26EC036
Yash Verma,2006-10-28,OTHER,yverma@hotmail.com,9211700524,BATCH_24,CC,24CC027
Isha Nair,2007-05-10,MALE,isha.nair@gmail.com,9435849811,BATCH_25,CD,25CD030
Vihaan Joshi,2008-01-23,FEMALE,vjoshi@yahoo.com,9071695007,BATCH_26,ME,26ME023
Kabir Singh,2007-12-13,MALE,kabirsingh220@outlook.com,9955030795,BATCH_25,CM,25CM021
Om Yadav,2006-06-07,FEMALE,omyadav821@gmail.com,9076202820,BATCH_24,CC,24CC028
Ishaan Goud,2008-05-18,MALE,ishaan.goud@gmail.com,9060154138,BATCH_27,CM,27CM040
Arjun Raju,2006-09-20,MALE,arjun.raju@gmail.com,9859266370,BATCH_24,CD,24CD039
Manish Singh,2005-11-15,FEMALE,manishsingh949@outlook.com,9500507026,BATCH_23,CM,23CM017
Yash Nair,2006-05-08,MALE,yashnair@gmail.com,9666144942,BATCH_24,EE,24EE031
Divya Babu,2007-06-29,MALE,divya.babu78@gmail.com,9124210637,BATCH_25,CD,25CD031
Varun Iyer,2008-11-11,MALE,viyer@outlook.com,9929644477,BATCH_26,CC,26CC031
Riya Gupta,2008-11-02,MALE,riyagupta987@gmail.com,9837501481,BATCH_27,CD,27CD031
Om Singh,2006-11-30,MALE,om.singh23@gmail.com,9113414812,BATCH_24,CI,24CI033
Vikram Mishra,2005-06-16,FEMALE,vmishra@gmail.com,9909022599,BATCH_23,CD,23CD027
Lakshmi Sharma,2007-09-09,MALE,lakshmisharma@outlook.com,9024024187,BATCH_25,CC,25CC038
Aditi Malhotra,2008-11-02,MALE,aditimalhotra523@gmail.com,9341040629,BATCH_26,CC,26CC032
Vivaan Kumar,2008-11-25,FEMALE,vkumar@gmail.com,9328233177,BATCH_27,EE,27EE030
Ishaan Krishnan,2007-04-03,MALE,ishaan.krishnan@gmail.com,9927065379,BATCH_25,EE,25EE028
Yash Desai,2004-12-09,MALE,yash.desai12@hotmail.com,9276959534,BATCH_22,CI,22CI031
Kabir Babu,2004-08-09,MALE,kabirbabu416@gmail.com,9270369249,BATCH_23,CM,23CM018
Kavya Verma,2007-02-11,FEMALE,kverma@gmail.com,9944545697,BATCH_26,CC,26CC033
Abhinav Rao,2005-12-28,MALE,abhinav_rao@gmail.com,9970181589,BATCH_22,EC,22EC035
Sanya Krishnan,2009-02-15,FEMALE,sanyakrishnan937@yahoo.com,9733385683,BATCH_27,ME,27ME023
Gauri Kapoor,2005-10-03,MALE,gaurikapoor232@gmail.com,9128485505,BATCH_23,CI,23CI022
Krishna Chandra,2008-09-07,MALE,krishna.chandra59@hotmail.com,9748747793,BATCH_25,CD,25CD032
Jyoti Rani,2008-09-07,MALE,jyoti.rani34@gmail.com,9410375141,BATCH_25,CM,25CM022
Riya Desai,2008-05-19,FEMALE,riyadesai75@gmail.com,9487949317,BATCH_27,CD,27CD032
Sai Reddy,2010-04-21,OTHER,saireddy823@gmail.com,9668574397,BATCH_27,CI,27CI027
Aryan Pandey,2007-05-16,FEMALE,aryanpandey833@hotmail.com,9905389059,BATCH_25,ME,25ME042
Karthik Desai,2005-11-01,MALE,karthik.desai57@gmail.com,9430749820,BATCH_23,EE,23EE034
Gauri Malhotra,2009-01-09,FEMALE,gauri_malhotra@gmail.com,9917507519,BATCH_27,CM,27CM041
Varun Verma,2009-09-21,FEMALE,varun.verma59@hotmail.com,9147841523,BATCH_26,CD,26CD030
Nikhil Mohan,2004-01-30,FEMALE,nikhil.mohan@outlook.com,9682132551,BATCH_23,ME,23ME039
Aditi Pillai,2009-05-12,FEMALE,aditi_pillai@gmail.com,9025600413,BATCH_26,CM,26CM023
Aditya Rani,2003-08-08,MALE,adityarani529@gmail.com,9673788686,BATCH_22,CI,22CI032
Rahul Iyer,2005-07-16,MALE,rahul_iyer@gmail.com,9191343169,BATCH_23,CI,23CI023
Pranav Nair,2004-03-06,FEMALE,pranavnair767@gmail.com,9264923272,BATCH_22,CS,22CS025
Isha Gupta,2005-11-14,MALE,isha_gupta@outlook.com,9032308880,BATCH_23,CC,23CC030
Kabir Kumar,2005-08-23,FEMALE,kabirkumar@gmail.com,9267086665,BATCH_23,EC,23EC025
Nisha Kapoor,2006-01-04,FEMALE,nishakapoor@outlook.com,9019176532,BATCH_23,CC,23CC031
Lakshmi Verma,2006-04-07,FEMALE,lverma@gmail.com,9044217953,BATCH_24,CI,24CI034
Nikhil Joshi,2004-09-27,FEMALE,nikhiljoshi@gmail.com,9418498693,BATCH_22,EE,22EE039
Rohan Mishra,2008-03-08,FEMALE,rohanmishra857@gmail.com,9047633011,BATCH_26,CD,26CD031
Nisha Rani,2009-08-01,MALE,nisha.rani@gmail.com,9073198504,BATCH_26,CI,26CI029
Divya Rani,2010-06-20,MALE,divyarani505@gmail.com,9578137314,BATCH_27,CM,27CM042
Kavya Krishnan,2005-01-24,MALE,kavya.krishnan@gmail.com,9443197406,BATCH_23,EE,23EE035
Pranav Kapoor,2009-06-11,MALE,pranav_kapoor@outlook.com,9299264408,BATCH_26,CD,26CD032
Rohan Reddy,2009-02-09,MALE,rohan_reddy@gmail.com,9071912943,BATCH_27,CM,27CM043
Riya Malhotra,2008-09-29,FEMALE,riyamalhotra938@gmail.com,9595514957,BATCH_25,CC,25CC039
Manish Krishnan,2003-07-15,MALE,manishkrishnan769@gmail.com,9361527695,BATCH_22,EC,22EC036
Pranav Pandey,2009-01-15,MALE,pranav.pandey68@gmail.com,9033167590,BATCH_26,CD,26CD033
Lakshmi Raju,2005-03-10,MALE,lakshmiraju34@gmail.com,9467658179,BATCH_23,ME,23ME040
Tarun Kumar,2005-05-17,FEMALE,tarunkumar@gmail.com,9407896778,BATCH_23,CC,23CC032
Rahul Desai,2008-02-19,FEMALE,rahuldesai716@gmail.com,9929802844,BATCH_26,CS,26CS023
Naveen Pillai,2005-11-05,MALE,naveen.pillai@gmail.com,9863210613,BATCH_23,CM,23CM019
Pranav Reddy,2007-09-12,MALE,pranav.reddy@gmail.com,9894445170,BATCH_25,CC,25CC040
Krishna Malhotra,2006-04-24,MALE,krishna_malhotra@gmail.com,9903915959,BATCH_24,CM,24CM027
Vikram Yadav,2007-06-30,FEMALE,vikram_yadav@gmail.com,9486401557,BATCH_25,CS,25CS039
Harini Joshi,2005-05-27,FEMALE,harinijoshi@gmail.com,9887106956,BATCH_22,CI,22CI033
Reyansh Devi,2008-08-25,MALE,rdevi@gmail.com,9945491801,BATCH_25,CS,25CS040
Vikram Raju,2004-11-19,OTHER,vikram.raju47@yahoo.com,9746415748,BATCH_22,CI,22CI034
Divya Kumar,2010-08-23,MALE,divyakumar@gmail.com,9490584968,BATCH_27,CC,27CC026
Divya Raju,2009-04-07,MALE,divya.raju@hotmail.com,9770062795,BATCH_27,CC,27CC027
Esha Rao,2007-11-17,MALE,esha.rao31@yahoo.com,9254422535,BATCH_25,CD,25CD033
Ananya Naidu,2005-11-24,MALE,ananyanaidu@outlook.com,9761727460,BATCH_24,CI,24CI035
Uday Patel,2009-05-08,FEMALE,uday.patel2@gmail.com,9701449877,BATCH_27,EC,27EC031
Reyansh Kumar,2007-02-06,FEMALE,reyanshkumar530@gmail.com,9741647763,BATCH_25,EC,25EC043
Riya Prasad,2008-06-09,MALE,riya_prasad@yahoo.com,9027873621,BATCH_26,EE,26EE042
Diya Patel,2007-03-03,MALE,diya.patel73@gmail.com,9427702153,BATCH_25,ME,25ME043
Ira Sharma,2008-09-12,MALE,irasharma@gmail.com,9532279975,BATCH_25,EC,25EC044
Divya Babu,2004-05-12,MALE,dbabu@yahoo.com,9277185516,BATCH_22,CD,22CD032
Pranav Yadav,2006-05-17,MALE,pranav_yadav@gmail.com,9514627048,BATCH_25,EE,25EE029
Chitra Babu,2005-01-02,MALE,chitra_babu@gmail.com,9194611608,BATCH_23,EE,23EE036
Rakesh Joshi,2007-08-01,MALE,rakesh_joshi@gmail.com,9162469889,BATCH_25,ME,25ME044
Krishna Raju,2010-01-05,MALE,krishnaraju204@outlook.com,9817831357,BATCH_27,EC,27EC032
Lakshmi Desai,2006-05-18,FEMALE,lakshmidesai@gmail.com,9423506884,BATCH_24,CI,24CI036
Ishaan Pandey,2005-06-12,MALE,ishaan_pandey@hotmail.com,9044057106,BATCH_23,EE,23EE037
Aditi Menon,2004-11-28,FEMALE,amenon@gmail.com,9033373634,BATCH_23,CD,23CD028
Naveen Pandey,2009-07-01,MALE,naveenpandey391@gmail.com,9907746743,BATCH_27,ME,27ME024
Meera Yadav,2003-01-13,MALE,meerayadav@gmail.com,9105118426,BATCH_22,CS,22CS026
Sanjay Chandra,2004-03-19,FEMALE,sanjay_chandra@outlook.com,9783816453,BATCH_22,EE,22EE040
Om Patel,2006-02-19,FEMALE,om.patel79@gmail.com,9625265469,BATCH_24,EE,24EE032
Vikram Nair,2004-05-31,MALE,vikramnair@outlook.com,9968436453,BATCH_23,CM,23CM020
Vikram Prasad,2004-11-16,FEMALE,vikram_prasad@gmail.com,9349852973,BATCH_22,CC,22CC027
Aditya Krishnan,2007-10-01,MALE,aditya.krishnan78@yahoo.com,9309531225,BATCH_25,ME,25ME045
Priya Nair,2010-11-07,FEMALE,priya_nair@gmail.com,9972855417,BATCH_27,CI,27CI028
Riya Mohan,2008-08-06,MALE,riya.mohan67@yahoo.com,9756440314,BATCH_25,CM,25CM023
Kavya Sharma,2009-08-09,MALE,kavya.sharma@gmail.com,9831465003,BATCH_27,CM,27CM044
Rakesh Kumar,2009-03-03,FEMALE,rakesh_kumar@gmail.com,9076907009,BATCH_27,ME,27ME025
Vikram Devi,2010-04-18,MALE,vikram.devi@outlook.com,9299678343,BATCH_27,CI,27CI029
Naveen Joshi,2009-01-14,MALE,naveen.joshi@gmail.com,9764359325,BATCH_27,CD,27CD033
Reyansh Babu,2005-01-02,MALE,reyansh.babu@gmail.com,9906913098,BATCH_23,CM,23CM021
Vihaan Yadav,2007-11-19,MALE,vihaan.yadav@gmail.com,9857602731,BATCH_26,EC,26EC037
Vihaan Patel,2009-11-16,MALE,vihaan.patel@gmail.com,9779447749,BATCH_27,EE,27EE031
Reyansh Rani,2009-01-06,FEMALE,rrani@gmail.com,9030564415,BATCH_27,CD,27CD034
Uday Naidu,2005-10-26,MALE,udaynaidu@gmail.com,9551330591,BATCH_23,CC,23CC033
Dhruv Gupta,2008-04-11,FEMALE,dhruv.gupta@gmail.com,9809627861,BATCH_27,ME,27ME026
Lakshmi Chandra,2010-03-07,FEMALE,lakshmi.chandra42@gmail.com,9558877405,BATCH_27,CI,27CI030
Meera Krishnan,2009-07-26,MALE,meera_krishnan@gmail.com,9077272045,BATCH_27,CM,27CM045
Nikhil Mishra,2007-02-20,FEMALE,nikhilmishra993@gmail.com,9175282079,BATCH_24,EC,24EC029
Rohan Patel,2006-09-25,FEMALE,rohanpatel468@gmail.com,9930746452,BATCH_24,EE,24EE033
Tarun Raju,2009-06-10,FEMALE,tarunraju655@gmail.com,9744410769,BATCH_27,CC,27CC028
Manish Iyer,2006-04-02,MALE,manishiyer494@gmail.com,9913133860,BATCH_25,CC,25CC041
Aryan Kapoor,2009-02-02,FEMALE,aryan_kapoor@gmail.com,9916536470,BATCH_26,EC,26EC038
Aditya Nair,2006-12-14,FEMALE,aditya_nair@gmail.com,9717185606,BATCH_25,CC,25CC042
Yash Kumar,2006-11-18,MALE,yashkumar@gmail.com,9176799359,BATCH_25,CI,25CI033
Rakesh Menon,2006-01-17,MALE,rakesh.menon@gmail.com,9558972359,BATCH_24,CI,24CI037
Divya Nair,2005-04-18,MALE,divya.nair63@gmail.com,9152037710,BATCH_24,EE,24EE034
Ira Malhotra,2006-12-03,FEMALE,ira_malhotra@gmail.com,9724665729,BATCH_25,CS,25CS041
Kabir Joshi,2006-09-15,MALE,kabirjoshi@gmail.com,9729129896,BATCH_24,CI,24CI038
Harini Goud,2008-07-18,MALE,harini.goud72@gmail.com,9792089456,BATCH_26,CD,26CD034
Nisha Goud,2008-06-14,FEMALE,nisha.goud92@gmail.com,9166630317,BATCH_26,CD,26CD035
Lakshmi Kapoor,2007-09-20,FEMALE,lakshmi.kapoor@outlook.com,9655108619,BATCH_24,CD,24CD040
Varun Reddy,2008-08-23,MALE,varunreddy530@gmail.com,9250210985,BATCH_26,CI,26CI030
Krishna Rani,2007-03-30,MALE,krishna_rani@yahoo.com,9153845035,BATCH_24,CI,24CI039
Nikhil Reddy,2004-03-30,FEMALE,nikhil_reddy@gmail.com,9623924151,BATCH_22,CD,22CD033
Aarav Iyer,2005-04-11,MALE,aaraviyer@gmail.com,9243845711,BATCH_23,ME,23ME041
Jyoti Gupta,2004-01-16,MALE,jyotigupta467@gmail.com,9364600987,BATCH_22,CM,22CM033
Abhinav Chandra,2006-08-25,FEMALE,abhinav.chandra90@gmail.com,9558485923,BATCH_23,ME,23ME042
Chitra Reddy,2006-01-01,MALE,chitra.reddy@gmail.com,9053782868,BATCH_24,CD,24CD041
Bhavya Sharma,2004-12-01,FEMALE,bhavya.sharma@hotmail.com,9307644058,BATCH_23,CC,23CC034
Harini Sharma,2009-11-26,MALE,harini.sharma17@gmail.com,9131212988,BATCH_27,EE,27EE032
Aditya Verma,2005-04-23,MALE,adityaverma@yahoo.com,9087059325,BATCH_24,ME,24ME037
Sai Babu,2005-01-07,FEMALE,sai.babu28@gmail.com,9159591945,BATCH_23,CM,23CM022
Aryan Pandey,2005-11-24,FEMALE,aryan.pandey64@gmail.com,9511268331,BATCH_23,CS,23CS028
Arjun Krishnan,2006-09-04,FEMALE,arjun.krishnan@gmail.com,9964715890,BATCH_25,CS,25CS042
Kabir Rani,2007-06-10,MALE,kabir_rani@outlook.com,9351356343,BATCH_25,ME,25ME046
Dhruv Rao,2008-11-15,FEMALE,dhruv.rao10@yahoo.com,9302025691,BATCH_26,ME,26ME024
Ishaan Raju,2009-04-15,OTHER,ishaan.raju33@gmail.com,9336063599,BATCH_26,CI,26CI031
Sanjay Krishnan,2005-05-15,FEMALE,skrishnan@outlook.com,9258562614,BATCH_23,CM,23CM023
Ananya Pandey,2004-11-24,FEMALE,ananya.pandey99@gmail.com,9458701204,BATCH_22,CC,22CC028
Nikhil Sharma,2007-01-06,FEMALE,nikhil.sharma5@gmail.com,9345446843,BATCH_26,EC,26EC039
Sai Rani,2005-05-18,MALE,srani@yahoo.com,9974500970,BATCH_24,CI,24CI040
Aditi Rani,2007-08-13,FEMALE,arani@hotmail.com,9212384877,BATCH_25,EC,25EC045
Diya Iyer,2005-11-24,MALE,diyer@hotmail.com,9190223334,BATCH_23,CI,23CI024
Aryan Rani,2008-03-20,FEMALE,aryanrani960@yahoo.com,9952242932,BATCH_26,EE,26EE043
Jyoti Mishra,2006-10-17,FEMALE,jmishra@gmail.com,9375919226,BATCH_23,EC,23EC026
Rohan Mohan,2006-04-02,FEMALE,rohan.mohan@gmail.com,9877130423,BATCH_24,EC,24EC030
Vihaan Rani,2007-04-25,MALE,vihaan.rani@outlook.com,9646890688,BATCH_24,EC,24EC031
Gauri Chandra,2008-12-16,MALE,gauri.chandra@gmail.com,9109367677,BATCH_26,CM,26CM024
Harini Gupta,2006-03-15,FEMALE,harini.gupta@gmail.com,9118237931,BATCH_24,EE,24EE035
Karthik Babu,2005-06-04,FEMALE,karthik.babu@gmail.com,9380046075,BATCH_23,ME,23ME043
Karthik Babu,2009-11-11,FEMALE,kbabu@gmail.com,9452045242,BATCH_27,CD,27CD035
Vivaan Sharma,2005-08-05,MALE,vivaan.sharma@gmail.com,9602000532,BATCH_23,EC,23EC027
Harini Yadav,2008-11-24,FEMALE,hyadav@gmail.com,9410276747,BATCH_25,CS,25CS043
Krishna Malhotra,2003-06-24,MALE,krishna.malhotra@gmail.com,9314000237,BATCH_22,EE,22EE041
Vikram Devi,2008-02-24,MALE,vikramdevi158@gmail.com,9403484545,BATCH_27,ME,27ME027
Vihaan Rao,2006-06-04,MALE,vihaanrao@yahoo.com,9746879271,BATCH_24,CS,24CS027
Om Verma,2010-12-08,FEMALE,overma@gmail.com,9015616197,BATCH_27,CC,27CC029
Manish Kapoor,2006-06-20,FEMALE,manishkapoor@yahoo.com,9472240553,BATCH_24,CD,24CD042
Ananya Gupta,2009-09-29,MALE,ananyagupta@gmail.com,9632494878,BATCH_27,CD,27CD036
Meera Chandra,2008-01-27,MALE,mchandra@gmail.com,9265163537,BATCH_26,CD,26CD036
Priya Malhotra,2005-09-12,MALE,pmalhotra@gmail.com,9346232168,BATCH_23,CS,23CS029
Diya Kumar,2008-01-22,FEMALE,diyakumar192@gmail.com,9341386517,BATCH_27,EC,27EC033
Dhruv Menon,2005-05-27,FEMALE,dhruv_menon@gmail.com,9527062433,BATCH_23,ME,23ME044
Aditya Kapoor,2009-03-13,MALE,adityakapoor937@outlook.com,9260614245,BATCH_26,CD,26CD037
Meera Chowdary,2007-07-25,MALE,meera.chowdary68@gmail.com,9558651150,BATCH_24,CC,24CC029
Riya Goud,2009-06-02,MALE,riya.goud34@gmail.com,9059974308,BATCH_27,CM,27CM046
Uday Sharma,2009-04-04,FEMALE,uday.sharma82@gmail.com,9604690174,BATCH_26,CM,26CM025
Meera Raju,2005-08-11,FEMALE,meera_raju@yahoo.com,9494202781,BATCH_22,CD,22CD034
Aditi Yadav,2006-08-02,FEMALE,ayadav@yahoo.com,9184535777,BATCH_24,CD,24CD043
Isha Patel,2005-06-21,FEMALE,isha.patel69@gmail.com,9266559147,BATCH_22,CC,22CC029
Priya Rao,2005-01-13,MALE,priyarao510@gmail.com,9366254361,BATCH_23,CD,23CD029
Siddharth Reddy,2010-11-08,FEMALE,siddharth.reddy37@gmail.com,9255317550,BATCH_27,CI,27CI031
Aarav Gupta,2010-11-28,MALE,aaravgupta99@gmail.com,9734479459,BATCH_27,CC,27CC030
Ananya Babu,2009-04-01,FEMALE,ananyababu@gmail.com,9438409277,BATCH_27,CM,27CM047
Karthik Pandey,2008-12-30,FEMALE,karthik.pandey@gmail.com,9745736414,BATCH_27,EE,27EE033
Vivaan Pillai,2007-12-12,MALE,vivaanpillai33@gmail.com,9778630781,BATCH_26,CD,26CD038
Ira Chowdary,2004-06-26,MALE,ira.chowdary50@gmail.com,9918831249,BATCH_22,EC,22EC037
Lakshmi Chowdary,2004-06-29,FEMALE,lakshmi_chowdary@gmail.com,9866630496,BATCH_22,ME,22ME021
Vivaan Yadav,2008-12-24,MALE,vivaan.yadav@gmail.com,9186679066,BATCH_26,CM,26CM026
Vivaan Rani,2005-05-22,MALE,vivaan.rani27@gmail.com,9204415682,BATCH_23,EE,23EE038
Vivaan Joshi,2003-04-23,FEMALE,vjoshi@outlook.com,9781460476,BATCH_22,CC,22CC030
Uday Raju,2008-07-25,FEMALE,uday.raju72@gmail.com,9734767149,BATCH_25,CD,25CD034
Reyansh Kumar,2008-10-08,FEMALE,reyanshkumar60@outlook.com,9298036577,BATCH_25,CI,25CI034
Siddharth Nair,2009-10-13,OTHER,siddharth.nair@gmail.com,9421391369,BATCH_27,CI,27CI032
Riya Raju,2006-01-21,MALE,riyaraju@outlook.com,9363836472,BATCH_25,EC,25EC046
Karthik Krishnan,2005-09-08,FEMALE,kkrishnan@hotmail.com,9426085502,BATCH_24,CC,24CC030
Uday Rao,2007-06-26,MALE,udayrao@gmail.com,9428635740,BATCH_24,CC,24CC031
Esha Kapoor,2004-09-30,FEMALE,ekapoor@gmail.com,9907293122,BATCH_22,CI,22CI035
Om Menon,2004-12-22,FEMALE,ommenon768@outlook.com,9443222087,BATCH_22,ME,22ME022
Chitra Joshi,2007-12-13,FEMALE,cjoshi@gmail.com,9761081435,BATCH_26,ME,26ME025
Yash Pandey,2005-11-20,MALE,ypandey@gmail.com,9986573179,BATCH_23,ME,23ME045
Krishna Mishra,2009-01-23,FEMALE,krishnamishra@gmail.com,9113449689,BATCH_27,CI,27CI033
Bhavya Nair,2006-03-17,FEMALE,bnair@gmail.com,9050682122,BATCH_25,CI,25CI035
Aditi Iyer,2003-12-05,FEMALE,aditi_iyer@gmail.com,9315975729,BATCH_22,CC,22CC031
Abhinav Gupta,2004-03-15,FEMALE,abhinav_gupta@outlook.com,9058359578,BATCH_22,CS,22CS027
Rahul Chowdary,2006-03-28,FEMALE,rchowdary@gmail.com,9613761035,BATCH_23,ME,23ME046
Riya Kumar,2004-10-02,MALE,riyakumar577@gmail.com,9846918165,BATCH_22,EE,22EE042
Harini Mohan,2006-05-26,MALE,hmohan@gmail.com,9265201201,BATCH_23,CC,23CC035
Vihaan Raju,2009-03-19,MALE,vihaan.raju58@gmail.com,9656799266,BATCH_27,EC,27EC034
Ira Krishnan,2003-12-25,OTHER,irakrishnan292@gmail.com,9673903169,BATCH_22,CS,22CS028
Yash Prasad,2005-12-17,FEMALE,yash_prasad@gmail.com,9405877374,BATCH_24,CM,24CM028
Abhinav Mishra,2007-10-09,FEMALE,abhinav_mishra@gmail.com,9645162510,BATCH_24,CM,24CM029
Pranav Mishra,2009-09-08,FEMALE,pranav_mishra@gmail.com,9741465183,BATCH_27,CI,27CI034
Karthik Menon,2007-02-26,FEMALE,karthikmenon570@outlook.com,9954351102,BATCH_26,CM,26CM027
Aditi Pandey,2004-01-26,FEMALE,aditi.pandey@outlook.com,9189156734,BATCH_23,EC,23EC028
Ira Verma,2009-06-28,MALE,ira_verma@gmail.com,9764497470,BATCH_26,ME,26ME026
Nisha Menon,2006-01-17,FEMALE,nishamenon@gmail.com,9321870395,BATCH_24,CC,24CC032
Varun Mishra,2009-02-22,MALE,varunmishra95@gmail.com,9398553237,BATCH_27,CM,27CM048
Aarav Desai,2005-03-13,FEMALE,aarav.desai@gmail.com,9686108447,BATCH_23,EE,23EE039
Karthik Yadav,2008-01-23,MALE,karthik.yadav62@yahoo.com,9154177657,BATCH_26,EC,26EC040
Vivaan Babu,2005-11-16,MALE,vivaanbabu720@outlook.com,9434938713,BATCH_23,CS,23CS030
Nikhil Yadav,2006-02-20,MALE,nyadav@yahoo.com,9662342530,BATCH_24,CI,24CI041
Kavya Babu,2005-12-29,MALE,kavyababu828@gmail.com,9936466960,BATCH_23,ME,23ME047
Chitra Chandra,2008-12-31,MALE,chitra_chandra@gmail.com,9508924464,BATCH_25,CD,25CD035
Vihaan Naidu,2007-05-12,FEMALE,vihaan.naidu@gmail.com,9582470807,BATCH_25,CM,25CM024
Abhinav Naidu,2009-09-08,FEMALE,abhinavnaidu766@outlook.com,9388523774,BATCH_27,CC,27CC031
Krishna Malhotra,2008-02-09,MALE,kmalhotra@outlook.com,9644796882,BATCH_26,CI,26CI032
Sai Mohan,2008-10-24,FEMALE,sai.mohan@gmail.com,9804460079,BATCH_26,CI,26CI033
Rahul Raju,2009-05-01,MALE,rahul_raju@gmail.com,9260322275,BATCH_27,EC,27EC035
Pranav Gupta,2006-05-22,FEMALE,pranav.gupta@gmail.com,9544432830,BATCH_24,ME,24ME038
Siddharth Prasad,2008-04-19,FEMALE,siddharth.prasad51@gmail.com,9998759153,BATCH_26,CM,26CM028
Nisha Joshi,2004-01-01,MALE,nisha.joshi@yahoo.com,9630258366,BATCH_22,CD,22CD035
Nikhil Chowdary,2007-04-05,MALE,nikhil.chowdary38@gmail.com,9352179211,BATCH_24,CI,24CI042
Aryan Joshi,2009-03-22,MALE,aryan.joshi44@gmail.com,9889737840,BATCH_27,EC,27EC036
Dhruv Kapoor,2008-03-10,FEMALE,dhruv.kapoor7@gmail.com,9839291238,BATCH_27,EC,27EC037
Rakesh Nair,2009-08-05,MALE,rakesh.nair52@gmail.com,9578149635,BATCH_27,CM,27CM049
Priya Kumar,2004-01-02,MALE,priyakumar@yahoo.com,9923879832,BATCH_22,CS,22CS029
Ishaan Iyer,2007-06-15,MALE,ishaan.iyer26@gmail.com,9242352560,BATCH_25,CD,25CD036
Aditya Raju,2007-03-25,MALE,adityaraju575@gmail.com,9557597488,BATCH_25,CC,25CC043
Tanvi Sharma,2004-10-18,FEMALE,tanvisharma@hotmail.com,9962637792,BATCH_22,EC,22EC038
Ira Patel,2004-05-16,FEMALE,irapatel332@gmail.com,9490878015,BATCH_22,ME,22ME023
Isha Mishra,2005-05-23,MALE,isha.mishra86@gmail.com,9551588863,BATCH_24,EE,24EE036
Abhinav Raju,2007-03-05,FEMALE,abhinavraju329@gmail.com,9462730147,BATCH_25,CS,25CS044
Vivaan Prasad,2003-09-15,MALE,vivaanprasad@gmail.com,9888663183,BATCH_22,EE,22EE043
Vihaan Rao,2006-11-16,MALE,vihaan.rao79@hotmail.com,9534322047,BATCH_24,CM,24CM030
Abhinav Singh,2007-04-12,MALE,abhinavsingh@gmail.com,9036279246,BATCH_25,CI,25CI036
Bhavya Prasad,2003-01-27,MALE,bprasad@gmail.com,9390756113,BATCH_22,ME,22ME024
Tanvi Rani,2006-08-26,MALE,tanvi.rani@outlook.com,9427894378,BATCH_24,CC,24CC033
Kabir Reddy,2006-05-28,MALE,kabirreddy@gmail.com,9185016641,BATCH_24,CS,24CS028
Bhavya Sharma,2007-08-17,FEMALE,bhavya_sharma@outlook.com,9771405770,BATCH_25,EC,25EC047
Jyoti Chowdary,2009-09-22,MALE,jyoti.chowdary15@gmail.com,9026874851,BATCH_27,EC,27EC038
Nikhil Pillai,2006-08-27,FEMALE,npillai@gmail.com,9845661155,BATCH_24,EC,24EC032
Harini Rao,2009-09-04,FEMALE,harinirao560@gmail.com,9586435830,BATCH_26,EC,26EC041
Om Kumar,2004-06-19,MALE,omkumar495@yahoo.com,9450580801,BATCH_22,ME,22ME025
Sanya Devi,2005-09-14,MALE,sdevi@yahoo.com,9470797700,BATCH_22,CI,22CI036
Aryan Naidu,2006-11-11,MALE,aryannaidu597@gmail.com,9362165914,BATCH_25,CI,25CI037
Meera Joshi,2004-04-14,MALE,meera_joshi@gmail.com,9535227748,BATCH_22,CD,22CD036
Sanya Mishra,2003-02-22,MALE,sanya_mishra@gmail.com,9885840734,BATCH_22,CS,22CS030
Uday Singh,2007-06-01,FEMALE,uday.singh84@gmail.com,9878404147,BATCH_25,CM,25CM025
Varun Pandey,2009-03-27,MALE,varun_pandey@gmail.com,9242059642,BATCH_27,CI,27CI035
Rakesh Malhotra,2005-03-25,FEMALE,rmalhotra@outlook.com,9282772881,BATCH_23,CD,23CD030
Harini Chowdary,2006-06-18,FEMALE,hchowdary@gmail.com,9448761504,BATCH_25,CD,25CD037
Chitra Pandey,2008-05-05,MALE,chitrapandey497@gmail.com,9380703315,BATCH_27,ME,27ME028
Varun Devi,2005-11-18,MALE,varundevi204@gmail.com,9177850792,BATCH_24,ME,24ME039
Aditya Desai,2005-04-13,MALE,adesai@hotmail.com,9761308167,BATCH_23,CI,23CI025
Zoya Mohan,2008-04-26,FEMALE,zoyamohan945@gmail.com,9787655300,BATCH_25,CI,25CI038
Aditya Mohan,2005-11-01,MALE,adityamohan@gmail.com,9121259535,BATCH_22,CS,22CS031
Chitra Chandra,2008-01-18,MALE,cchandra@gmail.com,9679723842,BATCH_26,CI,26CI034
Bhavya Devi,2008-08-28,FEMALE,bhavya.devi@gmail.com,9884795137,BATCH_25,CS,25CS045
Nisha Rani,2004-03-29,MALE,nisharani912@gmail.com,9617647501,BATCH_23,CD,23CD031
Naveen Chowdary,2004-05-31,MALE,naveen_chowdary@outlook.com,9206615498,BATCH_23,EC,23EC029
Vihaan Rao,2008-12-06,MALE,vihaan.rao@outlook.com,9854070084,BATCH_26,CM,26CM029
Vivaan Menon,2007-05-22,MALE,vmenon@yahoo.com,9196622913,BATCH_26,ME,26ME027
Uday Kumar,2007-07-04,MALE,udaykumar@gmail.com,9502771369,BATCH_24,CM,24CM031
Isha Joshi,2007-11-15,FEMALE,isha.joshi74@gmail.com,9753335657,BATCH_25,CC,25CC044
Aarav Mishra,2006-09-23,FEMALE,aarav.mishra78@hotmail.com,9536749281,BATCH_24,CC,24CC034
Tanvi Singh,2008-03-26,MALE,tanvisingh669@gmail.com,9984104003,BATCH_26,CM,26CM030
Nikhil Prasad,2009-04-01,FEMALE,nikhilprasad@gmail.com,9684970424,BATCH_27,CM,27CM050
Nikhil Verma,2003-07-01,FEMALE,nikhilverma921@gmail.com,9734698675,BATCH_22,CS,22CS032
Kabir Babu,2010-06-28,FEMALE,kabirbabu@outlook.com,9031827369,BATCH_27,EE,27EE034
Om Chandra,2009-01-17,FEMALE,omchandra@gmail.com,9773490250,BATCH_27,CS,27CS034
Meera Babu,2008-10-10,MALE,mbabu@gmail.com,9066725279,BATCH_25,CM,25CM026
Esha Naidu,2008-01-13,FEMALE,eshanaidu@gmail.com,9672752088,BATCH_25,CS,25CS046
Rakesh Babu,2005-09-15,MALE,rakesh.babu98@yahoo.com,9182096790,BATCH_23,CD,23CD032
Vikram Krishnan,2008-10-07,FEMALE,vkrishnan@hotmail.com,9144000407,BATCH_26,CM,26CM031
Tarun Krishnan,2005-05-26,MALE,tkrishnan@outlook.com,9223502913,BATCH_23,CS,23CS031
Nikhil Malhotra,2006-03-03,FEMALE,nikhil.malhotra@gmail.com,9888427169,BATCH_24,CI,24CI043
Diya Chowdary,2010-06-20,FEMALE,diya_chowdary@yahoo.com,9999321974,BATCH_27,CD,27CD037
Kavya Chandra,2004-01-04,FEMALE,kavyachandra237@gmail.com,9491931873,BATCH_22,CS,22CS033
Ananya Nair,2007-08-19,MALE,ananya_nair@gmail.com,9321046963,BATCH_25,EE,25EE030
Varun Verma,2005-02-02,FEMALE,varunverma138@gmail.com,9764432907,BATCH_23,CI,23CI026
Riya Reddy,2008-09-20,MALE,riya_reddy@outlook.com,9334512982,BATCH_25,ME,25ME047
Sai Pandey,2005-01-16,FEMALE,sai.pandey50@gmail.com,9160498603,BATCH_23,EC,23EC030
Jyoti Raju,2007-05-20,FEMALE,jyoti.raju@gmail.com,9183378814,BATCH_25,ME,25ME048
Uday Desai,2006-05-12,MALE,uday_desai@gmail.com,9416993077,BATCH_23,CI,23CI027
Siddharth Gupta,2008-04-16,MALE,sgupta@hotmail.com,9450563538,BATCH_26,CD,26CD039
Aditya Patel,2005-12-28,FEMALE,aditya.patel@hotmail.com,9861584358,BATCH_23,CS,23CS032
Nikhil Kumar,2007-08-03,MALE,nikhilkumar888@gmail.com,9844706740,BATCH_24,CC,24CC035
Tarun Pandey,2004-06-27,MALE,tarun.pandey42@gmail.com,9355570593,BATCH_23,ME,23ME048
Sai Desai,2009-12-14,MALE,sai.desai@outlook.com,9062945026,BATCH_26,CM,26CM032
Rakesh Prasad,2008-03-11,FEMALE,rakesh_prasad@gmail.com,9177622715,BATCH_27,CS,27CS035
Krishna Yadav,2008-10-08,MALE,krishnayadav586@gmail.com,9728807366,BATCH_26,EC,26EC042
Ira Chandra,2007-09-21,FEMALE,ira.chandra@gmail.com,9753715641,BATCH_25,EC,25EC048
Sai Singh,2007-04-22,MALE,sai.singh@gmail.com,9240510265,BATCH_25,CD,25CD038
Esha Chowdary,2006-05-21,FEMALE,eshachowdary532@outlook.com,9641473594,BATCH_24,CD,24CD044
Priya Prasad,2008-05-19,MALE,priyaprasad41@gmail.com,9570165276,BATCH_26,CC,26CC034
Rohan Gupta,2009-06-29,MALE,rohan.gupta@gmail.com,9428425111,BATCH_26,CM,26CM033
Vikram Devi,2007-05-21,FEMALE,vikram_devi@gmail.com,9295185255,BATCH_25,CD,25CD039
Vihaan Naidu,2010-01-15,FEMALE,vihaannaidu@yahoo.com,9796366902,BATCH_27,EE,27EE035
Ananya Mohan,2006-12-13,OTHER,ananya.mohan@gmail.com,9902279346,BATCH_23,ME,23ME049
Aarav Iyer,2009-08-23,FEMALE,aarav.iyer19@gmail.com,9620545967,BATCH_26,ME,26ME028
Uday Verma,2006-02-18,FEMALE,udayverma@gmail.com,9954198763,BATCH_25,CS,25CS047
Priya Goud,2008-02-18,FEMALE,priyagoud@yahoo.com,9671279440,BATCH_27,ME,27ME029
Naveen Kumar,2007-08-05,MALE,naveen.kumar@gmail.com,9016744923,BATCH_26,CC,26CC035
Naveen Reddy,2005-09-12,MALE,naveenreddy@gmail.com,9303753745,BATCH_24,CI,24CI044
Nisha Iyer,2009-11-24,FEMALE,nisha_iyer@outlook.com,9324271618,BATCH_26,CM,26CM034
Divya Desai,2008-03-15,MALE,divyadesai@gmail.com,9927663723,BATCH_25,CS,25CS048
Vihaan Babu,2005-09-03,MALE,vihaan.babu@yahoo.com,9655504462,BATCH_23,CS,23CS033
Vikram Krishnan,2005-11-17,FEMALE,vikram.krishnan@yahoo.com,9378486523,BATCH_24,CD,24CD045
Divya Sharma,2006-10-10,MALE,divyasharma745@gmail.com,9456324540,BATCH_24,CC,24CC036
Manish Kapoor,2006-11-20,FEMALE,manishkapoor388@gmail.com,9646530193,BATCH_23,CS,23CS034
Jyoti Joshi,2006-09-22,FEMALE,jyotijoshi175@gmail.com,9129645482,BATCH_24,CI,24CI045
Ishaan Goud,2008-04-26,MALE,ishaangoud@outlook.com,9167660271,BATCH_26,CS,26CS024
Rahul Joshi,2004-01-13,MALE,rahul.joshi92@gmail.com,9179434337,BATCH_22,CI,22CI037
Krishna Yadav,2004-06-21,MALE,krishna.yadav94@gmail.com,9524578715,BATCH_23,CM,23CM024
Ira Iyer,2009-07-12,FEMALE,iraiyer@gmail.com,9313494607,BATCH_27,EC,27EC039
Priya Reddy,2006-10-25,MALE,priya_reddy@hotmail.com,9924662576,BATCH_25,EC,25EC049
Rahul Mishra,2008-12-20,FEMALE,rahul.mishra64@gmail.com,9248120089,BATCH_26,CD,26CD040
Rohan Chandra,2008-03-17,FEMALE,rohan.chandra1@gmail.com,9475366680,BATCH_26,CI,26CI035
Manish Mohan,2010-07-05,FEMALE,manish.mohan76@gmail.com,9272597833,BATCH_27,CM,27CM051
Uday Prasad,2006-09-18,FEMALE,udayprasad82@gmail.com,9155518495,BATCH_25,ME,25ME049
Nikhil Yadav,2004-10-24,MALE,nikhilyadav904@gmail.com,9805308169,BATCH_22,CI,22CI038
Sanjay Joshi,2009-02-18,MALE,sanjayjoshi@gmail.com,9400814528,BATCH_27,CD,27CD038
Esha Chowdary,2005-07-06,MALE,echowdary@gmail.com,9537793854,BATCH_23,CC,23CC036
Sanya Gupta,2007-06-17,MALE,sanya.gupta@gmail.com,9296573873,BATCH_25,CC,25CC045
Diya Malhotra,2007-11-10,MALE,diya_malhotra@gmail.com,9688601025,BATCH_25,CC,25CC046
Jyoti Patel,2010-08-09,MALE,jyoti.patel7@outlook.com,9055817357,BATCH_27,CC,27CC032
Reyansh Rani,2007-02-28,OTHER,reyansh_rani@hotmail.com,9114241248,BATCH_25,EC,25EC050
Jyoti Chandra,2006-08-26,FEMALE,jyotichandra717@gmail.com,9924819668,BATCH_24,CM,24CM032
Aarav Chowdary,2007-07-19,MALE,aarav.chowdary72@gmail.com,9106963749,BATCH_26,CM,26CM035
Ananya Naidu,2007-09-26,FEMALE,ananya.naidu@yahoo.com,9991511455,BATCH_25,CI,25CI039
Kavya Kapoor,2004-09-26,FEMALE,kavya.kapoor39@gmail.com,9747685193,BATCH_22,CI,22CI039
Uday Joshi,2005-04-08,FEMALE,udayjoshi438@outlook.com,9928404456,BATCH_23,CD,23CD033
Reyansh Reddy,2006-10-31,FEMALE,reyansh.reddy@gmail.com,9392845679,BATCH_23,CD,23CD034
Ishaan Chowdary,2004-11-14,OTHER,ishaanchowdary338@gmail.com,9696976869,BATCH_23,EE,23EE040
Divya Devi,2009-06-13,MALE,divyadevi@gmail.com,9786796302,BATCH_27,EE,27EE036
Tanvi Reddy,2006-01-19,MALE,tanvireddy586@gmail.com,9578360914,BATCH_24,EE,24EE037
Sai Kumar,2004-06-19,FEMALE,skumar@hotmail.com,9892886609,BATCH_23,CI,23CI028
Siddharth Joshi,2006-09-28,FEMALE,siddharth.joshi91@gmail.com,9044287738,BATCH_25,CI,25CI040
Dhruv Chandra,2004-07-19,FEMALE,dhruvchandra266@gmail.com,9263365384,BATCH_23,CI,23CI029
Chitra Patel,2007-09-06,FEMALE,chitrapatel@gmail.com,9660464197,BATCH_24,EE,24EE038
Om Gupta,2007-07-27,MALE,ogupta@gmail.com,9841459332,BATCH_25,EE,25EE031
Rahul Menon,2005-06-25,MALE,rahulmenon@gmail.com,9527636556,BATCH_24,ME,24ME040
Naveen Krishnan,2004-12-25,MALE,naveen_krishnan@outlook.com,9330292764,BATCH_22,EC,22EC039
Dhruv Chandra,2007-04-04,MALE,dhruv.chandra@hotmail.com,9473178108,BATCH_25,EE,25EE032
Diya Mohan,2003-09-28,FEMALE,diyamohan@gmail.com,9845542730,BATCH_22,EE,22EE044
Reyansh Chandra,2006-01-19,FEMALE,reyansh.chandra@yahoo.com,9346861630,BATCH_23,EC,23EC031
Varun Yadav,2004-05-11,MALE,varunyadav@gmail.com,9021409914,BATCH_22,EE,22EE045
Siddharth Sharma,2009-08-12,MALE,siddharth_sharma@gmail.com,9595197439,BATCH_27,ME,27ME030
Naveen Gupta,2009-07-16,FEMALE,naveen_gupta@gmail.com,9659453882,BATCH_27,CI,27CI036
Sai Babu,2007-09-19,FEMALE,sai.babu@gmail.com,9636938058,BATCH_25,CM,25CM027
Esha Chandra,2005-08-26,MALE,esha.chandra43@gmail.com,9306343594,BATCH_23,EC,23EC032
Divya Babu,2005-09-25,FEMALE,divya.babu@yahoo.com,9072790371,BATCH_23,EC,23EC033
Uday Mohan,2006-08-02,MALE,uday_mohan@outlook.com,9043171557,BATCH_25,CD,25CD040
Om Mishra,2007-08-28,MALE,om.mishra62@outlook.com,9729161693,BATCH_26,CI,26CI036
Priya Raju,2004-01-31,MALE,priya.raju83@yahoo.com,9352621204,BATCH_22,EE,22EE046
Aryan Babu,2003-02-09,MALE,aryanbabu914@gmail.com,9392942872,BATCH_22,EE,22EE047
Reyansh Prasad,2008-08-22,MALE,reyansh.prasad60@outlook.com,9520034994,BATCH_26,CD,26CD041
Kavya Chowdary,2009-11-25,MALE,kavyachowdary856@outlook.com,9254260062,BATCH_26,CS,26CS025
Aarav Babu,2009-07-06,MALE,aarav_babu@gmail.com,9997475396,BATCH_27,CC,27CC033
Bhavya Joshi,2005-02-12,FEMALE,bhavyajoshi214@gmail.com,9319850452,BATCH_22,ME,22ME026
Meera Rani,2009-08-14,MALE,meerarani@gmail.com,9690941425,BATCH_27,CI,27CI037
Rohan Reddy,2009-11-12,MALE,rohan.reddy4@gmail.com,9203186767,BATCH_27,CI,27CI038
Rahul Joshi,2006-02-24,FEMALE,rahuljoshi585@gmail.com,9117908075,BATCH_24,ME,24ME041
Naveen Menon,2004-10-09,FEMALE,naveen_menon@gmail.com,9373543962,BATCH_23,CD,23CD035
Reyansh Yadav,2009-09-17,FEMALE,reyansh.yadav@yahoo.com,9853488319,BATCH_26,EC,26EC043
Zoya Babu,2005-03-28,FEMALE,zoyababu@gmail.com,9323887769,BATCH_23,ME,23ME050
Arjun Joshi,2004-02-05,FEMALE,arjunjoshi222@gmail.com,9339398343,BATCH_22,ME,22ME027
Yash Pillai,2003-04-30,FEMALE,yash.pillai@gmail.com,9454626657,BATCH_22,CM,22CM034
Tanvi Desai,2004-02-19,MALE,tanvidesai455@yahoo.com,9088783461,BATCH_22,CI,22CI040
Abhinav Mohan,2008-10-08,MALE,abhinavmohan927@gmail.com,9276981716,BATCH_26,CI,26CI037
Arjun Nair,2005-11-19,MALE,arjun.nair44@gmail.com,9996294264,BATCH_24,CS,24CS029
Kavya Mohan,2004-02-08,MALE,kavya_mohan@yahoo.com,9047716726,BATCH_22,CM,22CM035
Diya Nair,2006-04-22,FEMALE,diyanair842@gmail.com,9227086582,BATCH_24,CM,24CM033
Vihaan Naidu,2009-08-12,FEMALE,vihaan.naidu17@gmail.com,9957252023,BATCH_26,CM,26CM036
Meera Pillai,2008-07-09,FEMALE,meera.pillai@gmail.com,9139302728,BATCH_27,CS,27CS036
Uday Naidu,2006-10-07,FEMALE,udaynaidu704@gmail.com,9880497046,BATCH_25,ME,25ME050
Lakshmi Verma,2007-01-23,FEMALE,lakshmi.verma@outlook.com,9052291845,BATCH_25,CD,25CD041
Rohan Naidu,2009-01-04,MALE,rnaidu@gmail.com,9197084287,BATCH_27,CC,27CC034
Ishaan Singh,2008-12-22,OTHER,ishaan_singh@gmail.com,9155449409,BATCH_25,EC,25EC051
Krishna Nair,2009-01-14,FEMALE,krishna_nair@gmail.com,9571132723,BATCH_27,EE,27EE037
Chitra Kumar,2006-05-15,MALE,chitra.kumar41@gmail.com,9056845934,BATCH_25,CM,25CM028
Esha Pillai,2006-03-07,FEMALE,eshapillai@gmail.com,9133000429,BATCH_24,CC,24CC037
Naveen Nair,2006-01-20,MALE,naveennair982@gmail.com,9437375143,BATCH_24,CI,24CI046
Isha Sharma,2006-06-15,FEMALE,ishasharma212@gmail.com,9488598069,BATCH_24,EC,24EC033
Reyansh Mishra,2004-10-29,MALE,rmishra@gmail.com,9912376772,BATCH_22,CM,22CM036
Nisha Krishnan,2009-04-28,FEMALE,nishakrishnan@yahoo.com,9947594349,BATCH_26,CD,26CD042
Kavya Singh,2006-06-26,FEMALE,kavya_singh@gmail.com,9061593998,BATCH_24,ME,24ME042
Reyansh Chowdary,2006-10-23,MALE,reyansh.chowdary7@gmail.com,9690282498,BATCH_24,EE,24EE039
Divya Krishnan,2006-02-25,FEMALE,divya.krishnan7@outlook.com,9031310094,BATCH_24,EE,24EE040
Kavya Raju,2006-12-24,FEMALE,kavyaraju@gmail.com,9249724399,BATCH_23,CD,23CD036
Aditya Mohan,2004-06-16,MALE,amohan@yahoo.com,9818104502,BATCH_23,EC,23EC034
Ananya Desai,2006-04-04,FEMALE,ananyadesai@gmail.com,9402782015,BATCH_24,CI,24CI047
Yash Goud,2008-12-24,FEMALE,yashgoud829@yahoo.com,9455699033,BATCH_26,CI,26CI038
Sai Chandra,2007-07-08,FEMALE,sai.chandra97@gmail.com,9217558517,BATCH_26,ME,26ME029
Sai Krishnan,2005-11-19,MALE,skrishnan@gmail.com,9807500967,BATCH_23,EE,23EE041
Aryan Desai,2006-10-15,MALE,aryan.desai59@gmail.com,9324835611,BATCH_24,CM,24CM034
Sanya Sharma,2008-10-20,MALE,sanyasharma148@gmail.com,9160730275,BATCH_26,CI,26CI039
Nisha Mishra,2005-11-30,FEMALE,nishamishra@gmail.com,9565016385,BATCH_23,CI,23CI030
Vihaan Nair,2006-10-09,FEMALE,vihaan_nair@gmail.com,9204879370,BATCH_25,CM,25CM029
Divya Krishnan,2007-11-27,FEMALE,divya.krishnan4@gmail.com,9658697223,BATCH_24,CD,24CD046
Lakshmi Chandra,2008-09-13,MALE,lakshmichandra@gmail.com,9396216576,BATCH_27,CS,27CS037
Meera Gupta,2008-03-15,MALE,meeragupta619@gmail.com,9118895949,BATCH_26,EC,26EC044
Siddharth Naidu,2005-07-20,FEMALE,snaidu@gmail.com,9323102655,BATCH_24,EC,24EC034
Karthik Rani,2005-07-16,FEMALE,krani@yahoo.com,9810324717,BATCH_23,ME,23ME051
Harini Mohan,2009-10-11,MALE,harini.mohan39@gmail.com,9243256509,BATCH_26,CI,26CI040
Aarav Chandra,2009-05-13,MALE,aaravchandra245@gmail.com,9806757123,BATCH_26,ME,26ME030
Kavya Nair,2007-08-30,MALE,kavya.nair21@gmail.com,9466986163,BATCH_26,ME,26ME031
Ishaan Raju,2008-06-04,FEMALE,iraju@gmail.com,9699086723,BATCH_27,CC,27CC035
Tarun Chowdary,2007-12-20,FEMALE,tarun_chowdary@gmail.com,9777014363,BATCH_25,EE,25EE033
Sanjay Patel,2009-04-17,MALE,spatel@gmail.com,9646351452,BATCH_26,CS,26CS026
Uday Kumar,2006-10-07,MALE,ukumar@gmail.com,9474570545,BATCH_24,EE,24EE041
Om Sharma,2006-04-20,FEMALE,omsharma118@gmail.com,9884136852,BATCH_25,CI,25CI041
Ananya Malhotra,2009-12-18,FEMALE,ananya.malhotra@gmail.com,9585455139,BATCH_27,CC,27CC036
Tanvi Reddy,2008-10-04,MALE,tanvi.reddy23@outlook.com,9247707518,BATCH_27,CM,27CM052
Dhruv Desai,2007-12-14,MALE,dhruvdesai702@gmail.com,9520716781,BATCH_25,CS,25CS049
Karthik Devi,2006-02-04,OTHER,karthik.devi49@yahoo.com,9463547658,BATCH_24,CS,24CS030
Dhruv Chandra,2005-06-12,MALE,dhruvchandra@gmail.com,9963099384,BATCH_23,CD,23CD037
Sanya Desai,2005-06-08,FEMALE,sdesai@yahoo.com,9470856094,BATCH_22,EC,22EC040
Krishna Chowdary,2007-01-29,FEMALE,kchowdary@yahoo.com,9568566706,BATCH_26,ME,26ME032
Lakshmi Mohan,2009-10-13,FEMALE,lakshmi.mohan69@gmail.com,9585520101,BATCH_27,CI,27CI039
Rahul Verma,2006-04-26,FEMALE,rahulverma@gmail.com,9966613473,BATCH_24,EE,24EE042
Rakesh Mohan,2004-09-19,MALE,rakeshmohan307@gmail.com,9418471462,BATCH_22,EC,22EC041
Arjun Pandey,2009-09-11,FEMALE,arjun.pandey87@yahoo.com,9561961765,BATCH_27,CM,27CM053
Vikram Gupta,2007-02-28,MALE,vikramgupta92@yahoo.com,9150101626,BATCH_26,CC,26CC036
Aarav Yadav,2009-06-13,FEMALE,aarav.yadav@gmail.com,9325813963,BATCH_27,CS,27CS038
Krishna Rao,2007-11-02,FEMALE,krishna.rao@gmail.com,9166978480,BATCH_25,EE,25EE034
Sanjay Rani,2005-05-01,FEMALE,sanjay_rani@gmail.com,9873670425,BATCH_23,CM,23CM025
Om Mohan,2006-03-14,MALE,om.mohan@gmail.com,9578523529,BATCH_25,ME,25ME051
Ira Rani,2006-07-14,MALE,ira.rani90@gmail.com,9230913075,BATCH_25,EE,25EE035
Tanvi Patel,2006-09-14,OTHER,tanvi.patel92@gmail.com,9844740837,BATCH_23,EC,23EC035
Nisha Mohan,2004-09-04,MALE,nmohan@gmail.com,9234796469,BATCH_22,ME,22ME028
Aditya Kapoor,2009-10-27,MALE,adityakapoor193@gmail.com,9554712007,BATCH_27,EC,27EC040
Ishaan Gupta,2006-03-29,FEMALE,ishaan.gupta47@gmail.com,9080128934,BATCH_24,CD,24CD047
Arjun Pillai,2007-10-04,FEMALE,arjunpillai@gmail.com,9702070160,BATCH_25,CS,25CS050
Manish Raju,2008-12-02,FEMALE,manishraju@gmail.com,9700698219,BATCH_26,EE,26EE044
Sanya Rao,2005-05-23,MALE,sanya.rao63@yahoo.com,9236428131,BATCH_23,CM,23CM026
Sai Krishnan,2004-04-13,FEMALE,saikrishnan@hotmail.com,9382466093,BATCH_22,CI,22CI041
Om Raju,2009-03-13,FEMALE,om.raju54@gmail.com,9367908213,BATCH_27,ME,27ME031
Diya Sharma,2007-06-05,MALE,diya.sharma90@outlook.com,9837323014,BATCH_25,CM,25CM030
Rahul Mishra,2004-08-23,MALE,rahul.mishra59@gmail.com,9699242773,BATCH_22,CC,22CC032
Pranav Verma,2004-05-15,FEMALE,pranav_verma@gmail.com,9145373368,BATCH_22,CM,22CM037
Jyoti Menon,2004-04-20,MALE,jyoti.menon@gmail.com,9181140731,BATCH_22,EE,22EE048
Nikhil Malhotra,2008-03-23,MALE,nikhilmalhotra243@gmail.com,9212242767,BATCH_26,ME,26ME033
Yash Prasad,2005-11-01,MALE,yash.prasad@gmail.com,9524663216,BATCH_23,CI,23CI031
Rahul Mishra,2005-02-06,FEMALE,rmishra@hotmail.com,9149331088,BATCH_23,CC,23CC037
Siddharth Rao,2007-01-30,MALE,siddharthrao@gmail.com,9838814899,BATCH_25,CM,25CM031
Uday Iyer,2006-07-05,FEMALE,uday_iyer@yahoo.com,9912662015,BATCH_23,CD,23CD038
Om Nair,2009-05-12,MALE,omnair536@gmail.com,9445816494,BATCH_27,EC,27EC041
Jyoti Nair,2004-03-05,MALE,jnair@gmail.com,9419517863,BATCH_22,CS,22CS034
Ananya Iyer,2008-03-17,MALE,ananyaiyer80@gmail.com,9967750637,BATCH_26,CD,26CD043
Kavya Yadav,2009-02-18,MALE,kavya.yadav@yahoo.com,9486127139,BATCH_26,CD,26CD044
Lakshmi Yadav,2009-06-19,FEMALE,lakshmi.yadav@outlook.com,9100510819,BATCH_27,CC,27CC037
Sanya Yadav,2006-06-07,FEMALE,sanya.yadav66@gmail.com,9481388190,BATCH_23,CC,23CC038
Dhruv Kumar,2008-12-02,MALE,dhruv_kumar@gmail.com,9640089387,BATCH_26,EE,26EE045
Jyoti Verma,2006-05-26,FEMALE,jyotiverma@hotmail.com,9913364022,BATCH_24,CM,24CM035
Riya Joshi,2009-12-19,MALE,riya_joshi@gmail.com,9089120599,BATCH_27,CM,27CM054
Krishna Pillai,2004-01-22,FEMALE,krishna.pillai@yahoo.com,9921028348,BATCH_22,CI,22CI042
Rahul Raju,2008-11-12,MALE,rahulraju174@gmail.com,9379719000,BATCH_26,CC,26CC037
Uday Gupta,2004-09-15,MALE,ugupta@gmail.com,9844370661,BATCH_22,CC,22CC033
Krishna Verma,2006-02-25,FEMALE,krishna.verma@gmail.com,9230465836,BATCH_24,EC,24EC035
Divya Patel,2010-02-25,FEMALE,divya_patel@gmail.com,9155691534,BATCH_27,CS,27CS039
Naveen Chandra,2010-10-25,MALE,naveen_chandra@gmail.com,9858866154,BATCH_27,CS,27CS040
Riya Babu,2005-11-02,FEMALE,riya.babu@outlook.com,9115340524,BATCH_23,EE,23EE042
Reyansh Desai,2007-07-04,FEMALE,reyanshdesai@gmail.com,9439346989,BATCH_24,CI,24CI048
Abhinav Joshi,2005-02-10,FEMALE,abhinavjoshi@gmail.com,9932426877,BATCH_24,EE,24EE043
Ishaan Mohan,2006-01-05,MALE,ishaan.mohan90@gmail.com,9051627136,BATCH_24,ME,24ME043
Isha Kumar,2005-03-23,MALE,isha.kumar@gmail.com,9476825845,BATCH_24,CS,24CS031
Nisha Kumar,2009-09-01,FEMALE,nishakumar@gmail.com,9370421415,BATCH_27,EC,27EC042
Gauri Iyer,2004-10-03,MALE,gauri.iyer20@gmail.com,9009373803,BATCH_23,CI,23CI032
Tarun Krishnan,2004-02-14,MALE,tarun.krishnan53@yahoo.com,9856867484,BATCH_23,CS,23CS035
Esha Malhotra,2009-04-17,FEMALE,emalhotra@gmail.com,9463328742,BATCH_26,CS,26CS027
Arjun Reddy,2007-09-24,MALE,arjun_reddy@gmail.com,9133170876,BATCH_24,EE,24EE044
Nikhil Verma,2008-03-12,MALE,nikhil.verma@gmail.com,9392409851,BATCH_27,CS,27CS041
Aditi Pillai,2005-06-14,FEMALE,aditi.pillai60@gmail.com,9962413245,BATCH_24,CC,24CC038
Kabir Rao,2007-08-22,FEMALE,kabirrao972@gmail.com,9901688404,BATCH_25,CM,25CM032
Aditya Pandey,2004-09-14,MALE,aditya.pandey88@gmail.com,9778735856,BATCH_23,EC,23EC036
Yash Chandra,2004-05-05,MALE,yash.chandra19@gmail.com,9119804255,BATCH_22,EC,22EC042
Aditi Menon,2006-04-09,FEMALE,aditi_menon@gmail.com,9093096713,BATCH_25,CI,25CI042
Isha Menon,2006-12-10,MALE,isha.menon@hotmail.com,9334402588,BATCH_24,EC,24EC036
Rakesh Patel,2008-05-25,MALE,rakesh_patel@gmail.com,9761945615,BATCH_25,CM,25CM033
Bhavya Nair,2003-01-17,FEMALE,bnair@hotmail.com,9490782433,BATCH_22,CD,22CD037
Ishaan Joshi,2007-09-09,MALE,ishaan_joshi@outlook.com,9323182971,BATCH_25,CI,25CI043
Dhruv Menon,2005-07-16,MALE,dhruvmenon671@yahoo.com,9801990502,BATCH_23,CC,23CC039
Varun Pandey,2005-02-16,MALE,varunpandey@gmail.com,9397424588,BATCH_23,CI,23CI033
Nisha Sharma,2004-01-02,FEMALE,nishasharma@yahoo.com,9040930454,BATCH_22,CC,22CC034
Kavya Patel,2006-01-19,FEMALE,kavyapatel@gmail.com,9863536541,BATCH_24,ME,24ME044
Uday Chowdary,2008-08-31,FEMALE,uday.chowdary@gmail.com,9758917839,BATCH_25,EE,25EE036
Krishna Yadav,2007-07-01,FEMALE,krishna.yadav@outlook.com,9624126676,BATCH_25,ME,25ME052
Sai Chowdary,2007-01-31,MALE,sai_chowdary@gmail.com,9421000621,BATCH_26,CD,26CD045
Karthik Naidu,2009-04-29,MALE,karthiknaidu@gmail.com,9224080770,BATCH_26,EC,26EC045
Krishna Naidu,2007-06-25,MALE,krishna.naidu@gmail.com,9830656335,BATCH_26,CD,26CD046
Uday Menon,2004-10-29,FEMALE,udaymenon@outlook.com,9611713960,BATCH_22,CD,22CD038
Pranav Patel,2007-06-22,FEMALE,pranav.patel@hotmail.com,9095229462,BATCH_25,CI,25CI044
Riya Sharma,2006-09-24,MALE,riya.sharma78@gmail.com,9223822353,BATCH_24,CC,24CC039
Yash Kumar,2006-07-02,OTHER,ykumar@gmail.com,9342408916,BATCH_23,CD,23CD039
Tanvi Mishra,2009-09-02,FEMALE,tmishra@gmail.com,9081518077,BATCH_27,EC,27EC043
Naveen Nair,2006-11-30,FEMALE,naveen_nair@outlook.com,9680072290,BATCH_24,ME,24ME045
Vikram Chowdary,2005-09-18,FEMALE,vikram_chowdary@yahoo.com,9750663370,BATCH_23,CD,23CD040
Tarun Gupta,2007-11-26,FEMALE,tarun.gupta@gmail.com,9608696110,BATCH_25,ME,25ME053
Ira Mishra,2006-01-21,FEMALE,ira_mishra@gmail.com,9150595476,BATCH_25,ME,25ME054
Ananya Krishnan,2008-07-26,MALE,ananya.krishnan34@hotmail.com,9504718830,BATCH_26,CC,26CC038
Tanvi Naidu,2009-01-26,FEMALE,tanvi.naidu26@gmail.com,9895809015,BATCH_27,CD,27CD039
Sai Malhotra,2008-06-11,FEMALE,saimalhotra@gmail.com,9235426874,BATCH_26,ME,26ME034
Tanvi Desai,2006-08-11,MALE,tanvidesai224@gmail.com,9908660229,BATCH_24,CS,24CS032
Meera Rao,2008-06-20,MALE,meera.rao@gmail.com,9456143153,BATCH_26,CS,26CS028
Vikram Naidu,2003-08-16,FEMALE,vikram_naidu@gmail.com,9958423823,BATCH_22,ME,22ME029
Abhinav Singh,2005-10-02,MALE,abhinav.singh3@yahoo.com,9417722560,BATCH_23,CD,23CD041
Varun Iyer,2005-11-27,FEMALE,varun.iyer@gmail.com,9729032165,BATCH_23,EE,23EE043
Lakshmi Sharma,2003-06-05,FEMALE,lsharma@gmail.com,9128655816,BATCH_22,EC,22EC043
Kabir Nair,2009-11-08,FEMALE,kabir.nair@gmail.com,9118664115,BATCH_27,EC,27EC044
Sai Malhotra,2004-11-29,MALE,sai.malhotra99@gmail.com,9284945352,BATCH_22,ME,22ME030
Kavya Iyer,2009-08-29,MALE,kavya.iyer@gmail.com,9372926876,BATCH_27,EE,27EE038
Reyansh Malhotra,2004-03-16,FEMALE,reyansh.malhotra1@gmail.com,9245778337,BATCH_22,CM,22CM038
Aditya Nair,2006-01-22,FEMALE,aditya.nair69@gmail.com,9533185437,BATCH_25,CC,25CC047
Isha Goud,2007-04-15,MALE,isha_goud@gmail.com,9319971153,BATCH_25,CD,25CD042
Harini Devi,2009-12-09,MALE,harini.devi44@gmail.com,9736982942,BATCH_27,CS,27CS042
Pranav Kapoor,2009-08-29,FEMALE,pranavkapoor@yahoo.com,9469029831,BATCH_26,ME,26ME035
Uday Chowdary,2005-02-26,FEMALE,uday.chowdary6@gmail.com,9928170744,BATCH_23,EC,23EC037
Aarav Rani,2006-07-22,MALE,aarav.rani39@gmail.com,9922684209,BATCH_24,CM,24CM036
Om Menon,2007-03-28,FEMALE,om_menon@outlook.com,9455407700,BATCH_25,EC,25EC052
Meera Pandey,2006-07-26,MALE,mpandey@gmail.com,9731396286,BATCH_24,CI,24CI049
Karthik Mishra,2008-02-21,FEMALE,karthik.mishra@gmail.com,9916119553,BATCH_25,EC,25EC053
Meera Patel,2006-05-13,FEMALE,meera.patel76@yahoo.com,9797938926,BATCH_23,EE,23EE044
Manish Chandra,2008-01-22,MALE,manish_chandra@gmail.com,9073024266,BATCH_26,CC,26CC039
Jyoti Desai,2004-03-24,FEMALE,jyoti.desai@gmail.com,9512098755,BATCH_22,CS,22CS035
Kabir Reddy,2006-03-20,FEMALE,kabir.reddy8@gmail.com,9002556931,BATCH_24,CC,24CC040
Nikhil Malhotra,2003-03-29,FEMALE,nikhilmalhotra684@gmail.com,9012776023,BATCH_22,ME,22ME031
Nikhil Goud,2006-04-28,MALE,nikhilgoud892@gmail.com,9968788420,BATCH_25,EC,25EC054
Lakshmi Yadav,2005-06-28,FEMALE,lakshmi.yadav@gmail.com,9686518902,BATCH_23,ME,23ME052
Vihaan Raju,2006-11-12,FEMALE,vihaan.raju@gmail.com,9717331571,BATCH_25,EC,25EC055
Krishna Chowdary,2006-04-06,FEMALE,krishnachowdary@gmail.com,9260809937,BATCH_25,EC,25EC056
Kabir Chandra,2006-12-04,MALE,kabirchandra@yahoo.com,9649111109,BATCH_24,EE,24EE045
Divya Naidu,2010-10-02,FEMALE,divya.naidu@gmail.com,9565453426,BATCH_27,CS,27CS043
Zoya Prasad,2007-03-03,FEMALE,zoyaprasad856@gmail.com,9831608874,BATCH_25,CC,25CC048
Kabir Kumar,2008-12-22,FEMALE,kabir.kumar14@gmail.com,9341065729,BATCH_27,CI,27CI040
Abhinav Pandey,2008-03-31,MALE,abhinav.pandey@gmail.com,9763304117,BATCH_26,CC,26CC040
Nisha Chowdary,2005-11-11,FEMALE,nchowdary@yahoo.com,9028854111,BATCH_22,CS,22CS036
Meera Krishnan,2005-10-10,FEMALE,mkrishnan@gmail.com,9574670675,BATCH_23,EC,23EC038
Reyansh Chandra,2004-08-25,FEMALE,reyanshchandra@gmail.com,9869856879,BATCH_22,CS,22CS037
Dhruv Kapoor,2007-09-21,MALE,dhruv_kapoor@yahoo.com,9687403450,BATCH_25,EE,25EE037
Siddharth Desai,2005-10-31,FEMALE,siddharth.desai36@gmail.com,9564252753,BATCH_24,CI,24CI050
Sanjay Kumar,2007-10-26,MALE,sanjaykumar@gmail.com,9858939725,BATCH_26,CI,26CI041
Nikhil Devi,2004-11-02,MALE,nikhildevi@gmail.com,9537660144,BATCH_23,CM,23CM027
Abhinav Pandey,2008-01-24,MALE,abhinav.pandey81@gmail.com,9737715061,BATCH_26,EE,26EE046
Nisha Pandey,2008-11-23,FEMALE,nisha.pandey3@yahoo.com,9313797166,BATCH_26,ME,26ME036
Lakshmi Mohan,2007-04-22,FEMALE,lakshmi.mohan@gmail.com,9960733125,BATCH_26,EE,26EE047
Kavya Kumar,2006-12-09,MALE,kavya_kumar@yahoo.com,9082555989,BATCH_23,CD,23CD042
Kavya Menon,2008-03-13,FEMALE,kmenon@gmail.com,9788598819,BATCH_26,CM,26CM037
Uday Mishra,2007-12-09,MALE,uday_mishra@gmail.com,9610296544,BATCH_25,ME,25ME055
Aditya Patel,2008-12-06,FEMALE,adityapatel@gmail.com,9515179751,BATCH_26,CM,26CM038
Zoya Kumar,2005-06-23,MALE,zkumar@gmail.com,9459606339,BATCH_23,CD,23CD043
Uday Chowdary,2009-11-22,FEMALE,uday_chowdary@gmail.com,9085247195,BATCH_27,EE,27EE039
Om Verma,2006-01-11,MALE,om.verma@gmail.com,9557402845,BATCH_24,CD,24CD048
Aarav Rani,2004-12-05,FEMALE,aarav_rani@hotmail.com,9718815858,BATCH_22,CD,22CD039
Ishaan Rao,2007-01-15,FEMALE,ishaanrao@outlook.com,9451228589,BATCH_25,CM,25CM034
Jyoti Rao,2008-08-02,MALE,jyotirao@gmail.com,9490132495,BATCH_26,CC,26CC041
Kabir Gupta,2007-08-17,OTHER,kabirgupta@gmail.com,9202170754,BATCH_26,ME,26ME037
Meera Gupta,2005-11-30,FEMALE,meeragupta@gmail.com,9327104054,BATCH_24,ME,24ME046
Rohan Menon,2008-09-12,OTHER,rmenon@gmail.com,9365188491,BATCH_26,CS,26CS029
Aditi Goud,2004-02-15,FEMALE,aditi_goud@gmail.com,9856905096,BATCH_22,EC,22EC044
Divya Sharma,2007-11-01,MALE,divya.sharma@gmail.com,9944746226,BATCH_25,CC,25CC049
Aditi Pandey,2004-05-07,OTHER,aditipandey948@gmail.com,9695247466,BATCH_22,CC,22CC035
Rahul Kapoor,2009-07-12,FEMALE,rahulkapoor497@gmail.com,9777441084,BATCH_27,CI,27CI041
Sai Yadav,2007-06-10,FEMALE,sai.yadav31@gmail.com,9542622189,BATCH_24,ME,24ME047
Vikram Chowdary,2005-10-03,MALE,vikramchowdary@gmail.com,9596256081,BATCH_23,CI,23CI034
Sanjay Mishra,2005-10-21,FEMALE,sanjay.mishra@yahoo.com,9245574643,BATCH_24,EC,24EC037
Sai Patel,2006-12-12,MALE,sai.patel13@gmail.com,9298312358,BATCH_24,CM,24CM037
Lakshmi Reddy,2008-05-24,MALE,lakshmireddy@outlook.com,9176434410,BATCH_26,EC,26EC046
Meera Chowdary,2007-11-26,FEMALE,meera.chowdary@gmail.com,9808079565,BATCH_25,ME,25ME056
Tarun Malhotra,2008-09-28,MALE,tarunmalhotra222@outlook.com,9815144661,BATCH_26,CS,26CS030
Rakesh Verma,2008-02-12,FEMALE,rakeshverma@gmail.com,9924241296,BATCH_27,EC,27EC045
Rohan Goud,2010-07-23,FEMALE,rohan_goud@gmail.com,9829945802,BATCH_27,CI,27CI042
Sai Pandey,2006-06-19,MALE,saipandey@hotmail.com,9799900725,BATCH_24,CD,24CD049
Vivaan Desai,2009-07-26,FEMALE,vivaan_desai@gmail.com,9122471411,BATCH_27,EE,27EE040
Bhavya Joshi,2007-01-23,MALE,bhavya.joshi60@gmail.com,9422024458,BATCH_25,CC,25CC050
Ananya Pillai,2007-12-31,MALE,ananya_pillai@gmail.com,9794677818,BATCH_25,EC,25EC057
Manish Devi,2005-07-01,MALE,manishdevi976@gmail.com,9881236886,BATCH_24,CI,24CI051
Isha Prasad,2007-09-09,FEMALE,ishaprasad994@outlook.com,9085531665,BATCH_25,CC,25CC051
Uday Pandey,2007-05-11,MALE,udaypandey422@outlook.com,9614699483,BATCH_25,CM,25CM035
Diya Mishra,2008-12-08,FEMALE,diya.mishra28@gmail.com,9586445264,BATCH_26,EE,26EE048
Gauri Pandey,2004-10-12,MALE,gpandey@outlook.com,9296046208,BATCH_22,CS,22CS038
Manish Pillai,2005-01-25,FEMALE,manish_pillai@gmail.com,9998664799,BATCH_22,EE,22EE049
Abhinav Gupta,2003-03-30,MALE,abhinavgupta914@gmail.com,9084931539,BATCH_22,CC,22CC036
Ishaan Rao,2008-01-08,OTHER,ishaan.rao@outlook.com,9944675075,BATCH_27,EE,27EE041
Sanjay Goud,2004-08-23,FEMALE,sanjay.goud6@gmail.com,9935625591,BATCH_22,CD,22CD040
Zoya Goud,2008-09-03,MALE,zoya.goud65@yahoo.com,9686946184,BATCH_27,ME,27ME032
Abhinav Yadav,2008-08-19,MALE,ayadav@gmail.com,9762974679,BATCH_27,EC,27EC046
Siddharth Patel,2007-01-04,OTHER,siddharthpatel@outlook.com,9435175931,BATCH_25,CM,25CM036
Om Rani,2006-07-21,MALE,orani@gmail.com,9039492583,BATCH_23,ME,23ME053
Chitra Babu,2007-08-04,FEMALE,chitra_babu@yahoo.com,9406400584,BATCH_24,CC,24CC041
Varun Mishra,2007-09-19,OTHER,varun.mishra@gmail.com,9933044981,BATCH_26,EE,26EE049
Om Devi,2005-06-24,MALE,odevi@gmail.com,9166175963,BATCH_22,CD,22CD041
Nikhil Nair,2005-12-12,OTHER,nikhilnair766@gmail.com,9905886156,BATCH_23,CI,23CI035
Yash Joshi,2004-04-30,MALE,yashjoshi@gmail.com,9487183295,BATCH_22,CD,22CD042
Kavya Mohan,2010-10-14,MALE,kavya_mohan@outlook.com,9002906954,BATCH_27,CM,27CM055
Vihaan Reddy,2005-05-13,FEMALE,vihaan.reddy@gmail.com,9907667042,BATCH_22,ME,22ME032
Sanya Mohan,2007-03-06,FEMALE,smohan@outlook.com,9061376982,BATCH_25,CM,25CM037
Manish Prasad,2008-11-02,FEMALE,manish.prasad5@gmail.com,9969793393,BATCH_26,CS,26CS031
Reyansh Rao,2004-08-09,FEMALE,reyanshrao969@yahoo.com,9237404069,BATCH_22,CM,22CM039
Sanjay Nair,2004-06-16,FEMALE,snair@gmail.com,9850017692,BATCH_23,CS,23CS036
Manish Nair,2003-12-03,FEMALE,manish.nair@gmail.com,9161538116,BATCH_22,CC,22CC037
Sanya Chandra,2009-07-02,FEMALE,sanya.chandra@gmail.com,9531844469,BATCH_27,CD,27CD040
Vikram Joshi,2004-01-13,MALE,vikramjoshi477@gmail.com,9217703054,BATCH_22,ME,22ME033
Abhinav Rao,2007-03-20,FEMALE,arao@gmail.com,9022041064,BATCH_25,ME,25ME057
Tarun Chowdary,2009-03-15,FEMALE,tchowdary@gmail.com,9835620438,BATCH_26,CD,26CD047
Uday Mohan,2005-11-20,FEMALE,udaymohan@yahoo.com,9629233095,BATCH_24,ME,24ME048
Ishaan Rani,2009-05-13,FEMALE,ishaanrani490@gmail.com,9911982623,BATCH_27,CS,27CS044
Ira Naidu,2007-05-06,MALE,inaidu@outlook.com,9909811220,BATCH_26,EC,26EC047
Aditya Malhotra,2009-01-10,MALE,aditya_malhotra@yahoo.com,9852610689,BATCH_27,CI,27CI043
Rahul Kapoor,2006-12-22,FEMALE,rahul.kapoor@gmail.com,9402655859,BATCH_24,EC,24EC038
Kavya Krishnan,2005-01-15,FEMALE,kavya.krishnan45@gmail.com,9342811390,BATCH_23,CD,23CD044
Lakshmi Verma,2010-11-07,MALE,lakshmiverma482@gmail.com,9090395728,BATCH_27,CI,27CI044
Lakshmi Reddy,2008-05-11,FEMALE,lakshmi_reddy@gmail.com,9328986143,BATCH_25,EE,25EE038
Ananya Krishnan,2009-06-08,FEMALE,ananya.krishnan@gmail.com,9425269420,BATCH_27,CC,27CC038
Yash Singh,2009-06-16,FEMALE,yash.singh@gmail.com,9520133205,BATCH_27,EE,27EE042
Vivaan Yadav,2004-02-01,FEMALE,vivaan.yadav23@gmail.com,9145065804,BATCH_22,CD,22CD043
Arjun Nair,2008-02-07,FEMALE,arjun.nair@gmail.com,9460778184,BATCH_26,EE,26EE050
Karthik Joshi,2008-11-13,MALE,karthikjoshi@gmail.com,9284267861,BATCH_27,EC,27EC047
Isha Raju,2008-08-19,MALE,isha_raju@gmail.com,9502615861,BATCH_26,CD,26CD048
Tarun Yadav,2007-02-14,MALE,tarunyadav893@gmail.com,9011028831,BATCH_25,CM,25CM038
Vikram Devi,2008-09-21,FEMALE,vikram.devi53@gmail.com,9181199428,BATCH_27,CI,27CI045
Lakshmi Goud,2005-11-21,MALE,lakshmigoud543@gmail.com,9358464051,BATCH_23,EC,23EC039
Sanya Rao,2006-08-22,MALE,sanyarao@gmail.com,9132237090,BATCH_24,CC,24CC042
Abhinav Goud,2006-10-27,FEMALE,abhinav_goud@outlook.com,9403242216,BATCH_24,CI,24CI052
Om Chandra,2008-12-23,FEMALE,om_chandra@gmail.com,9969874869,BATCH_26,ME,26ME038
Naveen Malhotra,2008-03-28,MALE,naveen_malhotra@yahoo.com,9985023050,BATCH_26,CM,26CM039
Varun Joshi,2008-08-29,OTHER,vjoshi@gmail.com,9407185331,BATCH_26,EC,26EC048
Rahul Kumar,2009-06-30,FEMALE,rahulkumar@gmail.com,9836454875,BATCH_27,CI,27CI046
Vivaan Raju,2009-11-12,FEMALE,vraju@outlook.com,9961315255,BATCH_27,CC,27CC039
Chitra Naidu,2009-05-09,FEMALE,chitra.naidu@yahoo.com,9065421202,BATCH_27,CS,27CS045
Siddharth Iyer,2006-06-02,MALE,siddharthiyer@gmail.com,9056864296,BATCH_24,CI,24CI053
Gauri Kapoor,2005-01-29,FEMALE,gaurikapoor@gmail.com,9381463429,BATCH_22,EC,22EC045
Kavya Mishra,2007-12-24,MALE,kavyamishra@gmail.com,9698436633,BATCH_24,CD,24CD050
Bhavya Krishnan,2006-06-13,FEMALE,bhavyakrishnan@gmail.com,9196528445,BATCH_25,CC,25CC052
Ishaan Patel,2005-03-27,MALE,ishaan.patel@gmail.com,9041231905,BATCH_23,EC,23EC040
Isha Kapoor,2006-07-09,MALE,ishakapoor@gmail.com,9122946213,BATCH_23,CM,23CM028
Priya Sharma,2004-02-25,FEMALE,priya.sharma@outlook.com,9449482202,BATCH_22,CM,22CM040
Tarun Sharma,2007-10-11,FEMALE,tarun_sharma@hotmail.com,9241164342,BATCH_25,EC,25EC058
Harini Chandra,2006-09-27,MALE,harini_chandra@gmail.com,9328182688,BATCH_24,ME,24ME049
Aditi Pandey,2004-11-17,FEMALE,apandey@hotmail.com,9938727075,BATCH_22,CS,22CS039
Isha Nair,2005-11-28,MALE,isha.nair73@gmail.com,9308045310,BATCH_23,EE,23EE045
Tarun Pandey,2009-07-24,MALE,tarun.pandey15@gmail.com,9693327633,BATCH_27,CC,27CC040
Varun Pillai,2009-06-21,MALE,varunpillai695@outlook.com,9967433384,BATCH_27,CC,27CC041
Rohan Sharma,2005-11-27,MALE,rohansharma412@gmail.com,9576285777,BATCH_23,CI,23CI036
Riya Chowdary,2008-12-18,FEMALE,riya.chowdary@outlook.com,9015631437,BATCH_25,CC,25CC053
Pranav Rani,2005-06-13,OTHER,pranavrani@gmail.com,9504768169,BATCH_23,CM,23CM029
Tarun Verma,2007-02-25,MALE,tarun_verma@gmail.com,9677436048,BATCH_24,CD,24CD051
Vikram Babu,2009-02-24,FEMALE,vikram.babu11@gmail.com,9916771086,BATCH_27,EE,27EE043
Varun Malhotra,2008-02-26,MALE,varun.malhotra12@gmail.com,9590364873,BATCH_26,EC,26EC049
Rakesh Pandey,2007-10-13,MALE,rakeshpandey618@gmail.com,9652057563,BATCH_24,EE,24EE046
Manish Devi,2009-05-03,FEMALE,mdevi@gmail.com,9617296717,BATCH_27,CS,27CS046
Meera Raju,2008-11-17,FEMALE,meera.raju19@gmail.com,9549178088,BATCH_26,CI,26CI042
Karthik Nair,2003-05-12,FEMALE,karthik_nair@gmail.com,9860615048,BATCH_22,EE,22EE050
Aryan Desai,2009-12-13,FEMALE,aryandesai457@gmail.com,9880137249,BATCH_27,ME,27ME033
Rahul Kapoor,2006-03-22,MALE,rahul.kapoor94@gmail.com,9637419870,BATCH_25,CM,25CM039
Diya Chowdary,2006-06-25,FEMALE,diya.chowdary54@yahoo.com,9753260332,BATCH_24,ME,24ME050
Naveen Raju,2005-01-09,FEMALE,naveen.raju94@gmail.com,9450232902,BATCH_23,CM,23CM030
Kabir Goud,2004-12-27,FEMALE,kabirgoud143@yahoo.com,9130716952,BATCH_22,CM,22CM041
Sanya Prasad,2010-09-13,FEMALE,sanya.prasad19@gmail.com,9333601078,BATCH_27,ME,27ME034
Bhavya Pandey,2003-03-17,FEMALE,bhavya.pandey@hotmail.com,9594657446,BATCH_22,EC,22EC046
Om Kumar,2006-12-25,FEMALE,om.kumar76@outlook.com,9202461752,BATCH_25,CI,25CI045
Kabir Patel,2008-10-18,MALE,kabir_patel@gmail.com,9518981978,BATCH_26,EC,26EC050
Siddharth Rao,2004-02-04,FEMALE,siddharthrao474@gmail.com,9099583305,BATCH_22,ME,22ME034
Kabir Joshi,2006-07-05,FEMALE,kabirjoshi@yahoo.com,9487289246,BATCH_24,CM,24CM038
Varun Naidu,2005-03-08,FEMALE,varun.naidu38@outlook.com,9898535414,BATCH_23,EE,23EE046
Harini Patel,2007-07-12,MALE,harinipatel855@gmail.com,9520148760,BATCH_25,ME,25ME058
Harini Mishra,2004-01-27,MALE,harini.mishra72@gmail.com,9658282113,BATCH_23,CS,23CS037
Vihaan Menon,2007-08-23,MALE,vihaan_menon@gmail.com,9625349292,BATCH_25,CS,25CS051
Meera Naidu,2005-05-22,FEMALE,mnaidu@gmail.com,9134999255,BATCH_23,CS,23CS038
Siddharth Patel,2009-02-27,FEMALE,siddharth_patel@gmail.com,9438403972,BATCH_27,CI,27CI047
Esha Sharma,2008-03-10,OTHER,esharma@gmail.com,9020338811,BATCH_26,CM,26CM040
Aditya Reddy,2009-10-11,MALE,aditya_reddy@gmail.com,9479135113,BATCH_26,CC,26CC042
Esha Singh,2006-11-06,MALE,esingh@gmail.com,9355642927,BATCH_23,CS,23CS039
Siddharth Gupta,2006-08-25,FEMALE,siddharth.gupta62@gmail.com,9693508370,BATCH_23,CS,23CS040
Vikram Reddy,2005-01-04,FEMALE,vikram.reddy81@outlook.com,9513270872,BATCH_23,CI,23CI037
Vikram Nair,2007-03-09,MALE,vikramnair383@hotmail.com,9365564414,BATCH_24,CS,24CS033
Rohan Gupta,2004-05-12,FEMALE,rohan_gupta@yahoo.com,9854842035,BATCH_22,CC,22CC038
Rohan Verma,2008-09-13,MALE,rohan_verma@gmail.com,9115791367,BATCH_27,CD,27CD041
Om Reddy,2009-11-27,MALE,om_reddy@gmail.com,9202841854,BATCH_27,CS,27CS047
Jyoti Mishra,2008-06-15,FEMALE,jyoti.mishra35@gmail.com,9482700293,BATCH_25,EC,25EC059
Aarav Patel,2005-02-25,MALE,aarav_patel@gmail.com,9490485845,BATCH_23,CI,23CI038
Ananya Raju,2006-11-06,MALE,ananya.raju@gmail.com,9647598762,BATCH_24,ME,24ME051
Aryan Menon,2008-11-02,MALE,aryanmenon@gmail.com,9857268500,BATCH_26,CS,26CS032
Ira Gupta,2008-03-02,FEMALE,iragupta@yahoo.com,9756863454,BATCH_26,EC,26EC051
Yash Pandey,2003-10-28,MALE,yash_pandey@gmail.com,9619403873,BATCH_22,ME,22ME035
Aarav Nair,2010-11-16,MALE,aarav_nair@gmail.com,9078611407,BATCH_27,CD,27CD042
Esha Chandra,2003-08-04,MALE,eshachandra@gmail.com,9301884450,BATCH_22,EE,22EE051
Vivaan Chowdary,2009-05-06,FEMALE,vivaan.chowdary67@gmail.com,9658794923,BATCH_27,EC,27EC048
Vihaan Chandra,2007-11-23,MALE,vihaanchandra@gmail.com,9710947775,BATCH_25,EE,25EE039
Harini Raju,2006-06-19,FEMALE,hariniraju@gmail.com,9610143888,BATCH_24,ME,24ME052
Kavya Desai,2007-06-04,FEMALE,kdesai@yahoo.com,9215783792,BATCH_25,CD,25CD043
Aditya Krishnan,2005-09-19,FEMALE,adityakrishnan867@outlook.com,9417362805,BATCH_23,ME,23ME054
Rohan Verma,2006-08-04,MALE,rohan.verma@yahoo.com,9682927307,BATCH_25,CC,25CC054
Siddharth Pillai,2009-08-12,FEMALE,siddharthpillai@gmail.com,9972162183,BATCH_27,CC,27CC042
Varun Chowdary,2006-05-12,MALE,varun_chowdary@outlook.com,9000040046,BATCH_25,EC,25EC060
Rohan Mohan,2006-05-29,MALE,rohan.mohan18@gmail.com,9090025587,BATCH_24,CC,24CC043
Uday Chowdary,2005-04-25,MALE,uday_chowdary@outlook.com,9446042276,BATCH_23,EC,23EC041
Divya Iyer,2008-06-30,MALE,diyer@gmail.com,9223565515,BATCH_26,EE,26EE051
Rahul Joshi,2008-04-11,FEMALE,rjoshi@yahoo.com,9903674867,BATCH_25,ME,25ME059
Ananya Malhotra,2004-04-07,FEMALE,ananyamalhotra@gmail.com,9721877359,BATCH_23,ME,23ME055
Siddharth Rao,2009-03-10,MALE,siddharth.rao11@gmail.com,9746901763,BATCH_26,CM,26CM041
Manish Nair,2004-09-30,MALE,manish.nair@yahoo.com,9379000273,BATCH_22,CI,22CI043
Reyansh Rao,2008-08-24,FEMALE,reyanshrao526@gmail.com,9565896359,BATCH_26,ME,26ME039
Vikram Naidu,2009-11-01,FEMALE,vikramnaidu931@gmail.com,9549686177,BATCH_26,EC,26EC052
Kabir Nair,2005-11-17,FEMALE,kabir_nair@gmail.com,9534606056,BATCH_23,CM,23CM031
Riya Goud,2008-07-31,MALE,rgoud@gmail.com,9831275341,BATCH_26,CM,26CM042
Uday Mohan,2008-08-13,MALE,udaymohan@outlook.com,9150102394,BATCH_27,EC,27EC049
Nisha Reddy,2003-04-18,MALE,nishareddy@outlook.com,9037400639,BATCH_22,EE,22EE052
Ishaan Joshi,2004-11-03,MALE,ishaanjoshi102@gmail.com,9125525003,BATCH_22,CS,22CS040
Bhavya Krishnan,2006-04-25,FEMALE,bkrishnan@yahoo.com,9642737957,BATCH_25,EC,25EC061
Sanya Verma,2007-12-20,FEMALE,sanyaverma176@gmail.com,9834430299,BATCH_25,ME,25ME060
Vikram Malhotra,2005-01-21,FEMALE,vikrammalhotra@gmail.com,9641769274,BATCH_23,CM,23CM032
Bhavya Verma,2008-08-01,MALE,bhavya_verma@outlook.com,9983577397,BATCH_25,CC,25CC055
Rakesh Chandra,2006-12-26,MALE,rakesh.chandra@gmail.com,9971231660,BATCH_23,CM,23CM033
Aryan Kumar,2009-02-22,FEMALE,aryan.kumar46@gmail.com,9033700894,BATCH_27,CC,27CC043
Ananya Kapoor,2007-04-21,FEMALE,ananya.kapoor@gmail.com,9070666706,BATCH_25,EC,25EC062
Rohan Kumar,2006-07-12,MALE,rohan.kumar41@yahoo.com,9691782729,BATCH_24,CS,24CS034
Esha Mishra,2005-02-23,FEMALE,esha_mishra@gmail.com,9064954416,BATCH_23,ME,23ME056
Yash Krishnan,2009-05-04,MALE,yash.krishnan@yahoo.com,9616075991,BATCH_26,CD,26CD049
Rahul Desai,2008-07-20,MALE,rahul.desai64@gmail.com,9441343275,BATCH_25,CS,25CS052
Ira Malhotra,2007-03-08,MALE,imalhotra@gmail.com,9976116628,BATCH_25,CD,25CD044
Manish Devi,2009-03-26,MALE,manishdevi232@hotmail.com,9676311431,BATCH_27,CI,27CI048
Bhavya Malhotra,2004-09-22,FEMALE,bhavya.malhotra@gmail.com,9202640765,BATCH_22,ME,22ME036
Riya Rani,2005-07-08,MALE,rrani@outlook.com,9171364459,BATCH_22,EE,22EE053
Chitra Joshi,2007-07-15,FEMALE,chitra.joshi2@gmail.com,9831608271,BATCH_25,CI,25CI046
Karthik Gupta,2007-06-02,FEMALE,karthikgupta449@gmail.com,9538336425,BATCH_25,ME,25ME061
Harini Goud,2007-08-03,MALE,harinigoud@gmail.com,9211375964,BATCH_26,CI,26CI043
Ira Pillai,2007-10-01,FEMALE,ipillai@gmail.com,9077879565,BATCH_25,CS,25CS053
Om Chandra,2007-03-22,MALE,omchandra@outlook.com,9821960878,BATCH_25,EC,25EC063
Manish Prasad,2006-07-01,FEMALE,manish.prasad77@gmail.com,9131586207,BATCH_24,CS,24CS035
Ira Pillai,2009-06-28,MALE,ira.pillai55@gmail.com,9517372342,BATCH_27,EE,27EE044
Aarav Goud,2008-12-30,FEMALE,aaravgoud785@gmail.com,9688384916,BATCH_26,CI,26CI044
Pranav Rao,2008-09-19,FEMALE,prao@gmail.com,9031201327,BATCH_26,CI,26CI045
Gauri Babu,2008-06-06,MALE,gbabu@outlook.com,9836481165,BATCH_25,CD,25CD045
Uday Raju,2009-03-13,FEMALE,udayraju497@gmail.com,9723754354,BATCH_27,CD,27CD043
Naveen Kumar,2007-08-12,MALE,naveen_kumar@gmail.com,9676527758,BATCH_25,EE,25EE040
Reyansh Desai,2009-12-18,FEMALE,reyansh.desai@gmail.com,9305865483,BATCH_27,CD,27CD044
Chitra Verma,2004-07-15,MALE,chitra.verma@gmail.com,9866943202,BATCH_23,CD,23CD045
Kavya Reddy,2006-11-13,FEMALE,kavya.reddy4@gmail.com,9582616913,BATCH_24,EC,24EC039
Kavya Babu,2005-12-28,FEMALE,kavya_babu@gmail.com,9813742141,BATCH_23,EE,23EE047
Nikhil Verma,2008-12-18,MALE,nverma@gmail.com,9033833673,BATCH_25,CM,25CM040
Ira Rao,2009-01-07,FEMALE,ira.rao99@yahoo.com,9137688582,BATCH_27,CS,27CS048
Divya Desai,2003-01-26,FEMALE,divya.desai85@gmail.com,9418693032,BATCH_22,EC,22EC047
Harini Gupta,2006-04-21,MALE,harinigupta352@gmail.com,9066569300,BATCH_23,EE,23EE048
Divya Rao,2004-09-06,FEMALE,divya.rao98@gmail.com,9275442206,BATCH_23,CC,23CC040
Om Nair,2004-11-26,FEMALE,om.nair16@outlook.com,9890164928,BATCH_22,CC,22CC039
Meera Singh,2007-10-26,FEMALE,meera.singh49@gmail.com,9892085824,BATCH_26,CI,26CI046
Divya Rani,2008-10-27,MALE,drani@gmail.com,9263223998,BATCH_25,CI,25CI047
Kavya Rao,2007-03-28,MALE,krao@outlook.com,9532208127,BATCH_25,CC,25CC056
Aditya Iyer,2005-03-05,MALE,aditya_iyer@gmail.com,9074065004,BATCH_24,EE,24EE047
Reyansh Pandey,2008-01-04,MALE,reyansh.pandey@yahoo.com,9983145237,BATCH_26,CS,26CS033
Tanvi Goud,2004-01-22,MALE,tanvigoud676@gmail.com,9351645465,BATCH_23,CI,23CI039
Siddharth Sharma,2004-05-08,MALE,siddharth.sharma74@gmail.com,9652918935,BATCH_23,EE,23EE049
Arjun Yadav,2007-03-10,MALE,arjun.yadav21@gmail.com,9883619563,BATCH_24,CM,24CM039
Aryan Kumar,2009-09-30,FEMALE,aryan.kumar76@gmail.com,9423242348,BATCH_26,CC,26CC043
Lakshmi Mohan,2006-02-18,MALE,lakshmi_mohan@gmail.com,9036740092,BATCH_24,CI,24CI054
Sanya Patel,2005-05-27,MALE,sanya.patel@gmail.com,9931531141,BATCH_22,ME,22ME037
Nisha Devi,2008-09-16,MALE,ndevi@gmail.com,9781102527,BATCH_26,CD,26CD050
Harini Krishnan,2004-09-26,FEMALE,hkrishnan@gmail.com,9132433657,BATCH_22,CM,22CM042
Tanvi Kumar,2005-03-24,MALE,tanvi_kumar@gmail.com,9149551127,BATCH_23,CD,23CD046
Karthik Krishnan,2007-10-27,FEMALE,karthik.krishnan@hotmail.com,9793070046,BATCH_26,CI,26CI047
Aditya Menon,2003-07-03,MALE,aditya_menon@gmail.com,9428523158,BATCH_22,CI,22CI044
Ishaan Pandey,2005-04-08,FEMALE,ishaan_pandey@gmail.com,9588537982,BATCH_23,CM,23CM034
Ishaan Prasad,2009-09-01,FEMALE,ishaanprasad21@gmail.com,9697693805,BATCH_26,CS,26CS034
Aditya Goud,2010-06-21,MALE,aditya.goud59@gmail.com,9190937577,BATCH_27,CI,27CI049
Dhruv Mishra,2003-04-29,OTHER,dhruv.mishra@gmail.com,9843910657,BATCH_22,EC,22EC048
Rohan Kapoor,2005-05-14,MALE,rohan_kapoor@gmail.com,9284850136,BATCH_22,CS,22CS041
Ananya Kumar,2007-06-09,FEMALE,ananyakumar331@gmail.com,9239402690,BATCH_25,CD,25CD046
Vivaan Chowdary,2007-09-18,FEMALE,vivaanchowdary@gmail.com,9476094412,BATCH_25,CI,25CI048
Om Goud,2007-11-21,OTHER,ogoud@gmail.com,9366949835,BATCH_26,EC,26EC053
Diya Menon,2004-03-20,MALE,diya_menon@gmail.com,9559227192,BATCH_22,CS,22CS042
Riya Raju,2006-05-18,MALE,rraju@hotmail.com,9545635020,BATCH_23,CD,23CD047
Lakshmi Devi,2005-01-30,MALE,lakshmidevi861@outlook.com,9819740056,BATCH_24,EE,24EE048
Pranav Singh,2007-06-14,FEMALE,pranav_singh@gmail.com,9009025590,BATCH_25,CS,25CS054
Krishna Devi,2006-02-05,MALE,krishnadevi@hotmail.com,9338926087,BATCH_23,EC,23EC042
Pranav Kumar,2007-08-13,MALE,pranavkumar735@gmail.com,9832031613,BATCH_25,EC,25EC064
Rohan Kapoor,2005-08-04,MALE,rohan.kapoor@gmail.com,9082135912,BATCH_23,CI,23CI040
Vivaan Babu,2010-10-15,MALE,vivaan.babu68@gmail.com,9785037436,BATCH_27,ME,27ME035
Tarun Krishnan,2009-12-18,FEMALE,tarun_krishnan@gmail.com,9753605117,BATCH_26,ME,26ME040
Bhavya Raju,2004-12-27,FEMALE,braju@gmail.com,9226571141,BATCH_22,CD,22CD044
Kavya Chandra,2009-12-29,FEMALE,kavya.chandra26@gmail.com,9837158754,BATCH_27,CD,27CD045
Kavya Babu,2009-07-27,FEMALE,kavyababu465@gmail.com,9143269953,BATCH_27,EE,27EE045
Yash Kumar,2009-12-21,MALE,yashkumar643@gmail.com,9727479319,BATCH_27,ME,27ME036
Jyoti Chowdary,2003-04-28,FEMALE,jyotichowdary@outlook.com,9441143376,BATCH_22,CM,22CM043
Uday Devi,2009-01-26,FEMALE,uday.devi96@gmail.com,9843421121,BATCH_27,CD,27CD046
Diya Desai,2006-09-19,FEMALE,diyadesai546@gmail.com,9246701788,BATCH_23,CI,23CI041
Uday Gupta,2006-04-08,MALE,udaygupta958@outlook.com,9199908701,BATCH_24,EC,24EC040
Lakshmi Mohan,2009-05-16,FEMALE,lakshmimohan@yahoo.com,9185199683,BATCH_27,ME,27ME037
Yash Desai,2004-06-29,FEMALE,yashdesai@gmail.com,9046382823,BATCH_22,CD,22CD045
Ananya Goud,2008-01-04,MALE,ananya.goud98@yahoo.com,9356619739,BATCH_26,CI,26CI048
Jyoti Mishra,2005-08-09,MALE,jyotimishra@gmail.com,9730306442,BATCH_23,CD,23CD048
Sai Pandey,2008-01-25,FEMALE,sai_pandey@outlook.com,9333085441,BATCH_26,CM,26CM043
Aryan Mishra,2003-02-11,FEMALE,aryanmishra704@gmail.com,9982718265,BATCH_22,CC,22CC040
Arjun Nair,2005-12-09,MALE,arjunnair@gmail.com,9157787112,BATCH_23,CD,23CD049
Varun Sharma,2009-05-19,FEMALE,varun_sharma@gmail.com,9443402885,BATCH_27,EC,27EC050
Meera Pillai,2006-09-03,MALE,meera.pillai72@gmail.com,9647856250,BATCH_24,CD,24CD052
Isha Rani,2006-04-22,FEMALE,isharani@gmail.com,9883392384,BATCH_24,EC,24EC041
Tarun Krishnan,2008-02-06,MALE,tkrishnan@gmail.com,9781090719,BATCH_26,CS,26CS035
Vivaan Joshi,2010-11-09,MALE,vivaan.joshi@gmail.com,9015525649,BATCH_27,CS,27CS049
Nisha Menon,2005-10-14,FEMALE,nisha.menon@hotmail.com,9219415176,BATCH_24,CS,24CS036
Manish Prasad,2009-12-25,FEMALE,manishprasad322@gmail.com,9126821334,BATCH_26,CD,26CD051
Chitra Singh,2005-03-19,FEMALE,chitra.singh9@gmail.com,9082064602,BATCH_22,CD,22CD046
Nikhil Kapoor,2009-11-30,OTHER,nikhil.kapoor@outlook.com,9108787044,BATCH_27,CS,27CS050
Chitra Gupta,2008-03-29,MALE,chitragupta@gmail.com,9575041226,BATCH_26,CS,26CS036
Krishna Iyer,2004-01-13,FEMALE,krishnaiyer753@gmail.com,9439179830,BATCH_22,CI,22CI045
Gauri Kumar,2007-09-07,MALE,gaurikumar681@outlook.com,9443034918,BATCH_25,CI,25CI049
Sai Pandey,2007-10-02,MALE,sai.pandey68@outlook.com,9175496513,BATCH_25,EE,25EE041
Dhruv Yadav,2008-02-17,FEMALE,dhruv.yadav@outlook.com,9902544830,BATCH_27,CS,27CS051
Lakshmi Mishra,2004-05-07,MALE,lakshmimishra338@yahoo.com,9685864331,BATCH_22,CD,22CD047
Jyoti Chandra,2004-09-29,MALE,jyotichandra@yahoo.com,9292294322,BATCH_22,CI,22CI046
Bhavya Babu,2009-04-15,FEMALE,bhavya.babu@outlook.com,9430718218,BATCH_27,CI,27CI050
Esha Mohan,2008-01-30,MALE,esha.mohan36@gmail.com,9536074339,BATCH_25,CC,25CC057
Krishna Reddy,2008-07-08,FEMALE,krishna.reddy76@gmail.com,9074931660,BATCH_25,EC,25EC065
Ananya Menon,2008-05-13,MALE,ananya.menon@gmail.com,9783075016,BATCH_26,CS,26CS037
Kavya Naidu,2007-07-10,MALE,kavyanaidu@gmail.com,9499208675,BATCH_25,CC,25CC058
Rahul Joshi,2009-12-24,MALE,rahul.joshi19@hotmail.com,9858935840,BATCH_26,CS,26CS038
Ananya Nair,2009-08-19,FEMALE,anair@yahoo.com,9231333614,BATCH_27,EE,27EE046
Meera Kapoor,2005-08-24,MALE,mkapoor@hotmail.com,9343249238,BATCH_24,CM,24CM040
Aryan Gupta,2008-05-01,FEMALE,aryangupta@gmail.com,9965586819,BATCH_25,CD,25CD047
Ishaan Singh,2005-12-07,FEMALE,isingh@gmail.com,9821423691,BATCH_24,EE,24EE049
Varun Pandey,2007-02-10,MALE,vpandey@hotmail.com,9692845115,BATCH_25,EE,25EE042
Tanvi Kumar,2004-09-27,FEMALE,tanvi.kumar31@gmail.com,9188195577,BATCH_22,CI,22CI047
Yash Desai,2008-11-14,FEMALE,yash_desai@gmail.com,9731160156,BATCH_27,CI,27CI051
Aarav Yadav,2006-12-28,FEMALE,aarav.yadav97@gmail.com,9407685644,BATCH_24,CS,24CS037
Isha Patel,2010-08-23,FEMALE,isha.patel99@gmail.com,9556941467,BATCH_27,ME,27ME038
Nikhil Menon,2006-12-31,FEMALE,nikhil.menon@yahoo.com,9466574374,BATCH_24,ME,24ME053
Karthik Kapoor,2007-07-24,MALE,kkapoor@outlook.com,9617808864,BATCH_25,CM,25CM041
Sanya Sharma,2006-05-15,MALE,sanya.sharma43@gmail.com,9349021158,BATCH_24,ME,24ME054
Vihaan Devi,2005-11-04,MALE,vihaandevi@outlook.com,9008941572,BATCH_23,ME,23ME057
Meera Chandra,2010-03-10,OTHER,meera_chandra@gmail.com,9113693142,BATCH_27,CS,27CS052
Naveen Rani,2005-02-15,MALE,naveenrani833@gmail.com,9056901716,BATCH_23,CS,23CS041
Tanvi Malhotra,2005-11-27,FEMALE,tanvi.malhotra@yahoo.com,9410452887,BATCH_22,CS,22CS043
Rahul Raju,2008-05-18,FEMALE,rahulraju@yahoo.com,9900288073,BATCH_26,EE,26EE052
Sai Sharma,2005-10-03,OTHER,sai.sharma@gmail.com,9703713119,BATCH_23,EE,23EE050
Esha Chowdary,2008-07-06,FEMALE,esha_chowdary@gmail.com,9053766608,BATCH_25,CI,25CI050
Ishaan Iyer,2007-08-02,FEMALE,ishaaniyer@gmail.com,9242201027,BATCH_25,CS,25CS055
Ishaan Raju,2006-02-21,FEMALE,ishaanraju@gmail.com,9605960526,BATCH_25,CC,25CC059
Rohan Raju,2006-12-03,MALE,rohan_raju@outlook.com,9328837744,BATCH_24,EE,24EE050
Abhinav Singh,2007-08-14,FEMALE,abhinav_singh@gmail.com,9313717419,BATCH_25,EC,25EC066
Sanya Krishnan,2004-09-08,FEMALE,sanya_krishnan@gmail.com,9307220705,BATCH_22,CI,22CI048
Jyoti Rani,2010-02-12,FEMALE,jyoti.rani26@yahoo.com,9014926218,BATCH_27,CM,27CM056
Meera Goud,2004-12-23,MALE,meera.goud51@gmail.com,9495647998,BATCH_22,CC,22CC041
Sanya Goud,2004-08-24,FEMALE,sanya.goud@outlook.com,9388052850,BATCH_23,ME,23ME058
Chitra Kumar,2008-04-22,MALE,chitrakumar663@outlook.com,9644937479,BATCH_26,CI,26CI049
Gauri Devi,2007-04-23,MALE,gauri.devi12@gmail.com,9575314808,BATCH_26,EE,26EE053
Gauri Prasad,2010-05-15,OTHER,gauriprasad@gmail.com,9659511203,BATCH_27,CM,27CM057
Yash Rao,2009-04-11,FEMALE,yashrao440@gmail.com,9338846519,BATCH_27,CI,27CI052
Aditya Kumar,2005-06-30,MALE,aditya_kumar@gmail.com,9068946491,BATCH_22,ME,22ME038
Aditi Menon,2007-08-12,MALE,aditi.menon@gmail.com,9170758777,BATCH_25,CS,25CS056
Rohan Nair,2003-07-07,FEMALE,rohan.nair56@yahoo.com,9558095794,BATCH_22,EC,22EC049
Jyoti Rao,2004-08-14,FEMALE,jyotirao@outlook.com,9633779938,BATCH_22,CS,22CS044
Arjun Pillai,2006-11-04,MALE,arjun_pillai@yahoo.com,9254083451,BATCH_23,CS,23CS042
Nikhil Mohan,2007-06-25,OTHER,nikhilmohan@gmail.com,9962374111,BATCH_25,CC,25CC060
Tarun Naidu,2007-03-16,FEMALE,tarunnaidu@gmail.com,9710697675,BATCH_26,CD,26CD052
Sanya Yadav,2007-08-25,FEMALE,syadav@hotmail.com,9837105392,BATCH_26,CM,26CM044
Sai Chowdary,2004-11-22,FEMALE,saichowdary@gmail.com,9332621003,BATCH_23,EE,23EE051
Jyoti Patel,2005-08-26,MALE,jyotipatel242@gmail.com,9727338329,BATCH_22,EE,22EE054
Divya Raju,2007-12-16,MALE,divyaraju379@gmail.com,9827567043,BATCH_25,CS,25CS057
Arjun Menon,2006-09-11,FEMALE,arjun.menon@gmail.com,9537458438,BATCH_24,EE,24EE051
Divya Pillai,2006-08-09,MALE,dpillai@gmail.com,9118367365,BATCH_25,EE,25EE043
Aryan Pillai,2007-12-13,MALE,aryan.pillai28@gmail.com,9717406686,BATCH_25,CM,25CM042
Aryan Chandra,2009-07-05,MALE,aryan_chandra@yahoo.com,9196429586,BATCH_27,CI,27CI053
Vihaan Yadav,2004-05-28,FEMALE,vihaan_yadav@gmail.com,9619158530,BATCH_22,CD,22CD048
Diya Goud,2005-01-29,FEMALE,diya_goud@outlook.com,9202315218,BATCH_24,CC,24CC044
Karthik Mohan,2005-06-30,FEMALE,karthikmohan991@hotmail.com,9598217661,BATCH_24,EE,24EE052
Rahul Kapoor,2005-07-03,FEMALE,rahul_kapoor@yahoo.com,9813012170,BATCH_23,EE,23EE052
Manish Patel,2005-03-03,MALE,manish.patel49@gmail.com,9837530768,BATCH_23,EC,23EC043
Vihaan Prasad,2008-08-15,MALE,vihaanprasad992@gmail.com,9867397181,BATCH_26,CS,26CS039
Gauri Krishnan,2008-12-17,MALE,gaurikrishnan@gmail.com,9748287583,BATCH_27,CD,27CD047
Aditya Yadav,2004-12-04,FEMALE,aditya.yadav44@gmail.com,9761837629,BATCH_22,EC,22EC050
Sai Devi,2009-07-12,MALE,saidevi728@gmail.com,9264560980,BATCH_26,CI,26CI050
Sanya Verma,2008-09-14,FEMALE,sanya_verma@gmail.com,9472896308,BATCH_26,CD,26CD053
Vivaan Goud,2006-03-12,MALE,vgoud@gmail.com,9360376811,BATCH_25,CI,25CI051
Aditya Kapoor,2008-11-22,MALE,aditya_kapoor@gmail.com,9502958676,BATCH_26,CC,26CC044
Dhruv Malhotra,2009-08-26,MALE,dhruv_malhotra@gmail.com,9577661303,BATCH_26,CD,26CD054
Dhruv Prasad,2009-10-22,MALE,dhruvprasad@gmail.com,9169280916,BATCH_27,CC,27CC044
Diya Kumar,2004-07-14,FEMALE,diyakumar783@gmail.com,9230137189,BATCH_22,EE,22EE055
Arjun Sharma,2003-04-13,MALE,arjun.sharma85@outlook.com,9015352780,BATCH_22,CS,22CS045
Aditi Singh,2004-10-20,MALE,aditi.singh20@gmail.com,9300344647,BATCH_22,ME,22ME039
Vivaan Desai,2008-02-22,MALE,vivaan.desai91@gmail.com,9945341952,BATCH_26,CC,26CC045
Ishaan Goud,2008-09-30,FEMALE,ishaan.goud64@gmail.com,9646508930,BATCH_27,CI,27CI054
Tarun Rani,2006-06-06,FEMALE,tarun.rani91@gmail.com,9242784128,BATCH_24,EC,24EC042
Manish Pandey,2008-09-17,FEMALE,manishpandey@gmail.com,9289014081,BATCH_26,CS,26CS040
Rakesh Rani,2006-09-30,FEMALE,rakesh_rani@gmail.com,9774763083,BATCH_24,CD,24CD053
Isha Rao,2005-02-22,MALE,isharao768@gmail.com,9874146566,BATCH_24,CI,24CI055
Abhinav Mishra,2007-07-22,MALE,amishra@outlook.com,9026909594,BATCH_24,EC,24EC043
Rohan Yadav,2005-03-15,FEMALE,rohan.yadav@gmail.com,9904240827,BATCH_22,CD,22CD049
Abhinav Gupta,2005-10-12,MALE,abhinav.gupta74@gmail.com,9830335003,BATCH_23,EE,23EE053
Siddharth Raju,2008-02-01,MALE,siddharth.raju32@outlook.com,9431566851,BATCH_26,CC,26CC046
Aarav Verma,2009-06-28,FEMALE,aarav_verma@gmail.com,9180077842,BATCH_27,CM,27CM058
Karthik Naidu,2006-10-29,MALE,karthik.naidu88@gmail.com,9117786496,BATCH_23,CS,23CS043
Chitra Babu,2005-06-28,MALE,chitra.babu14@gmail.com,9340534749,BATCH_22,CS,22CS046
Ishaan Desai,2005-12-30,MALE,ishaan.desai85@outlook.com,9729949387,BATCH_23,CD,23CD050
Priya Sharma,2006-05-14,FEMALE,psharma@gmail.com,9566766404,BATCH_24,EE,24EE053
Rohan Rani,2008-05-15,MALE,rohanrani672@gmail.com,9899744225,BATCH_25,CM,25CM043
Sai Iyer,2007-08-10,FEMALE,siyer@hotmail.com,9399754682,BATCH_26,CD,26CD055
Yash Mohan,2005-08-20,MALE,yashmohan@hotmail.com,9642493273,BATCH_22,CD,22CD050
Dhruv Prasad,2006-03-09,MALE,dhruv_prasad@outlook.com,9593087879,BATCH_25,CM,25CM044
Riya Joshi,2003-04-28,FEMALE,riyajoshi73@yahoo.com,9314768463,BATCH_22,EE,22EE056
Bhavya Patel,2008-04-21,MALE,bhavya.patel49@hotmail.com,9614544029,BATCH_25,CM,25CM045
Aditi Krishnan,2005-05-28,MALE,aditi.krishnan31@gmail.com,9080314998,BATCH_23,CM,23CM035
Vikram Pillai,2005-08-29,MALE,vikram.pillai27@gmail.com,9027392467,BATCH_24,EC,24EC044
Vihaan Joshi,2008-03-01,FEMALE,vihaanjoshi@yahoo.com,9489040113,BATCH_26,EC,26EC054
Bhavya Nair,2007-04-02,FEMALE,bhavya.nair63@gmail.com,9221553250,BATCH_25,ME,25ME062
Lakshmi Mishra,2007-06-17,MALE,lmishra@yahoo.com,9466522897,BATCH_25,CC,25CC061
Pranav Krishnan,2009-10-26,MALE,pranav.krishnan@gmail.com,9942640760,BATCH_27,CC,27CC045
Reyansh Iyer,2006-06-19,FEMALE,reyansh.iyer66@outlook.com,9523149135,BATCH_24,ME,24ME055
Ira Chandra,2005-12-13,MALE,ira_chandra@gmail.com,9523918867,BATCH_23,CC,23CC041
Meera Desai,2007-04-11,FEMALE,meera.desai55@gmail.com,9024159844,BATCH_25,CC,25CC062
Varun Devi,2006-12-26,FEMALE,varun.devi79@yahoo.com,9262181989,BATCH_23,CI,23CI042
Chitra Raju,2006-01-27,FEMALE,chitraraju42@gmail.com,9931957996,BATCH_24,CI,24CI056
Rohan Prasad,2004-08-22,FEMALE,rohanprasad@gmail.com,9918025022,BATCH_22,CI,22CI049
Riya Rani,2008-04-10,FEMALE,riya.rani92@gmail.com,9459840717,BATCH_26,CD,26CD056
Kavya Reddy,2006-10-10,FEMALE,kavya.reddy@gmail.com,9832753273,BATCH_24,EE,24EE054
Ira Iyer,2006-02-01,MALE,ira.iyer56@gmail.com,9036904260,BATCH_24,CM,24CM041
Reyansh Menon,2006-09-23,MALE,reyansh_menon@gmail.com,9779515699,BATCH_25,CM,25CM046
Vihaan Verma,2008-03-04,MALE,vihaan_verma@outlook.com,9894184336,BATCH_25,CI,25CI052
Aryan Reddy,2005-07-03,FEMALE,aryan.reddy@gmail.com,9102555019,BATCH_23,EC,23EC044
Divya Sharma,2008-05-01,FEMALE,divya.sharma66@gmail.com,9789318692,BATCH_26,ME,26ME041
Yash Goud,2006-07-03,MALE,yashgoud738@gmail.com,9779739824,BATCH_25,CD,25CD048
Pranav Gupta,2008-10-04,FEMALE,pranavgupta261@yahoo.com,9336492152,BATCH_26,EC,26EC055
Gauri Naidu,2006-12-05,FEMALE,gauri.naidu@gmail.com,9699417070,BATCH_24,CM,24CM042
Om Pillai,2008-12-15,FEMALE,ompillai@yahoo.com,9916953595,BATCH_27,CI,27CI055
Tanvi Naidu,2005-06-23,MALE,tanvi.naidu6@outlook.com,9428758293,BATCH_24,CM,24CM043
Tanvi Kapoor,2007-10-25,FEMALE,tanvikapoor322@outlook.com,9659905270,BATCH_25,CD,25CD049
Reyansh Sharma,2010-12-25,FEMALE,reyansh.sharma97@yahoo.com,9989506659,BATCH_27,CD,27CD048
Bhavya Desai,2006-05-02,OTHER,bhavyadesai@gmail.com,9865826301,BATCH_24,CS,24CS038
Nikhil Mohan,2004-11-14,MALE,nikhilmohan765@gmail.com,9567766575,BATCH_23,CD,23CD051
Uday Devi,2003-08-23,MALE,uday.devi87@gmail.com,9034116386,BATCH_22,CS,22CS047
Aarav Iyer,2008-05-26,MALE,aarav.iyer@gmail.com,9711202730,BATCH_26,CS,26CS041
Arjun Reddy,2004-12-09,MALE,arjun.reddy84@gmail.com,9057377339,BATCH_22,EE,22EE057
Rahul Yadav,2009-08-27,MALE,ryadav@gmail.com,9894767200,BATCH_26,CC,26CC047
Rakesh Goud,2008-02-13,MALE,rakeshgoud311@gmail.com,9652289890,BATCH_26,CC,26CC048
Aryan Pillai,2009-06-04,FEMALE,apillai@yahoo.com,9304446978,BATCH_26,CS,26CS042
Tanvi Joshi,2009-09-26,FEMALE,tanvi.joshi89@gmail.com,9952786903,BATCH_27,EE,27EE047
Arjun Chowdary,2010-07-05,FEMALE,arjunchowdary@yahoo.com,9633606101,BATCH_27,ME,27ME039
Rakesh Pandey,2003-08-09,FEMALE,rakesh.pandey@gmail.com,9893839543,BATCH_22,CS,22CS048
Sanya Chandra,2008-08-12,OTHER,sanyachandra@gmail.com,9823608422,BATCH_26,CS,26CS043
Rahul Verma,2007-08-21,FEMALE,rahul.verma19@gmail.com,9990421020,BATCH_24,ME,24ME056
Lakshmi Rani,2005-03-15,FEMALE,lakshmi.rani@outlook.com,9338686083,BATCH_22,CC,22CC042
Dhruv Raju,2008-09-28,MALE,dhruv.raju60@gmail.com,9648409270,BATCH_27,ME,27ME040
Jyoti Malhotra,2006-05-03,FEMALE,jyotimalhotra@gmail.com,9141421582,BATCH_24,CC,24CC045
Bhavya Gupta,2009-04-27,FEMALE,bhavya.gupta57@yahoo.com,9457417565,BATCH_26,EC,26EC056
Gauri Malhotra,2005-04-23,MALE,gaurimalhotra600@gmail.com,9956137230,BATCH_23,CM,23CM036
Naveen Iyer,2007-09-14,MALE,naveen_iyer@outlook.com,9207151820,BATCH_25,EE,25EE044
Zoya Goud,2005-01-19,MALE,zgoud@gmail.com,9583784986,BATCH_22,CD,22CD051
Tarun Sharma,2006-09-17,MALE,tarun.sharma54@gmail.com,9356743000,BATCH_24,EE,24EE055
Divya Pandey,2004-07-06,MALE,divyapandey749@yahoo.com,9352326600,BATCH_22,EC,22EC051
Lakshmi Reddy,2004-05-15,FEMALE,lakshmi.reddy5@hotmail.com,9083369215,BATCH_22,CM,22CM044
Nisha Mishra,2007-07-31,FEMALE,nishamishra743@gmail.com,9494897096,BATCH_26,EE,26EE054
Ira Kapoor,2009-05-21,MALE,ikapoor@outlook.com,9080995892,BATCH_27,CD,27CD049
Harini Reddy,2007-08-12,FEMALE,harinireddy433@gmail.com,9518378477,BATCH_25,CD,25CD050
Chitra Raju,2008-05-26,FEMALE,craju@gmail.com,9659491868,BATCH_26,CS,26CS044
Rohan Malhotra,2007-05-13,FEMALE,rohan.malhotra61@gmail.com,9314140878,BATCH_25,CD,25CD051
Zoya Naidu,2005-03-05,MALE,zoya.naidu83@gmail.com,9905334704,BATCH_23,EC,23EC045
Aditi Kapoor,2004-02-18,MALE,aditi_kapoor@gmail.com,9629518779,BATCH_23,CM,23CM037
Rohan Krishnan,2003-03-26,FEMALE,rohan.krishnan61@yahoo.com,9647696503,BATCH_22,EE,22EE058
Rahul Menon,2009-07-31,MALE,rahul_menon@gmail.com,9514682988,BATCH_27,CS,27CS053
Harini Chowdary,2004-12-31,MALE,harini.chowdary92@outlook.com,9382018776,BATCH_22,CS,22CS049
Esha Kapoor,2008-06-23,FEMALE,esha.kapoor38@gmail.com,9624152857,BATCH_25,CI,25CI053
Vikram Chandra,2005-02-04,FEMALE,vchandra@hotmail.com,9427853141,BATCH_23,CC,23CC042
Bhavya Pillai,2010-10-09,MALE,bhavyapillai819@gmail.com,9134288151,BATCH_27,CD,27CD050
Esha Prasad,2007-05-03,MALE,esha.prasad@gmail.com,9938276153,BATCH_25,CS,25CS058
Dhruv Desai,2007-05-14,FEMALE,dhruvdesai@gmail.com,9554362331,BATCH_24,CI,24CI057
Naveen Nair,2009-11-24,FEMALE,naveen.nair63@gmail.com,9184581630,BATCH_27,CI,27CI056
Rahul Menon,2007-07-13,FEMALE,rahulmenon@outlook.com,9179796886,BATCH_25,EE,25EE045
Vihaan Raju,2004-02-18,MALE,vihaanraju19@gmail.com,9299578589,BATCH_23,CS,23CS044
Reyansh Desai,2008-11-10,MALE,reyansh.desai9@gmail.com,9685199076,BATCH_26,EE,26EE055
Nikhil Joshi,2007-10-25,MALE,nikhiljoshi124@gmail.com,9729697010,BATCH_25,CD,25CD052
Uday Babu,2004-07-30,FEMALE,uday_babu@gmail.com,9477413135,BATCH_22,EC,22EC052
Lakshmi Devi,2008-01-25,FEMALE,lakshmidevi899@yahoo.com,9187166993,BATCH_27,CD,27CD051
Meera Joshi,2004-10-15,MALE,mjoshi@gmail.com,9469890623,BATCH_22,CC,22CC043
Manish Krishnan,2009-01-13,MALE,manish.krishnan@outlook.com,9363409161,BATCH_27,EC,27EC051
Esha Rani,2006-07-15,MALE,esha.rani57@yahoo.com,9013673037,BATCH_24,ME,24ME057
Kabir Babu,2007-12-21,MALE,kabir.babu@hotmail.com,9966529483,BATCH_25,EC,25EC067
Ananya Singh,2008-06-06,MALE,ananya.singh@yahoo.com,9754121267,BATCH_25,EE,25EE046
Vihaan Sharma,2004-09-25,MALE,vihaan.sharma@outlook.com,9588713811,BATCH_23,ME,23ME059
Nisha Mishra,2004-08-13,FEMALE,nisha_mishra@gmail.com,9804057245,BATCH_22,ME,22ME040
Aditi Mishra,2009-01-07,FEMALE,aditi.mishra38@gmail.com,9762332750,BATCH_27,EC,27EC052
Varun Patel,2009-09-29,MALE,varun.patel@yahoo.com,9266299470,BATCH_27,CS,27CS054
Ira Pandey,2006-07-28,MALE,irapandey@gmail.com,9058653143,BATCH_25,ME,25ME063
Siddharth Krishnan,2007-07-21,MALE,siddharth.krishnan26@gmail.com,9373516091,BATCH_24,ME,24ME058
Tarun Krishnan,2008-02-02,MALE,tarun.krishnan1@yahoo.com,9765707794,BATCH_26,CI,26CI051
Kabir Babu,2004-05-26,FEMALE,kabir.babu@gmail.com,9697955936,BATCH_22,CD,22CD052
Naveen Rani,2007-04-21,FEMALE,naveen.rani92@gmail.com,9072872757,BATCH_25,CC,25CC063
Aarav Goud,2010-04-28,MALE,aaravgoud@gmail.com,9728102972,BATCH_27,CI,27CI057
Manish Menon,2005-08-27,FEMALE,manishmenon@yahoo.com,9534073284,BATCH_24,CC,24CC046
Gauri Menon,2008-09-23,MALE,gauri.menon55@gmail.com,9458616248,BATCH_26,EE,26EE056
Chitra Pillai,2009-10-13,OTHER,cpillai@outlook.com,9914269376,BATCH_26,CC,26CC049
Rahul Raju,2004-11-08,FEMALE,rahulraju@gmail.com,9537701249,BATCH_23,CC,23CC043
Tarun Sharma,2006-07-16,MALE,tarunsharma826@yahoo.com,9309840863,BATCH_23,CI,23CI043
Divya Rao,2005-01-20,MALE,divya_rao@outlook.com,9093459626,BATCH_23,CM,23CM038
Varun Babu,2008-03-17,MALE,varun.babu99@gmail.com,9653222470,BATCH_26,CM,26CM045
Vihaan Menon,2009-06-15,FEMALE,vmenon@gmail.com,9282301643,BATCH_27,CM,27CM059
Reyansh Gupta,2004-10-10,MALE,reyanshgupta925@outlook.com,9580526321,BATCH_22,CC,22CC044
Bhavya Singh,2003-04-08,FEMALE,bsingh@gmail.com,9649289668,BATCH_22,EE,22EE059
Vikram Iyer,2005-12-26,FEMALE,vikram.iyer38@outlook.com,9801168218,BATCH_23,CS,23CS045
Rakesh Singh,2008-11-11,FEMALE,rakesh_singh@outlook.com,9717772166,BATCH_27,CD,27CD052
Rakesh Raju,2008-11-14,MALE,rakesh_raju@yahoo.com,9636918454,BATCH_27,CM,27CM060
Abhinav Gupta,2006-09-19,MALE,abhinavgupta922@gmail.com,9669296627,BATCH_24,ME,24ME059
Bhavya Krishnan,2003-04-20,MALE,bhavya.krishnan19@gmail.com,9294807426,BATCH_22,CS,22CS050
Kavya Pandey,2008-09-24,MALE,kavyapandey909@gmail.com,9786385847,BATCH_25,CC,25CC064
Tarun Joshi,2009-05-05,FEMALE,tarun.joshi80@gmail.com,9581898579,BATCH_27,CD,27CD053
Chitra Pillai,2008-06-06,MALE,chitra_pillai@gmail.com,9793722391,BATCH_26,CS,26CS045
Divya Singh,2006-01-26,MALE,divya.singh69@gmail.com,9803061547,BATCH_23,EE,23EE054
Vikram Pillai,2009-03-15,MALE,vikrampillai@yahoo.com,9719745314,BATCH_27,CM,27CM061
Varun Rao,2006-04-15,FEMALE,varunrao@gmail.com,9389122800,BATCH_24,CC,24CC047
Sanya Raju,2007-10-30,MALE,sanyaraju320@gmail.com,9058147700,BATCH_25,EE,25EE047
Ananya Patel,2007-10-18,MALE,ananya.patel@gmail.com,9537672423,BATCH_25,EE,25EE048
Rohan Joshi,2006-02-17,MALE,rohanjoshi@gmail.com,9462772080,BATCH_23,CS,23CS046
Aryan Kumar,2007-06-15,MALE,aryan.kumar39@outlook.com,9951490967,BATCH_25,EC,25EC068
Sanjay Singh,2009-10-21,FEMALE,sanjay.singh@hotmail.com,9813026564,BATCH_27,CC,27CC046
Tarun Rao,2005-05-13,FEMALE,tarunrao643@outlook.com,9264847641,BATCH_22,CI,22CI050
Divya Verma,2007-03-12,FEMALE,dverma@gmail.com,9179428179,BATCH_25,CI,25CI054
Isha Chandra,2008-10-29,FEMALE,ishachandra306@outlook.com,9902540437,BATCH_27,CS,27CS055
Reyansh Verma,2006-03-24,MALE,reyanshverma@yahoo.com,9181599706,BATCH_24,ME,24ME060
Arjun Kumar,2009-08-12,MALE,akumar@yahoo.com,9666411065,BATCH_26,ME,26ME042
Vihaan Prasad,2005-05-06,FEMALE,vihaanprasad682@outlook.com,9423372094,BATCH_23,CM,23CM039
Arjun Kapoor,2008-10-10,MALE,arjun_kapoor@outlook.com,9281059251,BATCH_27,ME,27ME041
Siddharth Naidu,2009-11-21,FEMALE,siddharthnaidu@gmail.com,9887421094,BATCH_27,ME,27ME042
Dhruv Chowdary,2007-12-07,MALE,dhruvchowdary@yahoo.com,9397026638,BATCH_26,CM,26CM046
Manish Nair,2007-01-05,MALE,manishnair@gmail.com,9387509977,BATCH_25,EE,25EE049
Pranav Naidu,2009-05-27,FEMALE,pranav.naidu@outlook.com,9622689753,BATCH_27,CM,27CM062
Isha Mohan,2005-02-28,MALE,isha.mohan55@gmail.com,9007923046,BATCH_23,EC,23EC046
Ishaan Prasad,2008-09-08,FEMALE,ishaanprasad@gmail.com,9253983745,BATCH_27,CD,27CD054
Bhavya Krishnan,2010-06-17,MALE,bhavya_krishnan@gmail.com,9485625750,BATCH_27,CM,27CM063
Sai Babu,2004-01-23,FEMALE,saibabu603@gmail.com,9380978785,BATCH_22,CI,22CI051
Reyansh Babu,2004-04-17,MALE,reyansh_babu@gmail.com,9925236229,BATCH_23,CM,23CM040
Tarun Nair,2005-05-25,FEMALE,tarun.nair82@gmail.com,9653652053,BATCH_23,ME,23ME060
Gauri Rao,2010-01-27,MALE,gauri.rao63@gmail.com,9800470322,BATCH_27,EC,27EC053
Pranav Krishnan,2009-07-09,FEMALE,pranavkrishnan@outlook.com,9893853358,BATCH_27,CI,27CI058
Bhavya Goud,2004-07-19,MALE,bgoud@gmail.com,9071775450,BATCH_23,EE,23EE055
Rohan Reddy,2006-08-03,MALE,rohanreddy@gmail.com,9950732146,BATCH_25,CI,25CI055
Ananya Raju,2008-03-13,FEMALE,ananyaraju765@gmail.com,9157855048,BATCH_25,CC,25CC065
Esha Mishra,2006-02-04,FEMALE,esha.mishra16@gmail.com,9194893336,BATCH_24,CC,24CC048
Kavya Raju,2005-09-19,FEMALE,kavya.raju@gmail.com,9343483834,BATCH_23,CI,23CI044
Abhinav Joshi,2005-03-03,FEMALE,abhinav_joshi@gmail.com,9114687261,BATCH_24,CI,24CI058
Uday Sharma,2008-10-28,MALE,uday.sharma39@hotmail.com,9017075681,BATCH_25,CI,25CI056
Tarun Rao,2007-01-30,MALE,tarunrao146@gmail.com,9231038086,BATCH_24,CM,24CM044
Kabir Malhotra,2010-02-03,FEMALE,kabir_malhotra@gmail.com,9423115479,BATCH_27,EC,27EC054
Yash Babu,2008-07-20,OTHER,yash.babu@gmail.com,9591520177,BATCH_25,CS,25CS059
Sai Verma,2008-07-06,FEMALE,sai.verma45@gmail.com,9188934773,BATCH_26,EE,26EE057
Sai Chowdary,2009-02-19,FEMALE,sai.chowdary40@gmail.com,9535338447,BATCH_27,CS,27CS056
Sanjay Goud,2009-06-06,FEMALE,sgoud@outlook.com,9138705544,BATCH_27,ME,27ME043
Dhruv Malhotra,2009-11-30,MALE,dhruvmalhotra@outlook.com,9677477313,BATCH_26,EE,26EE058
Harini Mishra,2010-07-24,FEMALE,harini.mishra59@gmail.com,9328775548,BATCH_27,ME,27ME044
Esha Joshi,2007-11-24,MALE,ejoshi@gmail.com,9259458385,BATCH_25,CC,25CC066
Divya Devi,2008-03-03,FEMALE,divyadevi681@gmail.com,9436539347,BATCH_26,CD,26CD057
Diya Gupta,2009-07-30,MALE,diya.gupta30@gmail.com,9099014806,BATCH_27,EC,27EC055
Ananya Babu,2008-09-05,MALE,ababu@gmail.com,9756269142,BATCH_26,CD,26CD058
Arjun Gupta,2008-11-16,FEMALE,agupta@outlook.com,9997738792,BATCH_26,CS,26CS046
Tanvi Malhotra,2009-02-23,MALE,tanvi.malhotra@gmail.com,9870528453,BATCH_26,CD,26CD059
Nisha Chandra,2008-09-27,FEMALE,nisha_chandra@gmail.com,9884787181,BATCH_26,CS,26CS047
Sanjay Pillai,2008-07-12,MALE,sanjaypillai660@gmail.com,9381512911,BATCH_26,CM,26CM047
Esha Chowdary,2009-04-25,FEMALE,eshachowdary555@gmail.com,9383645482,BATCH_27,EE,27EE048
Abhinav Chandra,2009-02-27,OTHER,abhinavchandra@yahoo.com,9436489361,BATCH_27,CD,27CD055
Uday Verma,2008-02-23,MALE,uday.verma@yahoo.com,9452878475,BATCH_26,EC,26EC057
Rohan Chowdary,2009-05-10,MALE,rohan.chowdary@gmail.com,9433749568,BATCH_27,EE,27EE049
Manish Gupta,2009-05-04,FEMALE,manishgupta252@gmail.com,9367691235,BATCH_26,CD,26CD060
Aditi Mohan,2007-05-13,MALE,aditi_mohan@gmail.com,9001915426,BATCH_25,EC,25EC069
Krishna Babu,2007-07-21,FEMALE,krishna.babu@gmail.com,9971870153,BATCH_25,CM,25CM047
Siddharth Iyer,2005-12-23,FEMALE,siddharth.iyer@gmail.com,9869653715,BATCH_23,CC,23CC044
Naveen Rani,2007-06-21,MALE,naveen_rani@outlook.com,9838951752,BATCH_25,CM,25CM048
Zoya Naidu,2004-01-14,FEMALE,zoyanaidu@gmail.com,9839715348,BATCH_22,CI,22CI052
Sanjay Rani,2010-04-15,FEMALE,sanjayrani@gmail.com,9341604629,BATCH_27,EE,27EE050
Divya Pillai,2007-03-16,FEMALE,divyapillai@gmail.com,9410420710,BATCH_26,CI,26CI052
Rahul Kumar,2005-10-20,MALE,rkumar@gmail.com,9420722395,BATCH_23,CC,23CC045
Arjun Verma,2008-06-20,MALE,arjun_verma@gmail.com,9480442364,BATCH_25,CD,25CD053
Tarun Chowdary,2009-10-27,FEMALE,tarun.chowdary42@gmail.com,9833691957,BATCH_27,CD,27CD056
Divya Joshi,2007-02-08,MALE,divyajoshi@outlook.com,9086044159,BATCH_26,CD,26CD061
Sanya Menon,2010-12-20,MALE,sanyamenon@gmail.com,9870322177,BATCH_27,CI,27CI059
Naveen Goud,2008-08-25,OTHER,naveen.goud97@gmail.com,9891213974,BATCH_26,CC,26CC050
Aditya Singh,2006-12-28,MALE,aditya_singh@outlook.com,9221610705,BATCH_24,EE,24EE056
Esha Iyer,2009-07-25,MALE,esha.iyer53@gmail.com,9533567224,BATCH_27,CS,27CS057
Aditi Goud,2004-11-21,OTHER,aditi.goud@gmail.com,9523668788,BATCH_23,CD,23CD052
Ananya Singh,2004-02-26,FEMALE,ananya.singh@gmail.com,9410679433,BATCH_22,CM,22CM045
Yash Kumar,2008-06-18,MALE,yash_kumar@gmail.com,9549684727,BATCH_27,EC,27EC056
Tanvi Joshi,2008-04-12,FEMALE,tjoshi@gmail.com,9077375347,BATCH_26,CD,26CD062
Arjun Sharma,2005-07-27,MALE,arjunsharma383@gmail.com,9578295787,BATCH_24,CM,24CM045
Om Chandra,2004-07-07,FEMALE,om.chandra32@hotmail.com,9129906500,BATCH_23,CI,23CI045
Divya Reddy,2005-04-10,MALE,divya.reddy@hotmail.com,9584677576,BATCH_23,ME,23ME061
Uday Reddy,2006-12-27,MALE,udayreddy985@gmail.com,9254318328,BATCH_25,CI,25CI057
Pranav Devi,2005-12-14,MALE,pranav.devi@gmail.com,9073433272,BATCH_23,CI,23CI046
Chitra Verma,2006-10-08,MALE,chitraverma280@outlook.com,9570027206,BATCH_25,CS,25CS060
Vivaan Babu,2005-10-09,FEMALE,vbabu@gmail.com,9103903397,BATCH_23,CM,23CM041
Aditya Rani,2007-09-28,MALE,aditya.rani@gmail.com,9384784830,BATCH_25,CD,25CD054
Bhavya Singh,2007-08-26,MALE,bhavya.singh@gmail.com,9099031721,BATCH_25,EC,25EC070
Divya Yadav,2009-03-04,OTHER,divyayadav@gmail.com,9761302364,BATCH_27,CC,27CC047
Diya Menon,2006-10-09,MALE,diya.menon36@yahoo.com,9740751939,BATCH_24,CD,24CD054
Reyansh Malhotra,2008-02-23,MALE,reyansh_malhotra@gmail.com,9556314404,BATCH_26,CD,26CD063
Naveen Desai,2007-09-27,MALE,naveen_desai@outlook.com,9523841649,BATCH_26,EE,26EE059
Vihaan Babu,2007-01-25,MALE,vihaan_babu@hotmail.com,9167618472,BATCH_24,ME,24ME061
Kabir Desai,2007-06-07,MALE,kabirdesai@gmail.com,9115652770,BATCH_25,CM,25CM049
Aditi Babu,2008-08-15,FEMALE,aditi.babu@gmail.com,9639710318,BATCH_26,EC,26EC058
Isha Mishra,2008-02-11,MALE,isha.mishra@outlook.com,9012213387,BATCH_26,CS,26CS048
Vikram Sharma,2010-08-12,OTHER,vikram.sharma@gmail.com,9658484393,BATCH_27,CM,27CM064
Arjun Yadav,2004-09-13,MALE,arjun.yadav53@gmail.com,9515869409,BATCH_23,EE,23EE056
Ira Reddy,2009-08-06,MALE,ireddy@yahoo.com,9782061756,BATCH_27,CS,27CS058
Nikhil Reddy,2009-01-03,FEMALE,nikhil.reddy69@gmail.com,9356149492,BATCH_26,EE,26EE060
Karthik Patel,2003-04-26,FEMALE,karthik.patel46@gmail.com,9538582406,BATCH_22,CD,22CD053
Tarun Chandra,2006-12-16,FEMALE,tarunchandra@outlook.com,9143882737,BATCH_24,EC,24EC045
Sai Pillai,2003-12-04,FEMALE,sai.pillai@outlook.com,9350265287,BATCH_22,CD,22CD054
Divya Raju,2006-11-02,MALE,divya.raju@gmail.com,9638384607,BATCH_24,CS,24CS039
Esha Pillai,2010-07-27,FEMALE,epillai@gmail.com,9584914416,BATCH_27,EE,27EE051
Tarun Chowdary,2009-03-06,MALE,tarun.chowdary@outlook.com,9188220631,BATCH_27,CC,27CC048
Uday Patel,2008-05-01,FEMALE,upatel@yahoo.com,9407026726,BATCH_26,EE,26EE061
Vihaan Mohan,2005-06-05,FEMALE,vihaan_mohan@gmail.com,9897548411,BATCH_22,CM,22CM046
Sanjay Rao,2005-06-09,FEMALE,sanjayrao927@gmail.com,9770472902,BATCH_23,CS,23CS047
Ishaan Prasad,2006-09-22,MALE,iprasad@gmail.com,9109817663,BATCH_24,CD,24CD055
Aarav Pillai,2010-09-06,FEMALE,aaravpillai583@gmail.com,9337591128,BATCH_27,CD,27CD057
Tarun Mohan,2007-05-18,FEMALE,tmohan@gmail.com,9054191999,BATCH_25,CM,25CM050
Kavya Mishra,2007-07-22,FEMALE,kavyamishra699@yahoo.com,9210741443,BATCH_25,CD,25CD055
Meera Kapoor,2008-05-08,FEMALE,meerakapoor@gmail.com,9563352526,BATCH_26,CD,26CD064
Meera Kumar,2007-03-26,FEMALE,meerakumar266@yahoo.com,9729806990,BATCH_25,EE,25EE050
Manish Chandra,2005-12-28,FEMALE,manish_chandra@outlook.com,9009391617,BATCH_23,ME,23ME062
Pranav Mohan,2004-02-06,MALE,pmohan@gmail.com,9386906017,BATCH_22,ME,22ME041
Esha Babu,2005-08-10,FEMALE,ebabu@gmail.com,9790870187,BATCH_23,EC,23EC047
Sanjay Singh,2007-04-08,FEMALE,sanjay.singh59@gmail.com,9657485868,BATCH_26,CI,26CI053
Zoya Naidu,2006-11-12,MALE,zoya_naidu@gmail.com,9619909798,BATCH_24,CI,24CI059
Nisha Prasad,2010-04-23,FEMALE,nprasad@gmail.com,9700174931,BATCH_27,CM,27CM065
Kavya Patel,2007-10-13,FEMALE,kavyapatel371@gmail.com,9607485298,BATCH_25,CC,25CC067
Priya Kumar,2004-05-14,OTHER,priya.kumar@yahoo.com,9967097389,BATCH_22,CD,22CD055
Varun Rani,2004-05-12,MALE,varun.rani54@gmail.com,9132604943,BATCH_22,ME,22ME042
Ananya Reddy,2005-10-10,MALE,ananya_reddy@gmail.com,9752568065,BATCH_23,CM,23CM042
Sai Mishra,2005-09-08,FEMALE,sai.mishra@gmail.com,9178625615,BATCH_24,CC,24CC049
Vihaan Raju,2007-11-08,MALE,vihaan.raju29@hotmail.com,9025119024,BATCH_24,CM,24CM046
Vikram Sharma,2007-06-13,FEMALE,vikramsharma@hotmail.com,9064033562,BATCH_25,CC,25CC068
Aarav Chowdary,2008-04-08,FEMALE,achowdary@gmail.com,9063567357,BATCH_26,CM,26CM048
Jyoti Raju,2008-06-01,MALE,jyotiraju443@gmail.com,9272126454,BATCH_26,CS,26CS049
Divya Reddy,2006-04-21,MALE,divya_reddy@yahoo.com,9385693291,BATCH_25,CD,25CD056
Pranav Malhotra,2008-06-09,FEMALE,pranav_malhotra@gmail.com,9685944164,BATCH_27,CI,27CI060
Aarav Verma,2005-10-14,MALE,aaravverma@outlook.com,9487930748,BATCH_23,ME,23ME063
Aditi Joshi,2004-02-10,FEMALE,aditi.joshi77@outlook.com,9990380351,BATCH_22,EC,22EC053
Ira Raju,2003-01-16,MALE,iraraju458@yahoo.com,9101855405,BATCH_22,CS,22CS051
Kavya Singh,2009-06-15,MALE,kavya.singh@gmail.com,9362917148,BATCH_27,CC,27CC049
Siddharth Goud,2004-12-03,MALE,siddharthgoud@gmail.com,9694611952,BATCH_23,CD,23CD053
Dhruv Mohan,2006-06-17,MALE,dhruv_mohan@gmail.com,9976405356,BATCH_23,EC,23EC048
Krishna Desai,2005-10-06,MALE,kdesai@gmail.com,9630858259,BATCH_23,CI,23CI047
Bhavya Chowdary,2005-06-03,MALE,bhavya.chowdary7@gmail.com,9020073106,BATCH_22,EE,22EE060
Naveen Iyer,2005-02-08,OTHER,naveen.iyer80@gmail.com,9460401424,BATCH_23,CM,23CM043
Kabir Raju,2006-12-18,FEMALE,kraju@gmail.com,9944104232,BATCH_24,EC,24EC046
Rakesh Goud,2009-07-22,MALE,rakesh.goud59@gmail.com,9767063632,BATCH_26,CC,26CC051
Arjun Kapoor,2007-10-31,MALE,arjun.kapoor@yahoo.com,9956353153,BATCH_25,CS,25CS061
Divya Iyer,2009-05-21,FEMALE,divya.iyer@gmail.com,9023089122,BATCH_27,EC,27EC057
Om Rao,2005-11-13,MALE,omrao@gmail.com,9443540062,BATCH_23,CI,23CI048
Bhavya Desai,2004-11-17,MALE,bdesai@gmail.com,9077021474,BATCH_22,CD,22CD056
Lakshmi Chandra,2010-03-15,FEMALE,lakshmichandra927@gmail.com,9957882233,BATCH_27,EC,27EC058
Manish Rani,2007-06-26,MALE,manish_rani@gmail.com,9478726819,BATCH_26,CM,26CM049
Esha Reddy,2005-10-10,FEMALE,esha.reddy93@gmail.com,9985457499,BATCH_23,CI,23CI049
Vihaan Chowdary,2009-09-28,FEMALE,vihaan.chowdary@gmail.com,9600850903,BATCH_27,CS,27CS059
Karthik Gupta,2007-08-14,FEMALE,karthik.gupta40@gmail.com,9312950488,BATCH_25,CM,25CM051
Krishna Naidu,2004-05-01,MALE,krishna_naidu@gmail.com,9402424033,BATCH_23,CD,23CD054
Reyansh Rao,2005-06-05,MALE,reyanshrao@gmail.com,9488636680,BATCH_22,CS,22CS052
Esha Desai,2009-12-09,FEMALE,esha_desai@gmail.com,9155014570,BATCH_27,CD,27CD058
Reyansh Kapoor,2007-10-15,FEMALE,reyanshkapoor531@gmail.com,9362487485,BATCH_24,CD,24CD056
Diya Chowdary,2007-03-03,MALE,diyachowdary@gmail.com,9837455084,BATCH_25,CS,25CS062
Ira Malhotra,2008-06-07,FEMALE,ira.malhotra@gmail.com,9288284705,BATCH_27,CC,27CC050
Zoya Iyer,2004-10-04,MALE,ziyer@gmail.com,9467574192,BATCH_22,CM,22CM047
Varun Sharma,2007-02-05,FEMALE,varunsharma@outlook.com,9006956981,BATCH_26,EC,26EC059
Rahul Mishra,2005-04-23,MALE,rahul.mishra89@gmail.com,9532759235,BATCH_22,CI,22CI053
Manish Chandra,2009-01-31,FEMALE,manishchandra873@gmail.com,9120339801,BATCH_27,CC,27CC051
Vikram Prasad,2005-07-28,OTHER,vikram.prasad43@gmail.com,9947258784,BATCH_23,CM,23CM044
Vivaan Singh,2005-10-07,MALE,vivaan.singh14@gmail.com,9249969660,BATCH_24,CD,24CD057
Ishaan Iyer,2009-09-07,MALE,ishaan.iyer1@gmail.com,9114675301,BATCH_26,CI,26CI054
Harini Chandra,2008-07-29,FEMALE,hchandra@gmail.com,9873977406,BATCH_25,CS,25CS063
Jyoti Goud,2004-11-13,MALE,jgoud@yahoo.com,9242384482,BATCH_22,CS,22CS053
Vivaan Kumar,2009-10-11,FEMALE,vivaan.kumar@gmail.com,9240497795,BATCH_27,CM,27CM066
Aditi Pillai,2007-05-03,FEMALE,aditi.pillai@gmail.com,9669471834,BATCH_26,CI,26CI055
Naveen Singh,2004-10-07,FEMALE,naveen.singh19@gmail.com,9151547365,BATCH_22,EE,22EE061
Ishaan Mishra,2010-10-13,FEMALE,ishaan_mishra@gmail.com,9872699276,BATCH_27,CS,27CS060
Lakshmi Desai,2007-10-17,FEMALE,lakshmi_desai@gmail.com,9083572324,BATCH_25,CS,25CS064
Vivaan Patel,2006-07-11,OTHER,vivaanpatel@gmail.com,9957874411,BATCH_24,CI,24CI060
Diya Chowdary,2008-05-27,MALE,diya.chowdary@gmail.com,9361475629,BATCH_27,CD,27CD059
Sanjay Desai,2004-03-08,FEMALE,sanjay.desai@gmail.com,9303085938,BATCH_22,EE,22EE062
Rakesh Joshi,2008-12-20,FEMALE,rakesh.joshi87@gmail.com,9094147716,BATCH_26,EC,26EC060
Zoya Kumar,2009-01-09,MALE,zoya_kumar@gmail.com,9801030221,BATCH_26,CS,26CS050
Uday Naidu,2004-08-05,MALE,uday_naidu@gmail.com,9645807190,BATCH_22,EE,22EE063
Tanvi Krishnan,2006-02-02,MALE,tanvikrishnan819@gmail.com,9117993136,BATCH_25,CS,25CS065
Rahul Nair,2010-09-05,MALE,rahul.nair@outlook.com,9367127470,BATCH_27,CI,27CI061
Kavya Sharma,2008-06-27,FEMALE,kavyasharma@gmail.com,9130696721,BATCH_25,EC,25EC071
Vikram Mohan,2007-04-09,FEMALE,vikram_mohan@gmail.com,9864883626,BATCH_26,CS,26CS051
Sanya Chandra,2005-09-02,FEMALE,sanyachandra652@gmail.com,9215149409,BATCH_23,CM,23CM045
Pranav Raju,2005-04-12,FEMALE,pranavraju@gmail.com,9908783476,BATCH_23,CC,23CC046
Nisha Sharma,2008-07-18,FEMALE,nishasharma@gmail.com,9069420222,BATCH_26,EE,26EE062
Ananya Goud,2006-12-04,FEMALE,ananya.goud75@outlook.com,9593358515,BATCH_24,CI,24CI061
Sai Chowdary,2007-03-08,MALE,sai.chowdary11@gmail.com,9809885165,BATCH_25,EE,25EE051
Tanvi Kumar,2008-01-06,FEMALE,tanvikumar@yahoo.com,9887002518,BATCH_27,CD,27CD060
Aryan Iyer,2005-02-03,FEMALE,aryaniyer904@gmail.com,9134826551,BATCH_22,EE,22EE064
Jyoti Chandra,2009-07-30,FEMALE,jyotichandra@gmail.com,9612374077,BATCH_26,ME,26ME043
Nikhil Iyer,2006-05-27,FEMALE,nikhil.iyer48@gmail.com,9194468813,BATCH_24,CM,24CM047
Esha Pillai,2004-03-21,FEMALE,esha_pillai@yahoo.com,9149512942,BATCH_23,ME,23ME064
Uday Pandey,2006-08-06,MALE,udaypandey944@gmail.com,9959792962,BATCH_24,CD,24CD058
Esha Reddy,2004-03-21,MALE,esha.reddy27@gmail.com,9951646933,BATCH_22,CC,22CC045
Kabir Kumar,2009-12-05,MALE,kabir_kumar@outlook.com,9134176228,BATCH_27,CM,27CM067
Priya Raju,2005-03-29,MALE,priyaraju@gmail.com,9252237281,BATCH_23,CD,23CD055
Rakesh Mishra,2005-11-08,MALE,rakeshmishra261@outlook.com,9705413453,BATCH_23,CI,23CI050
Riya Reddy,2008-01-28,MALE,riya_reddy@gmail.com,9245063270,BATCH_26,EC,26EC061
Aryan Verma,2008-02-21,MALE,aryanverma236@gmail.com,9334601842,BATCH_26,CC,26CC052
Jyoti Patel,2006-05-20,FEMALE,jyoti_patel@gmail.com,9063062447,BATCH_24,EE,24EE057
Vihaan Joshi,2009-10-21,MALE,vihaan.joshi60@gmail.com,9251733358,BATCH_27,CI,27CI062
Nikhil Krishnan,2006-10-27,MALE,nikhil_krishnan@gmail.com,9478745456,BATCH_24,CI,24CI062
Bhavya Goud,2004-09-22,MALE,bhavyagoud@gmail.com,9655205483,BATCH_22,CM,22CM048
Vivaan Singh,2009-04-10,MALE,vivaan_singh@gmail.com,9808823309,BATCH_27,CM,27CM068
Siddharth Desai,2009-11-24,OTHER,sdesai@outlook.com,9825417689,BATCH_27,CI,27CI063
Krishna Rao,2005-06-01,FEMALE,krishnarao@gmail.com,9520580286,BATCH_22,EC,22EC054
Nisha Kumar,2005-05-09,MALE,nisha.kumar@gmail.com,9695449569,BATCH_24,CI,24CI063
Nikhil Singh,2005-10-16,FEMALE,nsingh@gmail.com,9602667652,BATCH_23,EC,23EC049
Ira Pillai,2004-05-31,FEMALE,ira_pillai@gmail.com,9882691311,BATCH_23,CM,23CM046
Sanya Naidu,2006-06-29,MALE,sanyanaidu142@gmail.com,9934296711,BATCH_24,EE,24EE058
Meera Naidu,2005-03-12,FEMALE,meera_naidu@outlook.com,9210694379,BATCH_22,CM,22CM049
Nikhil Gupta,2007-01-01,FEMALE,nikhil.gupta45@gmail.com,9568258320,BATCH_25,ME,25ME064
Bhavya Menon,2008-10-26,OTHER,bmenon@outlook.com,9538088426,BATCH_25,CD,25CD057
Jyoti Patel,2007-06-06,FEMALE,jyotipatel@gmail.com,9353682223,BATCH_24,ME,24ME062
Divya Desai,2005-07-28,MALE,ddesai@outlook.com,9756765948,BATCH_24,CC,24CC050
Ira Menon,2008-01-22,FEMALE,iramenon240@yahoo.com,9890583668,BATCH_26,ME,26ME044
Pranav Singh,2008-03-27,FEMALE,pranav.singh71@gmail.com,9024469439,BATCH_27,CD,27CD061
Reyansh Singh,2008-03-11,MALE,reyansh.singh@yahoo.com,9787626023,BATCH_26,CS,26CS052
Vihaan Rani,2007-02-22,FEMALE,vihaan.rani25@gmail.com,9653777842,BATCH_25,EC,25EC072
Aryan Rao,2003-05-04,FEMALE,aryanrao874@gmail.com,9048678288,BATCH_22,CI,22CI054
Sanya Prasad,2005-05-01,MALE,sanyaprasad@gmail.com,9151767882,BATCH_22,CI,22CI055
Ananya Nair,2007-07-11,FEMALE,ananya.nair95@gmail.com,9777734265,BATCH_25,EC,25EC073
Sai Chowdary,2008-11-17,FEMALE,saichowdary@yahoo.com,9680304005,BATCH_25,ME,25ME065
Rakesh Kumar,2006-07-27,MALE,rakesh.kumar88@gmail.com,9154622885,BATCH_24,CM,24CM048
Sanya Kumar,2006-07-20,MALE,sanya_kumar@yahoo.com,9134192713,BATCH_23,CS,23CS048
Om Chowdary,2007-03-19,FEMALE,om.chowdary@gmail.com,9769704095,BATCH_26,ME,26ME045
Rahul Gupta,2010-07-06,FEMALE,rahul_gupta@outlook.com,9388893129,BATCH_27,EC,27EC059
Aarav Chandra,2009-02-21,FEMALE,aaravchandra936@gmail.com,9622879473,BATCH_27,CD,27CD062
Uday Reddy,2008-06-25,MALE,uday.reddy51@gmail.com,9319520585,BATCH_25,EE,25EE052
Sanjay Goud,2009-09-04,MALE,sanjay.goud50@gmail.com,9445632250,BATCH_27,ME,27ME045
Ananya Iyer,2007-10-23,FEMALE,ananya.iyer73@gmail.com,9530196549,BATCH_25,CM,25CM052
Esha Rani,2007-02-08,FEMALE,esharani@gmail.com,9625983913,BATCH_24,CM,24CM049
Priya Naidu,2009-08-27,FEMALE,priya.naidu@gmail.com,9068540544,BATCH_27,CS,27CS061
Krishna Chowdary,2008-02-19,MALE,krishna.chowdary@outlook.com,9393373617,BATCH_26,EE,26EE063
Arjun Yadav,2007-10-31,FEMALE,arjun.yadav9@gmail.com,9701268315,BATCH_25,CM,25CM053
Rahul Menon,2009-06-11,FEMALE,rahulmenon299@gmail.com,9074814443,BATCH_27,EC,27EC060
Kabir Yadav,2008-02-09,FEMALE,kabiryadav378@gmail.com,9372420465,BATCH_27,EC,27EC061
Aditi Kumar,2004-06-15,MALE,aditi.kumar42@gmail.com,9597879963,BATCH_22,CD,22CD057
Priya Chandra,2004-06-02,MALE,priyachandra133@gmail.com,9850072889,BATCH_22,CC,22CC046
Gauri Pandey,2008-03-20,FEMALE,gauri.pandey96@gmail.com,9512258467,BATCH_26,CM,26CM050
Abhinav Joshi,2005-02-09,FEMALE,abhinavjoshi@hotmail.com,9882991780,BATCH_23,EE,23EE057
Abhinav Desai,2010-05-21,FEMALE,abhinav.desai91@gmail.com,9538233213,BATCH_27,CD,27CD063
Vivaan Prasad,2005-03-11,FEMALE,vivaanprasad962@gmail.com,9517431603,BATCH_23,CC,23CC047
Aditya Rao,2007-12-14,MALE,aditya.rao92@gmail.com,9591024510,BATCH_25,CI,25CI058
Kavya Chandra,2007-03-18,FEMALE,kavya.chandra1@gmail.com,9304514246,BATCH_25,CC,25CC069
Yash Singh,2005-08-22,MALE,yashsingh@gmail.com,9782558825,BATCH_23,CM,23CM047
Jyoti Goud,2004-03-14,FEMALE,jyoti.goud73@gmail.com,9664322394,BATCH_22,CC,22CC047
Yash Malhotra,2007-12-24,MALE,ymalhotra@gmail.com,9977689799,BATCH_25,CC,25CC070
Jyoti Yadav,2006-07-17,MALE,jyoti.yadav83@gmail.com,9028700711,BATCH_24,CC,24CC051
Nikhil Menon,2010-12-19,MALE,nikhil_menon@gmail.com,9678047805,BATCH_27,ME,27ME046
Zoya Patel,2009-01-05,MALE,zoyapatel@gmail.com,9042709839,BATCH_27,ME,27ME047
Kabir Prasad,2004-08-16,FEMALE,kabir.prasad80@gmail.com,9857109338,BATCH_23,CC,23CC048
Uday Devi,2005-09-18,FEMALE,udevi@gmail.com,9503172351,BATCH_23,CM,23CM048
Krishna Reddy,2009-11-12,FEMALE,krishna.reddy@gmail.com,9889390316,BATCH_27,EC,27EC062
Zoya Singh,2005-09-24,FEMALE,zsingh@gmail.com,9993160875,BATCH_23,CD,23CD056
Bhavya Babu,2009-12-19,FEMALE,bhavya.babu@gmail.com,9921476228,BATCH_27,EE,27EE052
Reyansh Desai,2008-10-26,FEMALE,reyansh.desai93@gmail.com,9634406088,BATCH_27,EE,27EE053
Nikhil Naidu,2004-02-10,MALE,nikhil.naidu@gmail.com,9593734013,BATCH_23,ME,23ME065
Divya Naidu,2006-10-14,FEMALE,divya.naidu@hotmail.com,9673622660,BATCH_24,ME,24ME063
Dhruv Desai,2007-11-25,FEMALE,dhruv.desai42@gmail.com,9620534407,BATCH_25,CI,25CI059
Zoya Joshi,2010-11-15,OTHER,zoya.joshi@gmail.com,9407234615,BATCH_27,CI,27CI064
Uday Babu,2009-02-24,FEMALE,ubabu@gmail.com,9481297198,BATCH_26,CM,26CM051
Karthik Raju,2006-05-03,MALE,karthik_raju@gmail.com,9031584643,BATCH_24,CD,24CD059
Yash Nair,2007-04-09,MALE,yash.nair@yahoo.com,9459992746,BATCH_25,CC,25CC071
Nisha Reddy,2006-12-01,MALE,nishareddy@gmail.com,9161394498,BATCH_24,EE,24EE059
Diya Rao,2009-03-01,MALE,diya.rao96@gmail.com,9068466656,BATCH_27,EC,27EC063
Sai Yadav,2008-04-23,FEMALE,saiyadav@gmail.com,9391807576,BATCH_26,CI,26CI056
Gauri Kapoor,2007-03-10,FEMALE,gauri.kapoor57@yahoo.com,9771277156,BATCH_24,CD,24CD060
Ananya Joshi,2008-05-27,MALE,ananya.joshi@outlook.com,9283286785,BATCH_26,CM,26CM052
Zoya Singh,2005-12-31,MALE,zoya.singh@gmail.com,9661106273,BATCH_23,CD,23CD057
Uday Chandra,2007-01-30,MALE,uday.chandra@gmail.com,9097882081,BATCH_25,EE,25EE053
Rahul Menon,2007-06-02,FEMALE,rahul.menon2@gmail.com,9437575844,BATCH_25,EE,25EE054
Karthik Malhotra,2009-03-17,MALE,karthik.malhotra@gmail.com,9178219279,BATCH_27,EC,27EC064
Vihaan Verma,2005-09-27,FEMALE,vihaan.verma69@outlook.com,9811090904,BATCH_23,ME,23ME066
Rakesh Rani,2004-04-17,MALE,rakeshrani831@gmail.com,9964402825,BATCH_22,CC,22CC048
Abhinav Kumar,2004-03-04,FEMALE,abhinav.kumar@gmail.com,9071780655,BATCH_22,CS,22CS054
Yash Naidu,2004-09-19,FEMALE,yashnaidu455@gmail.com,9516357720,BATCH_22,EE,22EE065
Tarun Prasad,2007-10-10,OTHER,tarun_prasad@gmail.com,9930161279,BATCH_26,CI,26CI057
Manish Raju,2009-11-14,FEMALE,manish.raju@outlook.com,9728341906,BATCH_27,CM,27CM069
Yash Joshi,2006-11-12,MALE,yjoshi@gmail.com,9740151714,BATCH_24,CM,24CM050
Sanya Krishnan,2009-06-05,MALE,sanya.krishnan@gmail.com,9573485413,BATCH_27,CD,27CD064
Arjun Pandey,2007-03-04,FEMALE,apandey@yahoo.com,9699939344,BATCH_26,ME,26ME046
Divya Joshi,2006-06-21,FEMALE,divya.joshi@gmail.com,9296386396,BATCH_24,EE,24EE060
Rohan Kumar,2005-10-10,MALE,rkumar@yahoo.com,9405991470,BATCH_23,CS,23CS049
Sanjay Menon,2004-06-25,FEMALE,sanjaymenon957@gmail.com,9667394197,BATCH_22,ME,22ME043
Ira Devi,2008-01-26,FEMALE,iradevi@gmail.com,9298113008,BATCH_26,CS,26CS053
Karthik Raju,2005-03-19,FEMALE,karthikraju@gmail.com,9811018013,BATCH_22,CD,22CD058
Harini Gupta,2004-01-03,MALE,harini.gupta84@gmail.com,9683587766,BATCH_22,CI,22CI056
Diya Krishnan,2004-01-29,FEMALE,dkrishnan@gmail.com,9070553096,BATCH_23,EE,23EE058
Sai Devi,2005-03-08,MALE,sai_devi@yahoo.com,9543659751,BATCH_24,CM,24CM051
Nikhil Mishra,2009-09-08,MALE,nikhil_mishra@gmail.com,9041710389,BATCH_27,CC,27CC052
Krishna Kapoor,2008-07-12,FEMALE,kkapoor@yahoo.com,9886204378,BATCH_25,CC,25CC072
Kavya Desai,2008-07-11,MALE,kavya_desai@gmail.com,9390738756,BATCH_26,CI,26CI058
Om Chandra,2007-03-06,FEMALE,ochandra@hotmail.com,9290005905,BATCH_25,EC,25EC074
Varun Goud,2005-09-08,FEMALE,varungoud@gmail.com,9744496493,BATCH_23,CC,23CC049
Meera Singh,2007-05-11,MALE,msingh@gmail.com,9768098568,BATCH_24,CI,24CI064
Pranav Babu,2010-10-07,MALE,pranav.babu@gmail.com,9390215732,BATCH_27,CD,27CD065
Chitra Sharma,2008-01-04,MALE,chitrasharma934@gmail.com,9220619019,BATCH_26,CC,26CC053
Yash Chowdary,2007-03-01,FEMALE,ychowdary@gmail.com,9254573875,BATCH_24,ME,24ME064
Lakshmi Singh,2006-08-05,FEMALE,lakshmi.singh@gmail.com,9955912681,BATCH_24,CD,24CD061
Sanya Devi,2010-06-15,FEMALE,sanya.devi@gmail.com,9485120612,BATCH_27,EC,27EC065
Aarav Kapoor,2006-03-26,MALE,aaravkapoor@gmail.com,9708930071,BATCH_24,CM,24CM052
Esha Nair,2009-09-27,MALE,esha_nair@gmail.com,9261446455,BATCH_27,EC,27EC066
Arjun Mishra,2007-02-12,MALE,arjun.mishra26@gmail.com,9816793235,BATCH_25,CD,25CD058
Kabir Desai,2007-03-03,OTHER,kabirdesai244@gmail.com,9282193868,BATCH_25,CD,25CD059
Divya Menon,2009-01-10,FEMALE,divya_menon@hotmail.com,9865207748,BATCH_27,CD,27CD066
Aryan Kapoor,2007-04-10,FEMALE,aryan.kapoor@gmail.com,9010713966,BATCH_25,CS,25CS066
Krishna Patel,2005-10-04,FEMALE,krishna_patel@gmail.com,9888705276,BATCH_23,CS,23CS050
Sai Menon,2004-05-10,MALE,smenon@yahoo.com,9091858055,BATCH_22,CC,22CC049
Harini Mohan,2006-02-27,FEMALE,harinimohan211@gmail.com,9089857390,BATCH_23,EC,23EC050
Bhavya Goud,2005-06-26,MALE,bhavyagoud255@gmail.com,9687094124,BATCH_22,EC,22EC055
Krishna Reddy,2005-12-29,MALE,krishnareddy@outlook.com,9289207459,BATCH_23,CC,23CC050
Ananya Chowdary,2005-10-27,MALE,ananya.chowdary1@gmail.com,9587395923,BATCH_23,CM,23CM049
Sanya Prasad,2004-12-25,FEMALE,sprasad@gmail.com,9765973246,BATCH_23,EE,23EE059
Diya Malhotra,2008-04-30,MALE,diya.malhotra@hotmail.com,9416253164,BATCH_26,CI,26CI059
Priya Gupta,2005-11-17,FEMALE,priyagupta@gmail.com,9254587281,BATCH_23,CI,23CI051
Ananya Kapoor,2008-01-25,MALE,akapoor@gmail.com,9064454752,BATCH_26,ME,26ME047
Abhinav Rao,2005-09-12,MALE,abhinavrao@gmail.com,9013588121,BATCH_22,CS,22CS055
Aarav Krishnan,2006-08-06,MALE,aaravkrishnan@gmail.com,9853890972,BATCH_23,CD,23CD058
Uday Yadav,2009-06-18,FEMALE,uyadav@gmail.com,9066654079,BATCH_27,EE,27EE054
Ishaan Mohan,2004-09-03,MALE,ishaan_mohan@gmail.com,9146235118,BATCH_22,CI,22CI057
Vihaan Patel,2008-07-30,MALE,vihaan.patel22@gmail.com,9451159059,BATCH_27,CI,27CI065
Rohan Verma,2006-09-21,FEMALE,rohan.verma79@gmail.com,9731450331,BATCH_25,CC,25CC073
Arjun Krishnan,2008-06-21,MALE,arjun.krishnan62@yahoo.com,9977396103,BATCH_26,CM,26CM053
Aditi Iyer,2009-05-11,OTHER,aditiiyer778@gmail.com,9272943610,BATCH_27,CM,27CM070
Tarun Raju,2005-09-18,FEMALE,tarun_raju@gmail.com,9755676134,BATCH_23,EE,23EE060
Nisha Chandra,2006-12-09,MALE,nisha.chandra40@gmail.com,9903923555,BATCH_24,EE,24EE061
Aditya Kapoor,2006-08-21,FEMALE,adityakapoor@gmail.com,9418412640,BATCH_24,CC,24CC052
Aarav Naidu,2006-04-17,FEMALE,aaravnaidu@yahoo.com,9356416298,BATCH_24,CD,24CD062
Bhavya Prasad,2005-02-05,FEMALE,bhavya_prasad@gmail.com,9893016368,BATCH_24,CC,24CC053
Aditi Yadav,2008-08-05,FEMALE,aditi.yadav54@gmail.com,9867177318,BATCH_25,CS,25CS067
Priya Mishra,2009-03-24,FEMALE,priya.mishra48@hotmail.com,9667730142,BATCH_27,EC,27EC067
Abhinav Patel,2007-07-08,FEMALE,abhinav.patel76@gmail.com,9674068735,BATCH_26,CC,26CC054
Kabir Reddy,2007-04-20,MALE,kabirreddy395@outlook.com,9948232204,BATCH_26,ME,26ME048
Ishaan Naidu,2010-04-25,MALE,ishaan_naidu@gmail.com,9295010232,BATCH_27,ME,27ME048
Ananya Goud,2008-08-06,MALE,ananya_goud@yahoo.com,9938950200,BATCH_26,CD,26CD065
Bhavya Desai,2008-05-28,MALE,bhavya_desai@gmail.com,9645403002,BATCH_27,CI,27CI066
Arjun Pillai,2010-06-24,FEMALE,arjun.pillai84@gmail.com,9649717291,BATCH_27,ME,27ME049
Siddharth Goud,2005-08-05,OTHER,siddharth.goud@yahoo.com,9933284423,BATCH_22,CC,22CC050
Reyansh Pillai,2006-04-25,MALE,rpillai@outlook.com,9757454517,BATCH_24,CI,24CI065
Ishaan Yadav,2005-02-11,FEMALE,iyadav@gmail.com,9395414916,BATCH_23,EE,23EE061
Krishna Chandra,2004-03-06,MALE,krishnachandra@gmail.com,9631995695,BATCH_22,CC,22CC051
Priya Krishnan,2004-07-12,MALE,pkrishnan@gmail.com,9714983864,BATCH_22,CD,22CD059
Rakesh Chandra,2008-07-12,MALE,rakesh.chandra@outlook.com,9674000977,BATCH_26,EC,26EC062
Sai Iyer,2005-10-23,MALE,siyer@gmail.com,9483261676,BATCH_22,EE,22EE066
Diya Prasad,2005-08-10,FEMALE,diyaprasad@gmail.com,9408585883,BATCH_23,EC,23EC051
Meera Prasad,2007-05-27,FEMALE,meera.prasad22@outlook.com,9228392472,BATCH_25,CC,25CC074
Yash Chowdary,2006-12-04,FEMALE,yashchowdary513@gmail.com,9038467264,BATCH_24,CD,24CD063
Om Pandey,2004-12-01,MALE,om_pandey@gmail.com,9582143086,BATCH_23,ME,23ME067
Vikram Menon,2005-05-06,FEMALE,vikram.menon@yahoo.com,9695656566,BATCH_22,CI,22CI058
Kavya Joshi,2006-08-20,FEMALE,kavya_joshi@gmail.com,9662690911,BATCH_25,CC,25CC075
Aditi Joshi,2005-07-20,MALE,aditijoshi@yahoo.com,9266933513,BATCH_23,CM,23CM050
Kavya Devi,2003-01-25,FEMALE,kavya_devi@outlook.com,9776775831,BATCH_22,CD,22CD060
Jyoti Desai,2009-01-10,FEMALE,jyoti.desai22@gmail.com,9878847798,BATCH_27,CM,27CM071
Kabir Kumar,2005-07-20,FEMALE,kabir.kumar9@gmail.com,9212867163,BATCH_23,CD,23CD059
Nikhil Reddy,2006-02-18,FEMALE,nikhil.reddy84@gmail.com,9460737204,BATCH_24,EC,24EC047
Pranav Patel,2005-01-14,MALE,ppatel@gmail.com,9856902891,BATCH_24,CI,24CI066
Varun Prasad,2008-05-30,MALE,varunprasad187@gmail.com,9001288014,BATCH_26,CD,26CD066
Zoya Pillai,2005-08-14,MALE,zoyapillai@outlook.com,9084504373,BATCH_23,CI,23CI052
Sai Prasad,2005-12-26,OTHER,saiprasad@gmail.com,9959329544,BATCH_23,EE,23EE062
Divya Menon,2009-08-09,FEMALE,divya.menon25@yahoo.com,9375626121,BATCH_27,CS,27CS062
Esha Gupta,2007-07-25,MALE,egupta@gmail.com,9075789849,BATCH_26,CC,26CC055
Varun Desai,2008-01-27,MALE,varun.desai38@gmail.com,9608307736,BATCH_25,CM,25CM054
Pranav Kumar,2007-04-19,FEMALE,pranav.kumar@gmail.com,9411292881,BATCH_24,EC,24EC048
Isha Rani,2008-03-11,FEMALE,isha.rani@gmail.com,9518407033,BATCH_26,CC,26CC056
Zoya Devi,2007-07-24,MALE,zoya.devi@gmail.com,9189465854,BATCH_26,CI,26CI060
Aditi Reddy,2007-08-07,FEMALE,aditireddy@gmail.com,9049769799,BATCH_25,ME,25ME066
Esha Iyer,2008-05-28,OTHER,eshaiyer385@gmail.com,9017919445,BATCH_26,EC,26EC063
Diya Raju,2004-02-18,MALE,diya.raju98@gmail.com,9559304186,BATCH_22,CM,22CM050
Varun Nair,2004-12-06,FEMALE,varun.nair44@gmail.com,9428239639,BATCH_23,CS,23CS051
Rakesh Desai,2008-02-13,MALE,rakesh_desai@gmail.com,9087717566,BATCH_27,EC,27EC068
Sai Chowdary,2005-09-20,MALE,sai_chowdary@hotmail.com,9898743157,BATCH_22,CM,22CM051
Pranav Desai,2005-06-24,MALE,pranav.desai@gmail.com,9265628408,BATCH_23,ME,23ME068
Vikram Nair,2006-05-20,MALE,vikram.nair@hotmail.com,9972755567,BATCH_24,CM,24CM053
Diya Malhotra,2004-12-23,FEMALE,diya.malhotra@gmail.com,9595781273,BATCH_23,CC,23CC051
Vihaan Joshi,2008-12-11,FEMALE,vihaanjoshi@gmail.com,9324243009,BATCH_27,CI,27CI067
Siddharth Rani,2006-08-02,FEMALE,srani@gmail.com,9039810795,BATCH_23,CC,23CC052
Naveen Yadav,2007-10-23,MALE,nyadav@outlook.com,9195401774,BATCH_26,EE,26EE064
Riya Reddy,2009-10-03,FEMALE,riya.reddy@gmail.com,9943327639,BATCH_27,CC,27CC053
Rohan Gupta,2010-06-03,MALE,rgupta@gmail.com,9996117785,BATCH_27,CI,27CI068
Nikhil Mohan,2006-01-08,MALE,nikhilmohan240@gmail.com,9601461205,BATCH_24,CI,24CI067
Aditya Iyer,2008-02-25,FEMALE,aditya.iyer@gmail.com,9173417414,BATCH_26,EC,26EC064
Rohan Verma,2005-09-30,FEMALE,rohan.verma@gmail.com,9474400054,BATCH_22,CS,22CS056
Sanjay Patel,2009-08-07,MALE,sanjaypatel@yahoo.com,9968740330,BATCH_27,CC,27CC054
Om Rao,2008-08-30,FEMALE,omrao898@yahoo.com,9827710501,BATCH_25,CC,25CC076
Bhavya Menon,2010-01-24,MALE,bhavya.menon@yahoo.com,9431891200,BATCH_27,CS,27CS063
Pranav Devi,2007-11-04,FEMALE,pranavdevi309@gmail.com,9627838777,BATCH_25,ME,25ME067
Om Kapoor,2007-07-22,FEMALE,om.kapoor60@hotmail.com,9436110371,BATCH_24,ME,24ME065
Aditi Nair,2004-05-27,MALE,aditinair679@hotmail.com,9266225492,BATCH_22,EC,22EC056
Abhinav Sharma,2006-02-03,MALE,abhinav.sharma@gmail.com,9747117064,BATCH_23,CC,23CC053
Isha Pandey,2007-09-16,MALE,ishapandey@gmail.com,9468536649,BATCH_25,CS,25CS068
Nikhil Rao,2006-05-08,MALE,nikhil.rao42@outlook.com,9543374536,BATCH_24,CS,24CS040
Riya Devi,2006-05-09,FEMALE,riya_devi@yahoo.com,9234619942,BATCH_24,EE,24EE062
Naveen Patel,2007-03-03,MALE,npatel@gmail.com,9431374001,BATCH_26,EC,26EC065
Aditya Rao,2007-09-23,FEMALE,aditya.rao69@gmail.com,9729825952,BATCH_25,EE,25EE055
Siddharth Reddy,2007-12-20,FEMALE,siddharthreddy@gmail.com,9140501813,BATCH_25,ME,25ME068
Nisha Gupta,2006-06-02,MALE,nishagupta947@outlook.com,9961806862,BATCH_23,CC,23CC054
Aditi Mohan,2004-05-23,OTHER,aditi.mohan44@gmail.com,9174226548,BATCH_22,CD,22CD061
Bhavya Menon,2006-05-23,MALE,bhavya.menon72@gmail.com,9151315285,BATCH_24,EE,24EE063
Kabir Chowdary,2004-01-06,FEMALE,kabir.chowdary@yahoo.com,9666179962,BATCH_22,CC,22CC052
Meera Kapoor,2004-08-26,FEMALE,meera_kapoor@gmail.com,9995688085,BATCH_22,CS,22CS057
Aarav Gupta,2006-07-13,MALE,aarav.gupta@yahoo.com,9993005476,BATCH_24,CS,24CS041
Vikram Babu,2009-11-23,MALE,vikram_babu@gmail.com,9636038917,BATCH_26,CC,26CC057
Zoya Raju,2005-09-11,MALE,zoya.raju@hotmail.com,9264883958,BATCH_23,EC,23EC052
Priya Malhotra,2009-03-22,MALE,priyamalhotra@gmail.com,9868159156,BATCH_27,EC,27EC069
Nisha Patel,2005-04-29,OTHER,nisha_patel@outlook.com,9918900918,BATCH_23,EE,23EE063
Sanya Sharma,2010-01-27,MALE,ssharma@yahoo.com,9955753882,BATCH_27,ME,27ME050
Kavya Pillai,2004-04-16,FEMALE,kavya.pillai29@gmail.com,9900208914,BATCH_22,EE,22EE067
Aditi Desai,2005-02-12,FEMALE,aditidesai@gmail.com,9366220633,BATCH_22,CI,22CI059
Nisha Babu,2004-09-27,MALE,nishababu@yahoo.com,9464844273,BATCH_23,CC,23CC055
Ira Naidu,2008-05-05,MALE,iranaidu151@gmail.com,9482024633,BATCH_25,CC,25CC077
Sai Joshi,2008-03-08,MALE,sjoshi@gmail.com,9504616171,BATCH_27,EE,27EE055
Meera Pandey,2006-10-06,FEMALE,meerapandey317@gmail.com,9759856420,BATCH_24,ME,24ME066
Rohan Rao,2007-02-17,FEMALE,rrao@hotmail.com,9964630040,BATCH_25,CI,25CI060
Ira Chowdary,2007-02-16,FEMALE,irachowdary@gmail.com,9756551256,BATCH_25,EE,25EE056
Kabir Kumar,2009-03-11,MALE,kabir.kumar91@gmail.com,9926625478,BATCH_26,CM,26CM054
Pranav Patel,2009-11-29,MALE,pranavpatel@gmail.com,9289795737,BATCH_27,ME,27ME051
Dhruv Pandey,2006-02-03,FEMALE,dpandey@outlook.com,9500776312,BATCH_24,CM,24CM054
Gauri Malhotra,2010-07-21,MALE,gauri.malhotra23@gmail.com,9025334411,BATCH_27,CD,27CD067
Karthik Chandra,2008-09-17,FEMALE,kchandra@yahoo.com,9892409111,BATCH_27,CS,27CS064
Naveen Rani,2006-01-20,FEMALE,naveenrani23@outlook.com,9246299606,BATCH_24,ME,24ME067
Aryan Verma,2006-03-07,FEMALE,aryan.verma55@gmail.com,9493843089,BATCH_23,CD,23CD060
Kavya Chandra,2009-04-05,MALE,kavya.chandra97@hotmail.com,9910374973,BATCH_27,EC,27EC070
Esha Mishra,2005-05-29,MALE,emishra@gmail.com,9284022462,BATCH_23,CC,23CC056
Naveen Pillai,2004-02-06,FEMALE,naveenpillai877@outlook.com,9991739316,BATCH_22,ME,22ME044
Rohan Kumar,2009-09-04,FEMALE,rohankumar332@gmail.com,9817946329,BATCH_27,EE,27EE056
Aditi Rani,2009-03-03,MALE,aditi_rani@outlook.com,9842527863,BATCH_26,CC,26CC058
Uday Yadav,2007-04-22,MALE,udayyadav@gmail.com,9212347649,BATCH_25,CS,25CS069
Ira Kapoor,2009-04-16,FEMALE,irakapoor@gmail.com,9491315653,BATCH_26,CS,26CS054
Harini Rani,2005-11-28,FEMALE,hrani@gmail.com,9404226931,BATCH_23,CD,23CD061
Rakesh Raju,2004-09-06,MALE,rakeshraju744@gmail.com,9461082808,BATCH_22,ME,22ME045
Manish Babu,2009-05-09,FEMALE,manish.babu19@gmail.com,9529258249,BATCH_27,ME,27ME052
Vihaan Chowdary,2007-04-09,MALE,vihaan_chowdary@gmail.com,9845269694,BATCH_25,CI,25CI061
Jyoti Reddy,2009-09-21,MALE,jyoti.reddy@hotmail.com,9467332291,BATCH_27,CC,27CC055
Ishaan Singh,2005-11-29,MALE,ishaansingh666@gmail.com,9650643305,BATCH_22,CS,22CS058
Abhinav Malhotra,2007-03-02,MALE,abhinav.malhotra20@gmail.com,9739363854,BATCH_25,EE,25EE057
Sanjay Desai,2008-09-10,FEMALE,sanjay.desai16@gmail.com,9000485412,BATCH_25,ME,25ME069
Ira Patel,2008-03-29,FEMALE,irapatel@gmail.com,9069925583,BATCH_26,EC,26EC066
Gauri Desai,2004-10-25,FEMALE,gdesai@gmail.com,9015440140,BATCH_22,CI,22CI060
Esha Gupta,2007-09-29,FEMALE,esha.gupta@hotmail.com,9010886797,BATCH_25,EC,25EC075
Aryan Malhotra,2006-08-28,MALE,aryan_malhotra@yahoo.com,9820797996,BATCH_24,EE,24EE064
Nikhil Yadav,2009-11-11,MALE,nikhil.yadav57@gmail.com,9793442129,BATCH_26,CC,26CC059
Harini Mohan,2009-09-28,FEMALE,harini.mohan@gmail.com,9434565123,BATCH_27,CM,27CM072
Om Desai,2006-10-27,FEMALE,om_desai@gmail.com,9953596071,BATCH_24,CC,24CC054
Vikram Pillai,2006-08-13,MALE,vikrampillai814@gmail.com,9505036093,BATCH_24,CM,24CM055
Diya Goud,2006-05-18,MALE,dgoud@gmail.com,9505444713,BATCH_24,ME,24ME068
Sanya Pillai,2003-10-07,FEMALE,sanya.pillai@gmail.com,9887105484,BATCH_22,CS,22CS059
Manish Sharma,2004-02-17,MALE,manishsharma931@gmail.com,9477447353,BATCH_23,EC,23EC053
Vivaan Yadav,2004-01-29,FEMALE,vivaan.yadav90@gmail.com,9266079029,BATCH_22,CI,22CI061
Isha Malhotra,2008-12-07,FEMALE,ishamalhotra803@gmail.com,9483483586,BATCH_26,CC,26CC060
Rakesh Krishnan,2003-12-29,FEMALE,rakeshkrishnan858@gmail.com,9741148626,BATCH_22,EC,22EC057
Bhavya Malhotra,2008-03-19,FEMALE,bhavyamalhotra@gmail.com,9385547684,BATCH_26,CD,26CD067
Manish Mohan,2006-04-07,MALE,manishmohan186@hotmail.com,9682963533,BATCH_24,EE,24EE065
Varun Krishnan,2004-12-28,OTHER,varun.krishnan1@gmail.com,9443761092,BATCH_23,CS,23CS052
Yash Reddy,2006-10-16,MALE,yashreddy@yahoo.com,9544294774,BATCH_24,EE,24EE066
Varun Mishra,2007-03-14,FEMALE,varunmishra166@gmail.com,9813309438,BATCH_24,CS,24CS042
Nikhil Nair,2005-03-30,MALE,nikhil.nair@gmail.com,9341034699,BATCH_23,CM,23CM051
Kabir Kumar,2008-08-06,MALE,kabir_kumar@hotmail.com,9470485502,BATCH_27,EC,27EC071
Rakesh Desai,2005-02-09,MALE,rdesai@hotmail.com,9523578148,BATCH_22,CI,22CI062
Pranav Sharma,2009-03-31,FEMALE,pranavsharma48@gmail.com,9230253007,BATCH_26,CI,26CI061
Ira Yadav,2004-07-02,FEMALE,irayadav675@outlook.com,9448808736,BATCH_22,ME,22ME046
Divya Devi,2007-04-08,OTHER,ddevi@gmail.com,9519609586,BATCH_25,CC,25CC078
Aarav Babu,2006-06-14,MALE,aaravbabu621@gmail.com,9450857034,BATCH_25,EC,25EC076
Isha Chandra,2006-11-17,MALE,isha.chandra@gmail.com,9882414136,BATCH_23,CI,23CI053
Kabir Reddy,2008-05-15,MALE,kabir_reddy@gmail.com,9984277885,BATCH_26,CD,26CD068
Sanya Prasad,2005-05-24,MALE,sanyaprasad@outlook.com,9100794193,BATCH_23,EC,23EC054
Abhinav Reddy,2007-05-20,MALE,abhinav_reddy@gmail.com,9208664786,BATCH_24,CS,24CS043
Rohan Joshi,2008-09-01,FEMALE,rohan.joshi94@gmail.com,9528787473,BATCH_27,CS,27CS065
Reyansh Rao,2009-11-10,MALE,reyansh.rao33@gmail.com,9902736767,BATCH_27,CS,27CS066
Kavya Patel,2007-08-31,MALE,kavya.patel21@gmail.com,9367898801,BATCH_26,EE,26EE065
Zoya Mishra,2010-09-05,FEMALE,zoya.mishra33@gmail.com,9835636405,BATCH_27,EC,27EC072
Vihaan Raju,2007-12-03,MALE,vihaanraju@outlook.com,9544444523,BATCH_24,CM,24CM056
Sanya Malhotra,2003-01-05,MALE,sanyamalhotra@gmail.com,9691221898,BATCH_22,EE,22EE068
Tanvi Yadav,2004-03-10,FEMALE,tyadav@yahoo.com,9832642692,BATCH_22,CM,22CM052
Kabir Gupta,2005-04-27,FEMALE,kabir.gupta78@outlook.com,9308003700,BATCH_23,CM,23CM052
Vihaan Menon,2006-11-05,MALE,vihaan.menon41@outlook.com,9013983735,BATCH_25,EE,25EE058
Ananya Goud,2005-05-01,MALE,ananya_goud@gmail.com,9616248607,BATCH_22,CC,22CC053
Abhinav Kumar,2005-08-19,FEMALE,abhinavkumar701@gmail.com,9469660606,BATCH_23,CM,23CM053
Sanjay Kumar,2007-05-02,FEMALE,sanjay_kumar@gmail.com,9815182723,BATCH_25,CD,25CD060
Siddharth Raju,2008-02-27,FEMALE,siddharthraju@outlook.com,9427425891,BATCH_27,CD,27CD068
Gauri Rani,2003-08-15,FEMALE,gaurirani@gmail.com,9656993136,BATCH_22,EC,22EC058
Yash Chandra,2009-04-27,OTHER,yash.chandra@gmail.com,9998756819,BATCH_27,EC,27EC073
Sanjay Yadav,2009-08-13,FEMALE,sanjay_yadav@gmail.com,9635064272,BATCH_26,CM,26CM055
Ishaan Nair,2004-07-25,MALE,ishaannair98@gmail.com,9799864912,BATCH_22,CC,22CC054
Nisha Mishra,2003-11-05,FEMALE,nishamishra887@gmail.com,9490133344,BATCH_22,CC,22CC055
Tarun Babu,2007-06-10,MALE,tarun.babu@gmail.com,9313685931,BATCH_25,CD,25CD061
Yash Pandey,2005-03-05,FEMALE,yashpandey@gmail.com,9212833109,BATCH_23,CS,23CS053
Bhavya Raju,2005-09-05,FEMALE,bhavyaraju695@gmail.com,9227701559,BATCH_23,CI,23CI054
Esha Malhotra,2008-01-04,FEMALE,eshamalhotra489@gmail.com,9710580119,BATCH_26,ME,26ME049
Abhinav Naidu,2004-06-23,FEMALE,abhinavnaidu704@gmail.com,9678718882,BATCH_22,CC,22CC056
Varun Kapoor,2006-11-13,FEMALE,varunkapoor@yahoo.com,9442828183,BATCH_24,CS,24CS044
Karthik Kapoor,2004-08-31,FEMALE,karthik.kapoor@gmail.com,9906048869,BATCH_23,EC,23EC055
Pranav Menon,2008-05-23,FEMALE,pranav_menon@outlook.com,9746042937,BATCH_27,CC,27CC056
Siddharth Rao,2004-01-11,MALE,siddharthrao695@yahoo.com,9019684687,BATCH_22,CM,22CM053
Riya Mishra,2004-07-30,MALE,riya.mishra59@gmail.com,9795615109,BATCH_23,ME,23ME069
Diya Mishra,2005-10-07,MALE,diya_mishra@hotmail.com,9086628137,BATCH_23,CM,23CM054
Lakshmi Rao,2005-12-09,OTHER,lrao@gmail.com,9452524161,BATCH_23,CI,23CI055
Kabir Raju,2003-10-19,FEMALE,kraju@outlook.com,9620834791,BATCH_22,EC,22EC059
Karthik Devi,2009-02-28,FEMALE,karthik_devi@outlook.com,9728360696,BATCH_27,CD,27CD069
Vikram Gupta,2006-06-29,FEMALE,vikram.gupta@outlook.com,9652341389,BATCH_24,ME,24ME069
Manish Goud,2004-12-08,MALE,manishgoud170@yahoo.com,9973418559,BATCH_22,EC,22EC060
Aarav Pillai,2006-10-24,FEMALE,aaravpillai293@gmail.com,9727875588,BATCH_25,EE,25EE059
Uday Yadav,2007-12-02,MALE,uday.yadav2@outlook.com,9179640537,BATCH_25,EE,25EE060
Lakshmi Reddy,2007-05-31,MALE,lakshmi.reddy94@gmail.com,9423701415,BATCH_25,CC,25CC079
Ira Pandey,2005-08-25,FEMALE,irapandey694@gmail.com,9515366377,BATCH_23,CD,23CD062
Chitra Rani,2008-02-18,MALE,chitrarani15@gmail.com,9203829983,BATCH_25,ME,25ME070
Esha Mishra,2007-02-14,FEMALE,esha.mishra96@gmail.com,9199065632,BATCH_25,ME,25ME071
Vihaan Yadav,2009-07-04,MALE,vihaanyadav@yahoo.com,9195933725,BATCH_26,CD,26CD069
Tarun Pillai,2005-05-13,FEMALE,tarunpillai974@hotmail.com,9358617682,BATCH_23,EC,23EC056
Rohan Iyer,2005-10-21,FEMALE,rohan.iyer6@gmail.com,9082112729,BATCH_23,ME,23ME070
Nikhil Sharma,2009-10-10,MALE,nikhilsharma953@hotmail.com,9673040009,BATCH_27,EE,27EE057
Vikram Verma,2007-08-08,FEMALE,vikram_verma@outlook.com,9379800472,BATCH_24,CI,24CI068
Naveen Pillai,2004-05-07,MALE,naveen.pillai@outlook.com,9548847127,BATCH_23,CM,23CM055
Isha Rani,2007-02-22,MALE,isha_rani@gmail.com,9115495992,BATCH_25,ME,25ME072
Ira Babu,2009-05-24,FEMALE,ibabu@hotmail.com,9451227607,BATCH_27,CD,27CD070
Om Mishra,2008-10-20,MALE,om.mishra@gmail.com,9608895869,BATCH_26,CS,26CS055
Rohan Chandra,2005-07-14,FEMALE,rohan_chandra@gmail.com,9747468971,BATCH_23,CD,23CD063
Om Menon,2006-06-16,MALE,ommenon647@gmail.com,9264071491,BATCH_24,CS,24CS045
Priya Devi,2008-05-31,FEMALE,priyadevi952@gmail.com,9583140917,BATCH_26,CD,26CD070
Yash Pandey,2006-07-23,MALE,yash.pandey5@outlook.com,9141784376,BATCH_24,CC,24CC055
Rakesh Goud,2010-02-23,MALE,rakesh_goud@outlook.com,9232900112,BATCH_27,CD,27CD071
Rohan Chandra,2006-03-11,FEMALE,rohan.chandra@gmail.com,9324407931,BATCH_24,EE,24EE067
Uday Pandey,2005-10-23,OTHER,uday.pandey93@gmail.com,9655987694,BATCH_23,EE,23EE064
Yash Babu,2005-09-10,FEMALE,yash.babu13@gmail.com,9681511856,BATCH_23,CD,23CD064
Varun Verma,2007-09-19,MALE,varunverma@gmail.com,9135763119,BATCH_25,CC,25CC080
Pranav Rani,2009-06-10,FEMALE,prani@gmail.com,9718697250,BATCH_27,EC,27EC074
Harini Naidu,2006-11-04,MALE,harini.naidu61@gmail.com,9562525715,BATCH_23,CD,23CD065
Chitra Desai,2007-03-09,MALE,chitra_desai@outlook.com,9372873576,BATCH_24,CS,24CS046
Vihaan Pillai,2004-05-30,FEMALE,vihaan.pillai57@gmail.com,9462741397,BATCH_22,EE,22EE069
Gauri Menon,2007-12-15,FEMALE,gauri.menon46@gmail.com,9143999257,BATCH_24,CD,24CD064
Naveen Prasad,2006-09-27,FEMALE,naveen.prasad@gmail.com,9155903081,BATCH_25,CD,25CD062
Pranav Rao,2004-06-01,MALE,pranav.rao6@gmail.com,9416220346,BATCH_22,CM,22CM054
Abhinav Devi,2008-09-17,FEMALE,abhinavdevi@gmail.com,9995047020,BATCH_26,ME,26ME050
Priya Krishnan,2007-09-02,FEMALE,priya_krishnan@gmail.com,9555045838,BATCH_25,EC,25EC077
Ishaan Desai,2008-12-02,MALE,ishaan.desai63@gmail.com,9055261143,BATCH_27,CS,27CS067
Nisha Pillai,2006-12-29,MALE,nisha_pillai@yahoo.com,9333963790,BATCH_25,CD,25CD063
Zoya Kapoor,2005-09-16,MALE,zkapoor@yahoo.com,9270808697,BATCH_24,ME,24ME070
Vikram Rao,2007-10-25,FEMALE,vikram.rao@outlook.com,9525292420,BATCH_25,CC,25CC081
Rahul Mohan,2008-04-16,MALE,rahulmohan@hotmail.com,9039519468,BATCH_26,EE,26EE066
Gauri Pandey,2009-01-04,FEMALE,gpandey@gmail.com,9857646036,BATCH_27,ME,27ME053
Riya Devi,2007-07-07,FEMALE,riya_devi@gmail.com,9935861341,BATCH_25,CD,25CD064
Rahul Singh,2005-03-12,MALE,rahul.singh@gmail.com,9564060564,BATCH_23,EE,23EE065
Zoya Singh,2007-08-19,FEMALE,zoya.singh38@gmail.com,9729622923,BATCH_24,CC,24CC056
Sanjay Menon,2005-08-15,FEMALE,sanjaymenon254@gmail.com,9201082402,BATCH_23,EC,23EC057
Dhruv Mohan,2006-12-06,FEMALE,dhruvmohan@gmail.com,9501425762,BATCH_24,EE,24EE068
Uday Rani,2006-01-14,FEMALE,uday_rani@gmail.com,9880683112,BATCH_25,EC,25EC078
Rahul Goud,2007-08-02,OTHER,rahul.goud32@hotmail.com,9108492970,BATCH_26,CS,26CS056
Manish Devi,2009-05-13,FEMALE,manish.devi@gmail.com,9791452520,BATCH_27,CS,27CS068
Vihaan Malhotra,2008-08-24,FEMALE,vihaanmalhotra@yahoo.com,9528799722,BATCH_25,CM,25CM055
Yash Joshi,2005-10-02,FEMALE,yash.joshi@gmail.com,9160353417,BATCH_24,CD,24CD065
Karthik Mishra,2006-01-11,MALE,karthikmishra@gmail.com,9088634673,BATCH_23,EC,23EC058
Nisha Pillai,2005-11-22,FEMALE,nishapillai19@outlook.com,9494974692,BATCH_22,CI,22CI063
Ira Iyer,2007-06-18,FEMALE,ira.iyer7@gmail.com,9290422842,BATCH_25,EE,25EE061
Rahul Yadav,2009-02-16,FEMALE,rahulyadav@gmail.com,9628335689,BATCH_27,CC,27CC057
Sai Iyer,2004-04-06,MALE,sai.iyer@gmail.com,9805203881,BATCH_22,EC,22EC061
Vihaan Devi,2006-12-11,FEMALE,vihaan_devi@gmail.com,9992051034,BATCH_24,CC,24CC057
Sanjay Verma,2005-05-23,FEMALE,sanjay_verma@gmail.com,9881909607,BATCH_23,CI,23CI056
Manish Mohan,2005-06-13,FEMALE,manish.mohan@yahoo.com,9489445381,BATCH_22,CC,22CC057
Siddharth Patel,2005-11-08,FEMALE,siddharthpatel@gmail.com,9161905587,BATCH_24,CD,24CD066
Vikram Reddy,2007-06-26,MALE,vikramreddy931@gmail.com,9222336931,BATCH_26,CC,26CC061
Naveen Chowdary,2005-01-21,FEMALE,naveen.chowdary24@gmail.com,9423573189,BATCH_23,CC,23CC057
Sanjay Patel,2004-01-15,MALE,sanjay.patel@gmail.com,9903552970,BATCH_22,EE,22EE070
Aryan Devi,2007-02-06,FEMALE,aryandevi@gmail.com,9520895217,BATCH_26,CM,26CM056
Sanya Pillai,2009-11-06,MALE,sanya_pillai@gmail.com,9325164998,BATCH_27,EE,27EE058
Diya Pandey,2004-03-16,MALE,diyapandey542@yahoo.com,9145100973,BATCH_22,ME,22ME047
Kabir Pillai,2009-09-14,FEMALE,kabirpillai@gmail.com,9713899279,BATCH_27,ME,27ME054
Karthik Reddy,2004-02-16,FEMALE,karthik.reddy@gmail.com,9880411212,BATCH_22,CS,22CS060
Dhruv Raju,2007-11-06,FEMALE,dhruv.raju@gmail.com,9070464450,BATCH_26,CS,26CS057
Meera Joshi,2008-07-14,FEMALE,meerajoshi@gmail.com,9673158417,BATCH_26,EE,26EE067
Divya Babu,2009-01-29,FEMALE,divyababu948@gmail.com,9051253806,BATCH_27,CM,27CM073
Karthik Patel,2009-06-17,FEMALE,karthik.patel39@gmail.com,9684978507,BATCH_27,CI,27CI069
Om Kapoor,2007-09-30,MALE,okapoor@hotmail.com,9265652936,BATCH_25,ME,25ME073
Aarav Babu,2007-07-31,FEMALE,aarav.babu17@gmail.com,9038597703,BATCH_25,EE,25EE062
Reyansh Chowdary,2008-06-29,FEMALE,reyanshchowdary913@gmail.com,9710425990,BATCH_27,CI,27CI070
Harini Prasad,2008-11-13,MALE,hprasad@hotmail.com,9583960483,BATCH_27,EE,27EE059
Jyoti Devi,2008-03-11,MALE,jyoti.devi56@yahoo.com,9965328315,BATCH_25,ME,25ME074
Vikram Gupta,2008-10-25,MALE,vikram.gupta@gmail.com,9514631879,BATCH_27,CM,27CM074
Manish Kapoor,2007-09-21,MALE,manishkapoor@gmail.com,9516122753,BATCH_25,EE,25EE063
Isha Iyer,2008-10-02,FEMALE,ishaiyer@gmail.com,9755987592,BATCH_27,CM,27CM075
Harini Naidu,2004-03-02,FEMALE,hnaidu@yahoo.com,9881355810,BATCH_22,CM,22CM055
Rohan Patel,2006-12-10,FEMALE,rohan.patel@gmail.com,9972360244,BATCH_23,EC,23EC059
Dhruv Verma,2005-07-30,FEMALE,dhruv.verma97@gmail.com,9170243765,BATCH_23,CD,23CD066
Lakshmi Mohan,2005-04-26,OTHER,lakshmimohan411@gmail.com,9703824073,BATCH_23,CM,23CM056
Aarav Nair,2007-01-01,FEMALE,aaravnair4@gmail.com,9588287035,BATCH_24,CI,24CI069
Riya Iyer,2006-05-13,MALE,riyaiyer10@gmail.com,9201173899,BATCH_24,CM,24CM057
Jyoti Verma,2006-01-07,MALE,jyotiverma738@gmail.com,9755978621,BATCH_24,EC,24EC049
Abhinav Raju,2006-12-18,MALE,abhinavraju304@gmail.com,9028601183,BATCH_24,CI,24CI070
Lakshmi Iyer,2007-04-28,FEMALE,lakshmiiyer47@gmail.com,9477051047,BATCH_26,CS,26CS058
Aarav Rao,2004-05-04,FEMALE,aaravrao@gmail.com,9652405536,BATCH_22,CC,22CC058
Vivaan Pandey,2009-09-06,FEMALE,vivaanpandey@outlook.com,9553241369,BATCH_27,ME,27ME055
Ananya Nair,2006-10-30,FEMALE,ananyanair@gmail.com,9823207248,BATCH_24,CD,24CD067
Tarun Krishnan,2004-05-20,MALE,tarun.krishnan@hotmail.com,9172191587,BATCH_22,CM,22CM056
Nikhil Prasad,2004-07-09,MALE,nikhilprasad648@gmail.com,9763953211,BATCH_22,CM,22CM057
Diya Krishnan,2007-07-13,MALE,dkrishnan@hotmail.com,9883011606,BATCH_25,CC,25CC082
Vikram Naidu,2007-04-18,FEMALE,vikramnaidu@outlook.com,9684995154,BATCH_24,EE,24EE069
Karthik Sharma,2004-01-31,FEMALE,karthik_sharma@gmail.com,9015944633,BATCH_23,CM,23CM057
Sanya Menon,2007-11-16,MALE,sanya.menon@hotmail.com,9230360677,BATCH_26,CM,26CM057
Ananya Desai,2009-09-20,FEMALE,ananya_desai@outlook.com,9483997413,BATCH_27,EE,27EE060
Naveen Devi,2006-11-05,OTHER,naveendevi551@gmail.com,9091744794,BATCH_24,CD,24CD068
Riya Verma,2004-03-19,MALE,riya.verma96@gmail.com,9059868569,BATCH_22,EC,22EC062
Rohan Nair,2008-03-08,FEMALE,rnair@outlook.com,9508340017,BATCH_27,EE,27EE061
Dhruv Sharma,2004-08-26,MALE,dhruv.sharma71@gmail.com,9940905969,BATCH_22,ME,22ME048
Vikram Gupta,2006-11-07,FEMALE,vikramgupta209@gmail.com,9080512080,BATCH_23,CM,23CM058
Sanjay Reddy,2009-03-24,MALE,sanjayreddy@gmail.com,9823616010,BATCH_27,EC,27EC075
Divya Sharma,2008-09-23,FEMALE,divya.sharma94@gmail.com,9816848272,BATCH_26,CS,26CS059
Bhavya Pillai,2006-01-25,MALE,bhavya.pillai62@gmail.com,9054522801,BATCH_25,CS,25CS070
Ananya Kapoor,2006-09-16,MALE,ananyakapoor@gmail.com,9800496054,BATCH_24,EC,24EC050
Arjun Naidu,2007-04-05,MALE,arjunnaidu@gmail.com,9924567089,BATCH_25,ME,25ME075
Yash Pandey,2008-03-28,MALE,yash.pandey3@gmail.com,9001376835,BATCH_27,EC,27EC076
Siddharth Mishra,2006-09-08,FEMALE,siddharthmishra@gmail.com,9493882796,BATCH_24,CM,24CM058
Priya Sharma,2005-05-26,FEMALE,priya.sharma32@gmail.com,9327018510,BATCH_23,CD,23CD067
Priya Rani,2009-12-20,MALE,priya.rani@gmail.com,9895405847,BATCH_27,CI,27CI071
Aryan Malhotra,2005-08-03,MALE,aryanmalhotra@gmail.com,9145094138,BATCH_24,CS,24CS047
Kabir Nair,2004-08-15,MALE,kabirnair@gmail.com,9040714697,BATCH_22,EC,22EC063
Ishaan Rani,2008-08-14,MALE,ishaan.rani@outlook.com,9672991154,BATCH_26,CC,26CC062
Ananya Patel,2005-02-11,MALE,apatel@hotmail.com,9656950226,BATCH_22,CM,22CM058
Ishaan Joshi,2005-09-11,MALE,ishaanjoshi@yahoo.com,9599729846,BATCH_23,EE,23EE066
Sanya Naidu,2006-01-31,MALE,sanya.naidu98@gmail.com,9249685498,BATCH_23,CD,23CD068
Varun Iyer,2008-12-14,MALE,varun.iyer40@yahoo.com,9125588983,BATCH_26,EC,26EC067
Nisha Malhotra,2007-02-03,FEMALE,nisha_malhotra@gmail.com,9124507783,BATCH_26,EC,26EC068
Isha Babu,2005-05-15,FEMALE,isha.babu@gmail.com,9394356840,BATCH_23,CS,23CS054
Rohan Desai,2008-06-21,OTHER,rohandesai106@gmail.com,9741251218,BATCH_26,EC,26EC069
Esha Malhotra,2006-07-21,FEMALE,esha.malhotra@outlook.com,9648110512,BATCH_25,ME,25ME076
Karthik Malhotra,2007-01-29,MALE,karthik.malhotra4@outlook.com,9819339227,BATCH_25,CM,25CM056
Sanya Menon,2009-12-23,FEMALE,sanya_menon@gmail.com,9300971547,BATCH_27,CM,27CM076
Sanjay Singh,2009-09-11,FEMALE,sanjay.singh88@gmail.com,9287684181,BATCH_27,CD,27CD072
Lakshmi Devi,2005-10-20,OTHER,lakshmi.devi@gmail.com,9605932971,BATCH_24,EE,24EE070
Varun Chowdary,2007-09-11,FEMALE,varun.chowdary@hotmail.com,9305886810,BATCH_26,CM,26CM058
Kabir Verma,2008-02-29,FEMALE,kabir.verma@gmail.com,9203626533,BATCH_26,CD,26CD071
Chitra Kapoor,2008-06-25,MALE,chitrakapoor@outlook.com,9244454460,BATCH_26,ME,26ME051
Vihaan Prasad,2006-07-16,FEMALE,vihaanprasad@gmail.com,9443992061,BATCH_24,CM,24CM059
Meera Babu,2007-11-11,FEMALE,meera_babu@gmail.com,9667605642,BATCH_26,ME,26ME052
Sanjay Prasad,2004-09-21,FEMALE,sanjay.prasad@gmail.com,9942565290,BATCH_23,CM,23CM059
Meera Nair,2009-08-30,MALE,meera_nair@gmail.com,9272292649,BATCH_27,CS,27CS069
Isha Pandey,2006-08-10,FEMALE,isha.pandey@outlook.com,9804050922,BATCH_23,CS,23CS055
Tarun Goud,2004-07-17,MALE,tgoud@yahoo.com,9091731080,BATCH_22,ME,22ME049
Sanjay Sharma,2007-10-23,FEMALE,sanjay.sharma19@gmail.com,9581467179,BATCH_25,CS,25CS071
Nisha Naidu,2006-10-06,MALE,nisha.naidu@yahoo.com,9861732776,BATCH_24,CD,24CD069
Bhavya Rani,2006-07-01,MALE,brani@gmail.com,9652642437,BATCH_25,ME,25ME077
Vikram Rani,2003-07-25,FEMALE,vikramrani@gmail.com,9977288736,BATCH_22,CD,22CD062
Arjun Goud,2006-03-31,MALE,arjun_goud@gmail.com,9296069138,BATCH_24,CC,24CC058
Vihaan Naidu,2008-12-09,MALE,vihaan.naidu62@gmail.com,9135482363,BATCH_27,CS,27CS070
Vihaan Babu,2008-07-24,MALE,vihaanbabu@gmail.com,9425983942,BATCH_27,CS,27CS071
Pranav Chandra,2008-06-02,MALE,pranavchandra@yahoo.com,9318100982,BATCH_26,EE,26EE068
Vivaan Babu,2008-09-13,FEMALE,vivaanbabu510@gmail.com,9435110992,BATCH_27,CS,27CS072
Arjun Pandey,2008-07-27,FEMALE,arjunpandey@gmail.com,9206661020,BATCH_26,EE,26EE069
Ananya Prasad,2009-08-08,MALE,ananya.prasad75@gmail.com,9544821873,BATCH_27,CI,27CI072
Nisha Gupta,2009-12-19,FEMALE,ngupta@gmail.com,9583934083,BATCH_26,CM,26CM059
Vivaan Goud,2006-01-26,MALE,vivaan.goud@gmail.com,9193353892,BATCH_23,EC,23EC060
Harini Pillai,2004-06-11,FEMALE,harinipillai372@gmail.com,9454879253,BATCH_23,ME,23ME071
Chitra Malhotra,2008-04-25,FEMALE,chitra.malhotra@gmail.com,9471062833,BATCH_27,CC,27CC058
Ira Chowdary,2006-05-12,MALE,ira_chowdary@gmail.com,9847167569,BATCH_25,CC,25CC083
Manish Chowdary,2006-10-29,FEMALE,manish.chowdary71@gmail.com,9899126382,BATCH_24,CI,24CI071
Ira Mohan,2009-03-04,FEMALE,ira.mohan@gmail.com,9380718606,BATCH_27,CM,27CM077
Harini Rani,2005-07-09,MALE,harini.rani91@hotmail.com,9633535748,BATCH_23,CM,23CM060
Ira Raju,2007-02-10,MALE,ira.raju90@yahoo.com,9553474502,BATCH_25,CD,25CD065
Karthik Reddy,2004-10-09,MALE,karthikreddy109@gmail.com,9876461132,BATCH_22,ME,22ME050
Sanjay Gupta,2009-11-09,FEMALE,sanjaygupta@gmail.com,9602769347,BATCH_27,CM,27CM078
Dhruv Mishra,2007-07-24,MALE,dhruvmishra@gmail.com,9707628099,BATCH_25,CC,25CC084
Riya Reddy,2004-12-21,MALE,riya.reddy73@gmail.com,9962489754,BATCH_22,CI,22CI064
Sanjay Kumar,2005-01-21,MALE,sanjaykumar482@gmail.com,9926712584,BATCH_24,CS,24CS048
Tarun Nair,2009-10-15,FEMALE,tarun.nair39@gmail.com,9834039060,BATCH_27,CD,27CD073
Om Babu,2007-07-29,MALE,obabu@yahoo.com,9513358508,BATCH_25,CD,25CD066
Rahul Sharma,2008-07-26,MALE,rahulsharma@gmail.com,9045236923,BATCH_26,EE,26EE070
Reyansh Babu,2003-02-17,MALE,reyanshbabu33@gmail.com,9940936851,BATCH_22,ME,22ME051
Ira Gupta,2007-10-18,MALE,ira.gupta@yahoo.com,9277086657,BATCH_26,EC,26EC070
Arjun Raju,2004-09-12,FEMALE,arjun.raju55@gmail.com,9163103010,BATCH_22,CM,22CM059
Kabir Krishnan,2006-02-12,MALE,kabirkrishnan942@gmail.com,9286866775,BATCH_24,EC,24EC051
Lakshmi Iyer,2005-08-03,FEMALE,lakshmi.iyer91@gmail.com,9512054152,BATCH_24,EC,24EC052
Riya Pandey,2006-10-21,FEMALE,riya.pandey@outlook.com,9399874080,BATCH_24,CM,24CM060
Nisha Chandra,2004-09-07,FEMALE,nisha.chandra17@gmail.com,9189813129,BATCH_23,CD,23CD069
Jyoti Mishra,2005-02-18,FEMALE,jyotimishra402@gmail.com,9652773087,BATCH_24,CS,24CS049
Aditi Goud,2008-07-04,OTHER,aditi.goud10@gmail.com,9732283613,BATCH_26,EE,26EE071
Om Prasad,2005-07-25,FEMALE,om.prasad84@gmail.com,9813143420,BATCH_23,CS,23CS056
Bhavya Kapoor,2007-05-17,MALE,bhavya_kapoor@outlook.com,9904394616,BATCH_25,ME,25ME078
Gauri Krishnan,2003-02-09,FEMALE,gauri_krishnan@gmail.com,9928108717,BATCH_22,CD,22CD063
Om Reddy,2009-07-09,FEMALE,omreddy@gmail.com,9559502635,BATCH_27,CC,27CC059
Vivaan Chandra,2006-09-12,MALE,vivaan.chandra@gmail.com,9584827759,BATCH_24,CC,24CC059
Dhruv Krishnan,2005-11-08,MALE,dhruv_krishnan@gmail.com,9332766163,BATCH_24,CS,24CS050
Tarun Singh,2006-01-17,FEMALE,tarun.singh@gmail.com,9933719865,BATCH_24,CC,24CC060
Naveen Verma,2008-11-28,FEMALE,naveenverma584@gmail.com,9015919770,BATCH_25,CC,25CC085
Harini Rani,2008-11-23,MALE,harini_rani@gmail.com,9378581442,BATCH_25,CM,25CM057
Kavya Pillai,2009-02-24,FEMALE,kavya_pillai@gmail.com,9453651338,BATCH_27,CI,27CI073
Arjun Devi,2006-05-15,MALE,arjundevi@yahoo.com,9857086209,BATCH_24,ME,24ME071
Divya Babu,2008-12-26,MALE,divya_babu@gmail.com,9694703180,BATCH_26,ME,26ME053
Sanya Verma,2006-08-24,FEMALE,sanya.verma@hotmail.com,9781976731,BATCH_25,CC,25CC086
Lakshmi Babu,2005-12-15,MALE,lakshmi.babu@gmail.com,9943460666,BATCH_23,CM,23CM061
Siddharth Gupta,2009-09-11,FEMALE,siddharthgupta25@gmail.com,9230896126,BATCH_27,EE,27EE062
Jyoti Chowdary,2008-08-18,FEMALE,jyoti.chowdary@yahoo.com,9335201889,BATCH_27,CD,27CD074
Sanjay Gupta,2005-02-16,FEMALE,sanjay.gupta20@gmail.com,9502615542,BATCH_22,CS,22CS061
Lakshmi Naidu,2008-02-10,OTHER,lnaidu@gmail.com,9195296353,BATCH_26,ME,26ME054
Diya Patel,2009-03-18,MALE,dpatel@gmail.com,9470321337,BATCH_27,ME,27ME056
Aarav Goud,2009-09-19,FEMALE,aaravgoud736@gmail.com,9422417018,BATCH_27,CI,27CI074
Aditi Babu,2004-12-13,FEMALE,aditibabu624@gmail.com,9030438177,BATCH_23,CC,23CC058
Om Mishra,2005-01-24,MALE,om_mishra@outlook.com,9341413181,BATCH_22,EC,22EC064
Yash Raju,2004-10-31,MALE,yash.raju80@gmail.com,9248591061,BATCH_23,CI,23CI057
Zoya Singh,2007-05-01,MALE,zoya.singh92@gmail.com,9124329212,BATCH_25,EE,25EE064
Arjun Yadav,2006-07-29,FEMALE,arjunyadav@gmail.com,9764722981,BATCH_24,EE,24EE071
Lakshmi Iyer,2006-12-10,FEMALE,lakshmi.iyer@gmail.com,9646906109,BATCH_24,CC,24CC061
Nisha Rani,2006-08-19,FEMALE,nisha.rani40@gmail.com,9226408572,BATCH_24,EE,24EE072
Diya Krishnan,2009-06-26,FEMALE,diya_krishnan@gmail.com,9498391032,BATCH_27,CI,27CI075
Gauri Mishra,2010-09-27,OTHER,gauri_mishra@gmail.com,9747291311,BATCH_27,CM,27CM079
Zoya Verma,2005-06-13,MALE,zverma@gmail.com,9737442751,BATCH_23,ME,23ME072
Naveen Naidu,2004-02-23,FEMALE,naveen_naidu@yahoo.com,9202802132,BATCH_23,CS,23CS057
Siddharth Mishra,2007-06-05,FEMALE,siddharthmishra@yahoo.com,9162742212,BATCH_24,EC,24EC053
Sanya Gupta,2007-12-18,FEMALE,sanya.gupta@outlook.com,9176968064,BATCH_25,CD,25CD067
Lakshmi Desai,2004-09-16,FEMALE,lakshmi.desai37@gmail.com,9636934115,BATCH_22,CS,22CS062
Aditi Kumar,2006-07-27,FEMALE,aditi.kumar88@outlook.com,9776106592,BATCH_23,EC,23EC061
Tanvi Devi,2005-10-01,MALE,tanvi_devi@gmail.com,9595978214,BATCH_22,ME,22ME052
Rakesh Desai,2007-03-12,MALE,rakeshdesai424@gmail.com,9674121638,BATCH_24,CS,24CS051
Pranav Goud,2006-08-07,MALE,pranavgoud44@gmail.com,9766708061,BATCH_24,EE,24EE073
Nikhil Reddy,2007-01-16,OTHER,nikhilreddy@hotmail.com,9282131148,BATCH_26,CS,26CS060
Rohan Rani,2005-06-23,FEMALE,rohanrani@gmail.com,9386762592,BATCH_23,EC,23EC062
Aditi Babu,2007-04-07,FEMALE,aditibabu@outlook.com,9600843800,BATCH_24,CC,24CC062
Isha Babu,2004-11-24,MALE,isha.babu10@gmail.com,9121072642,BATCH_22,EE,22EE071
Aditya Yadav,2004-11-17,FEMALE,aditya_yadav@outlook.com,9364588569,BATCH_23,CI,23CI058
Siddharth Joshi,2004-04-30,FEMALE,siddharth.joshi83@gmail.com,9680524579,BATCH_22,EE,22EE072
Yash Kapoor,2005-04-11,FEMALE,yash.kapoor@gmail.com,9150337774,BATCH_23,CS,23CS058
Rakesh Joshi,2007-06-27,FEMALE,rakesh.joshi51@outlook.com,9169918724,BATCH_24,EE,24EE074
Arjun Rani,2005-03-17,FEMALE,arjun_rani@gmail.com,9217894260,BATCH_23,EE,23EE067
Rakesh Yadav,2006-04-02,MALE,rakeshyadav@gmail.com,9879573637,BATCH_23,CS,23CS059
Aarav Yadav,2005-04-22,FEMALE,aarav_yadav@yahoo.com,9480797050,BATCH_23,CD,23CD070
Aarav Krishnan,2005-01-08,FEMALE,aarav.krishnan70@gmail.com,9265018099,BATCH_22,CM,22CM060
Pranav Chowdary,2008-07-13,MALE,pranavchowdary328@gmail.com,9763485285,BATCH_26,CI,26CI062
Lakshmi Yadav,2009-05-24,MALE,lakshmi.yadav77@gmail.com,9611399799,BATCH_27,CC,27CC060
Tanvi Singh,2007-12-21,MALE,tanvi.singh47@gmail.com,9507129725,BATCH_25,CC,25CC087
Manish Pillai,2004-03-16,MALE,manishpillai@hotmail.com,9203404011,BATCH_22,ME,22ME053
Meera Nair,2009-12-29,MALE,meera.nair98@outlook.com,9418028825,BATCH_27,CC,27CC061
Sanya Sharma,2007-12-14,FEMALE,sanya.sharma@gmail.com,9367250280,BATCH_26,CM,26CM060
Reyansh Kapoor,2005-09-04,MALE,reyansh.kapoor@gmail.com,9345330236,BATCH_22,EC,22EC065
Nikhil Kapoor,2008-03-08,MALE,nikhil.kapoor92@gmail.com,9966563370,BATCH_26,ME,26ME055
Varun Chandra,2005-06-15,FEMALE,varun_chandra@gmail.com,9476206934,BATCH_24,CS,24CS052
Chitra Sharma,2004-04-17,FEMALE,chitra.sharma7@gmail.com,9920025856,BATCH_22,EC,22EC066
Yash Verma,2007-06-12,FEMALE,yashverma@gmail.com,9920594836,BATCH_25,ME,25ME079
Meera Goud,2009-08-03,MALE,meera.goud54@gmail.com,9657329774,BATCH_27,CM,27CM080
Divya Mohan,2010-02-25,MALE,dmohan@gmail.com,9522133689,BATCH_27,CC,27CC062
Vivaan Singh,2006-06-28,FEMALE,vivaan.singh89@gmail.com,9021192505,BATCH_23,EE,23EE068
Harini Raju,2007-03-17,FEMALE,hariniraju802@outlook.com,9430677798,BATCH_25,ME,25ME080
Tarun Rao,2007-06-17,MALE,tarunrao684@gmail.com,9623285884,BATCH_25,EE,25EE065
Tarun Devi,2009-01-24,FEMALE,tdevi@gmail.com,9306665575,BATCH_27,EE,27EE063
Vihaan Mishra,2006-11-19,FEMALE,vihaan_mishra@yahoo.com,9388597871,BATCH_23,EE,23EE069
Rohan Babu,2006-01-03,FEMALE,rohanbabu@gmail.com,9725178637,BATCH_24,EE,24EE075
Arjun Iyer,2005-02-25,MALE,arjun.iyer41@gmail.com,9212775618,BATCH_24,ME,24ME072
Aditi Sharma,2008-10-18,MALE,aditi.sharma93@gmail.com,9995515403,BATCH_26,CI,26CI063
Sanjay Mishra,2005-04-06,MALE,sanjay.mishra17@outlook.com,9714310082,BATCH_22,ME,22ME054
Ananya Krishnan,2003-04-17,FEMALE,ananya.krishnan75@gmail.com,9183997984,BATCH_22,CC,22CC059
Siddharth Pandey,2008-06-02,MALE,siddharth.pandey22@gmail.com,9249415613,BATCH_26,CI,26CI064
Lakshmi Yadav,2008-12-07,MALE,lakshmiyadav@gmail.com,9570908599,BATCH_25,CI,25CI062
Aditi Prasad,2006-05-07,MALE,aditi.prasad@hotmail.com,9666097978,BATCH_25,EC,25EC079
Kavya Gupta,2007-04-22,MALE,kavya_gupta@gmail.com,9809158849,BATCH_25,CC,25CC088
Priya Chowdary,2003-02-14,FEMALE,priya.chowdary@outlook.com,9672243976,BATCH_22,CM,22CM061
Diya Chowdary,2007-04-30,MALE,diya.chowdary84@gmail.com,9099986891,BATCH_26,CS,26CS061
Nisha Joshi,2006-08-30,FEMALE,nishajoshi849@gmail.com,9826333738,BATCH_23,CD,23CD071
Om Sharma,2006-06-14,MALE,om.sharma@gmail.com,9141343076,BATCH_24,CD,24CD070
Priya Sharma,2005-10-24,MALE,priya_sharma@outlook.com,9129363228,BATCH_24,CC,24CC063
Siddharth Naidu,2004-04-25,FEMALE,siddharthnaidu167@gmail.com,9976848490,BATCH_23,CS,23CS060
Vihaan Menon,2009-09-29,MALE,vihaan.menon37@gmail.com,9597302732,BATCH_27,CC,27CC063
Esha Kapoor,2010-07-18,FEMALE,eshakapoor636@gmail.com,9840964293,BATCH_27,ME,27ME057
Uday Mishra,2007-07-14,FEMALE,umishra@outlook.com,9674286047,BATCH_25,CS,25CS072
Dhruv Nair,2003-06-02,FEMALE,dhruv.nair70@yahoo.com,9454023723,BATCH_22,ME,22ME055
Ishaan Raju,2006-02-17,MALE,ishaan_raju@gmail.com,9829922995,BATCH_25,EE,25EE066
Aryan Yadav,2006-06-04,FEMALE,aryan.yadav28@outlook.com,9877067693,BATCH_23,EC,23EC063
Diya Chandra,2008-04-15,MALE,diya.chandra15@gmail.com,9669096705,BATCH_25,EE,25EE067
Riya Chandra,2007-12-07,MALE,riya.chandra45@hotmail.com,9463632015,BATCH_24,CC,24CC064
Chitra Malhotra,2006-05-30,MALE,cmalhotra@gmail.com,9960225092,BATCH_23,EE,23EE070
Nisha Kumar,2010-05-26,FEMALE,nishakumar801@gmail.com,9445032312,BATCH_27,CD,27CD075
Chitra Kumar,2008-04-01,MALE,chitra_kumar@gmail.com,9766983451,BATCH_26,CC,26CC063
Ishaan Singh,2007-02-15,MALE,ishaansingh@outlook.com,9658878711,BATCH_26,CI,26CI065
Krishna Devi,2008-01-06,MALE,krishna.devi@gmail.com,9956611828,BATCH_26,EC,26EC071
Sai Devi,2006-01-10,FEMALE,saidevi861@gmail.com,9582405546,BATCH_24,CD,24CD071
Rakesh Menon,2006-08-26,MALE,rakesh_menon@outlook.com,9621874309,BATCH_24,CD,24CD072
Lakshmi Babu,2008-04-05,FEMALE,lakshmibabu@gmail.com,9428031084,BATCH_27,EE,27EE064
Sanya Kapoor,2005-07-31,MALE,sanyakapoor198@gmail.com,9463511401,BATCH_22,CI,22CI065
Vihaan Rani,2005-02-03,MALE,vihaanrani821@gmail.com,9256966146,BATCH_23,CS,23CS061
Rohan Chowdary,2004-12-16,MALE,rohanchowdary@gmail.com,9198626405,BATCH_23,ME,23ME073
Divya Rani,2005-12-23,MALE,divyarani@gmail.com,9452961514,BATCH_23,CC,23CC059
Krishna Pillai,2007-02-28,MALE,krishnapillai@gmail.com,9724560518,BATCH_24,EC,24EC054
Sai Chandra,2005-12-16,FEMALE,sai.chandra81@gmail.com,9757906032,BATCH_23,ME,23ME074
Reyansh Kapoor,2009-06-28,FEMALE,reyansh_kapoor@outlook.com,9080542335,BATCH_27,CD,27CD076
Krishna Mohan,2008-11-19,MALE,krishna_mohan@outlook.com,9271918993,BATCH_27,CI,27CI076
Rahul Yadav,2006-03-09,MALE,rahul.yadav12@gmail.com,9820055778,BATCH_24,ME,24ME073
Rahul Gupta,2006-06-09,MALE,rahulgupta@gmail.com,9439015339,BATCH_24,CC,24CC065
Sanya Iyer,2007-01-09,MALE,sanya.iyer@gmail.com,9556057121,BATCH_25,CI,25CI063
Reyansh Mishra,2007-09-15,FEMALE,reyansh.mishra4@gmail.com,9637085536,BATCH_26,CM,26CM061
Nikhil Reddy,2004-07-04,FEMALE,nikhilreddy@gmail.com,9079337731,BATCH_23,CC,23CC060
Rahul Verma,2007-02-28,FEMALE,rahulverma305@gmail.com,9048028354,BATCH_26,CC,26CC064
Pranav Babu,2003-01-29,FEMALE,pranav.babu93@outlook.com,9988032542,BATCH_22,CM,22CM062
Aarav Kapoor,2004-08-27,FEMALE,aarav_kapoor@yahoo.com,9376989560,BATCH_22,ME,22ME056
Karthik Naidu,2008-08-21,FEMALE,karthik.naidu@gmail.com,9267934681,BATCH_27,CS,27CS073
Sanjay Pillai,2006-07-15,MALE,sanjay.pillai@gmail.com,9607299895,BATCH_23,CS,23CS062
Arjun Rani,2007-10-28,FEMALE,arjunrani@gmail.com,9257140250,BATCH_26,CC,26CC065
Yash Yadav,2007-10-22,FEMALE,yash.yadav@gmail.com,9356465193,BATCH_25,EE,25EE068
Uday Singh,2006-08-27,FEMALE,udaysingh@gmail.com,9658575790,BATCH_24,CD,24CD073
Esha Prasad,2007-12-05,MALE,esha.prasad63@gmail.com,9717080492,BATCH_25,CD,25CD068
Rohan Malhotra,2009-12-02,OTHER,rohanmalhotra@gmail.com,9056446853,BATCH_27,CC,27CC064
Abhinav Krishnan,2004-08-13,MALE,abhinav_krishnan@gmail.com,9699157480,BATCH_23,EE,23EE071
Tanvi Mohan,2010-07-25,MALE,tanvimohan@gmail.com,9250553267,BATCH_27,CM,27CM081
Naveen Raju,2005-02-05,FEMALE,naveenraju@gmail.com,9625626657,BATCH_23,CS,23CS063
Nikhil Sharma,2006-08-19,FEMALE,nikhil.sharma@gmail.com,9318359412,BATCH_24,CD,24CD074
Chitra Sharma,2008-06-19,FEMALE,chitra.sharma44@gmail.com,9519241528,BATCH_26,CS,26CS062
Pranav Joshi,2007-05-31,MALE,pranav.joshi@hotmail.com,9944153614,BATCH_24,CC,24CC066
Riya Kumar,2009-02-18,MALE,riyakumar261@gmail.com,9814442484,BATCH_26,CC,26CC066
Sanya Nair,2010-10-05,OTHER,sanyanair531@gmail.com,9169035034,BATCH_27,ME,27ME058
Riya Chowdary,2005-05-13,FEMALE,riya_chowdary@yahoo.com,9753255738,BATCH_23,CI,23CI059
Vivaan Chowdary,2008-12-23,MALE,vivaan.chowdary@gmail.com,9373096496,BATCH_26,ME,26ME056
Rakesh Naidu,2005-06-10,MALE,rakesh_naidu@yahoo.com,9102932184,BATCH_23,CD,23CD072
Isha Devi,2005-07-01,MALE,idevi@gmail.com,9317470590,BATCH_22,ME,22ME057
Nikhil Naidu,2006-06-15,MALE,nnaidu@gmail.com,9732790707,BATCH_24,CM,24CM061
Yash Rani,2009-08-22,MALE,yash.rani56@yahoo.com,9207419753,BATCH_27,CI,27CI077
Siddharth Chandra,2008-04-10,FEMALE,siddharthchandra@outlook.com,9174848741,BATCH_26,CI,26CI066
Naveen Pillai,2008-04-22,MALE,naveen.pillai92@gmail.com,9451466886,BATCH_26,CC,26CC067
Esha Chowdary,2009-12-24,MALE,eshachowdary@gmail.com,9644207077,BATCH_27,CD,27CD077
Ira Pandey,2007-08-07,MALE,ira.pandey93@yahoo.com,9086236504,BATCH_25,EC,25EC080
Krishna Desai,2005-08-22,MALE,kdesai@outlook.com,9165081703,BATCH_24,CC,24CC067
Divya Verma,2009-07-30,OTHER,divya.verma@gmail.com,9446684713,BATCH_26,CS,26CS063
Zoya Kumar,2005-09-04,FEMALE,zoyakumar205@gmail.com,9055494343,BATCH_22,EC,22EC067
Aditi Chowdary,2005-09-07,MALE,aditi.chowdary@gmail.com,9137779386,BATCH_24,CS,24CS053
Karthik Reddy,2007-04-13,MALE,karthikreddy982@gmail.com,9621051640,BATCH_25,EC,25EC081
Rahul Chowdary,2009-11-30,MALE,rahulchowdary301@gmail.com,9263345708,BATCH_27,ME,27ME059
Arjun Menon,2004-08-16,FEMALE,arjunmenon974@outlook.com,9940498611,BATCH_22,EE,22EE073
Vihaan Pandey,2009-05-27,MALE,vihaanpandey@gmail.com,9090508345,BATCH_27,CD,27CD078
Rakesh Goud,2008-05-20,FEMALE,rakeshgoud@yahoo.com,9169456468,BATCH_26,EC,26EC072
Vihaan Rani,2004-06-01,MALE,vihaan_rani@gmail.com,9153597710,BATCH_22,EC,22EC068
Ira Naidu,2007-01-12,FEMALE,ira.naidu@gmail.com,9193252674,BATCH_25,CM,25CM058
Manish Desai,2009-11-14,FEMALE,manish_desai@gmail.com,9780399346,BATCH_26,EC,26EC073
Zoya Mishra,2004-01-27,MALE,zoya_mishra@gmail.com,9464878278,BATCH_22,CM,22CM063
Varun Kumar,2008-09-28,FEMALE,varun.kumar72@outlook.com,9517446004,BATCH_25,CI,25CI064
Aditya Babu,2008-05-02,MALE,adityababu@gmail.com,9300325696,BATCH_26,CS,26CS064
Aditi Sharma,2005-05-26,MALE,aditisharma734@gmail.com,9185623338,BATCH_22,CS,22CS063
Rakesh Krishnan,2007-06-05,MALE,rakeshkrishnan77@outlook.com,9778146902,BATCH_24,CM,24CM062
Ira Goud,2009-10-01,FEMALE,ira.goud54@outlook.com,9334941552,BATCH_27,EC,27EC077
Siddharth Chowdary,2004-10-08,FEMALE,siddharthchowdary@gmail.com,9075420142,BATCH_22,CM,22CM064
Lakshmi Singh,2008-04-30,FEMALE,lakshmi_singh@gmail.com,9896416450,BATCH_26,CM,26CM062
Kavya Rao,2008-03-02,MALE,kavyarao@gmail.com,9070557052,BATCH_26,CM,26CM063
Vihaan Pandey,2005-04-06,MALE,vihaanpandey393@gmail.com,9205384528,BATCH_24,CS,24CS054
Aditi Reddy,2005-08-18,MALE,aditireddy660@gmail.com,9202009536,BATCH_23,EC,23EC064
Dhruv Kapoor,2010-04-22,FEMALE,dhruvkapoor@hotmail.com,9992858142,BATCH_27,ME,27ME060
Divya Mohan,2010-07-18,FEMALE,divyamohan38@outlook.com,9067087624,BATCH_27,CD,27CD079
Uday Rao,2006-12-06,MALE,urao@outlook.com,9833509025,BATCH_23,CM,23CM062
Varun Yadav,2005-01-14,FEMALE,varun.yadav61@gmail.com,9209016744,BATCH_22,CD,22CD064
Karthik Gupta,2006-02-18,FEMALE,karthik_gupta@yahoo.com,9010071631,BATCH_23,ME,23ME075
Aditi Kumar,2010-05-20,MALE,aditi_kumar@gmail.com,9891255291,BATCH_27,EC,27EC078
Varun Krishnan,2010-11-19,MALE,varun_krishnan@gmail.com,9582212151,BATCH_27,CD,27CD080
Ishaan Devi,2006-10-15,MALE,ishaan.devi@gmail.com,9839934472,BATCH_23,ME,23ME076
Om Sharma,2006-05-16,FEMALE,om.sharma@outlook.com,9903791894,BATCH_24,CM,24CM063
Rakesh Krishnan,2007-08-23,FEMALE,rakesh.krishnan@gmail.com,9525637448,BATCH_25,EC,25EC082
Nikhil Gupta,2007-02-16,MALE,nikhil.gupta89@hotmail.com,9726808081,BATCH_25,CI,25CI065
Kabir Goud,2006-11-20,FEMALE,kgoud@gmail.com,9072276835,BATCH_23,CC,23CC061
Dhruv Malhotra,2008-12-25,MALE,dhruvmalhotra836@outlook.com,9302418657,BATCH_26,CD,26CD072
Sai Devi,2005-04-27,MALE,sai.devi@hotmail.com,9791858467,BATCH_23,ME,23ME077
Siddharth Desai,2005-02-20,FEMALE,siddharth.desai@gmail.com,9102125434,BATCH_23,EC,23EC065
Om Mishra,2009-03-12,FEMALE,omishra@outlook.com,9254686296,BATCH_27,CM,27CM082
Lakshmi Verma,2007-11-23,FEMALE,lakshmiverma@gmail.com,9661898311,BATCH_24,CM,24CM064
Riya Kumar,2005-04-20,MALE,riya.kumar@outlook.com,9381272490,BATCH_24,CI,24CI072
Uday Desai,2007-05-07,MALE,udaydesai772@gmail.com,9487347143,BATCH_25,EE,25EE069
Rakesh Pandey,2007-03-27,MALE,rakesh.pandey53@outlook.com,9927565711,BATCH_24,CM,24CM065
Nisha Verma,2009-01-24,MALE,nishaverma@gmail.com,9546498590,BATCH_27,EC,27EC079
Pranav Chowdary,2003-09-12,FEMALE,pchowdary@gmail.com,9791099220,BATCH_22,CD,22CD065
Lakshmi Chandra,2006-07-15,FEMALE,lchandra@gmail.com,9520375830,BATCH_24,EE,24EE076
Lakshmi Mishra,2005-08-07,MALE,lakshmimishra@gmail.com,9855084410,BATCH_23,ME,23ME078
Divya Raju,2004-10-16,FEMALE,divyaraju@gmail.com,9712840555,BATCH_22,CM,22CM065
Sai Malhotra,2004-02-19,MALE,sai.malhotra10@gmail.com,9039278888,BATCH_22,EC,22EC069
Arjun Babu,2004-07-07,FEMALE,arjunbabu@gmail.com,9013649718,BATCH_23,CD,23CD073
Ira Patel,2007-09-23,FEMALE,ira.patel50@gmail.com,9786391418,BATCH_24,CD,24CD075
Sanjay Prasad,2005-01-04,FEMALE,sanjayprasad834@gmail.com,9707750884,BATCH_23,CC,23CC062
Vihaan Chowdary,2009-06-24,FEMALE,vihaan_chowdary@yahoo.com,9763381235,BATCH_27,EC,27EC080
Nisha Devi,2005-08-01,MALE,nisha.devi40@yahoo.com,9661889241,BATCH_24,ME,24ME074
Harini Singh,2006-09-09,MALE,harini.singh65@gmail.com,9676164534,BATCH_23,CM,23CM063
Riya Naidu,2004-11-03,MALE,riyanaidu@hotmail.com,9382314104,BATCH_22,CI,22CI066
Ananya Rao,2004-02-25,MALE,ananya_rao@yahoo.com,9377534245,BATCH_22,CD,22CD066
Yash Rani,2006-05-10,MALE,yashrani315@gmail.com,9168674489,BATCH_24,CS,24CS055
Vikram Malhotra,2008-02-14,MALE,vmalhotra@gmail.com,9693624088,BATCH_26,CS,26CS065
Sai Kumar,2005-01-24,MALE,sai.kumar3@gmail.com,9074166430,BATCH_24,CD,24CD076
Kavya Menon,2005-11-29,MALE,kavyamenon488@gmail.com,9548954787,BATCH_23,CM,23CM064
Vivaan Kumar,2008-05-17,MALE,vivaankumar122@gmail.com,9091917066,BATCH_26,CI,26CI067
Sanya Joshi,2005-11-25,FEMALE,sanya.joshi56@gmail.com,9487314601,BATCH_22,CI,22CI067
Uday Rao,2004-11-20,MALE,uday.rao@gmail.com,9446416166,BATCH_22,CD,22CD067
Nikhil Pandey,2009-04-04,MALE,nikhil.pandey@gmail.com,9264725439,BATCH_26,CS,26CS066
Ira Naidu,2005-04-25,MALE,ira.naidu94@gmail.com,9436445663,BATCH_24,CS,24CS056
Priya Kumar,2009-04-15,MALE,priyakumar@gmail.com,9261354270,BATCH_26,EC,26EC074
Vikram Kapoor,2005-10-17,FEMALE,vikram.kapoor68@gmail.com,9601447159,BATCH_24,CC,24CC068
Dhruv Naidu,2008-05-15,MALE,dhruv.naidu@gmail.com,9879788897,BATCH_25,CI,25CI066
Tanvi Joshi,2004-12-03,MALE,tanvi.joshi@gmail.com,9493331696,BATCH_23,ME,23ME079
Tarun Kapoor,2006-01-12,FEMALE,tarun_kapoor@gmail.com,9530945875,BATCH_25,ME,25ME081
Siddharth Chandra,2009-06-13,FEMALE,siddharth_chandra@gmail.com,9922169337,BATCH_27,EE,27EE065
Sai Malhotra,2003-02-11,FEMALE,sai.malhotra80@gmail.com,9770976329,BATCH_22,EE,22EE074
Vikram Iyer,2003-12-02,MALE,viyer@gmail.com,9970351557,BATCH_22,CM,22CM066
Krishna Pillai,2008-06-29,MALE,krishna.pillai89@outlook.com,9642024464,BATCH_25,CC,25CC089
Nikhil Kumar,2005-04-09,FEMALE,nkumar@gmail.com,9978514120,BATCH_22,CS,22CS064
Arjun Babu,2005-03-20,FEMALE,arjun.babu@gmail.com,9752308370,BATCH_23,CD,23CD074
Vihaan Kumar,2003-12-14,FEMALE,vihaankumar930@gmail.com,9959635538,BATCH_22,CM,22CM067
Jyoti Krishnan,2008-09-25,FEMALE,jkrishnan@gmail.com,9334400952,BATCH_26,CC,26CC068
Om Devi,2004-10-13,OTHER,om.devi@gmail.com,9239005223,BATCH_23,CI,23CI060
Rahul Babu,2006-04-13,MALE,rahul.babu43@gmail.com,9378361592,BATCH_25,ME,25ME082
Vikram Reddy,2004-03-22,MALE,vikram.reddy2@gmail.com,9153900506,BATCH_23,EE,23EE072
Naveen Malhotra,2009-10-24,MALE,naveen_malhotra@gmail.com,9262735060,BATCH_27,CM,27CM083
Sanya Goud,2003-05-18,MALE,sanyagoud696@outlook.com,9411530912,BATCH_22,CS,22CS065
Vihaan Kumar,2003-04-25,MALE,vihaan.kumar@gmail.com,9412148851,BATCH_22,CI,22CI068
Ira Desai,2005-05-19,FEMALE,ira.desai@gmail.com,9049703834,BATCH_23,EE,23EE073
Reyansh Sharma,2009-03-11,MALE,rsharma@gmail.com,9916967083,BATCH_27,EE,27EE066
Kabir Raju,2007-05-05,FEMALE,kabirraju538@hotmail.com,9029922809,BATCH_24,ME,24ME075
Yash Sharma,2007-11-25,MALE,yash_sharma@gmail.com,9631555800,BATCH_26,EC,26EC075
Pranav Gupta,2006-04-04,FEMALE,pranav.gupta43@yahoo.com,9361391237,BATCH_25,CD,25CD069
Naveen Babu,2005-09-16,MALE,nbabu@yahoo.com,9495134130,BATCH_24,CM,24CM066
Arjun Malhotra,2005-02-22,MALE,arjun.malhotra@gmail.com,9823155516,BATCH_23,CM,23CM065
Sanya Devi,2008-06-02,MALE,sanya_devi@outlook.com,9811353739,BATCH_25,EC,25EC083
Dhruv Kumar,2006-12-18,FEMALE,dhruvkumar878@outlook.com,9875842824,BATCH_24,ME,24ME076
Karthik Goud,2004-09-25,MALE,karthikgoud703@gmail.com,9215900713,BATCH_23,CC,23CC063
Rohan Kumar,2009-12-29,MALE,rohan.kumar3@yahoo.com,9317443860,BATCH_27,CS,27CS074
Gauri Menon,2003-08-31,FEMALE,gauri_menon@outlook.com,9610059482,BATCH_22,CD,22CD068
Aditi Devi,2006-02-25,FEMALE,adevi@gmail.com,9629885774,BATCH_23,ME,23ME080
Aditi Patel,2007-04-23,MALE,aditipatel@gmail.com,9720376388,BATCH_25,CI,25CI067
Abhinav Menon,2005-12-08,FEMALE,abhinav.menon25@yahoo.com,9022295185,BATCH_23,EE,23EE074
Manish Chowdary,2006-07-01,FEMALE,mchowdary@gmail.com,9998037523,BATCH_23,ME,23ME081
Ishaan Goud,2008-12-30,OTHER,ishaangoud982@gmail.com,9857235019,BATCH_25,EC,25EC084
Tanvi Raju,2006-01-17,MALE,tanvi_raju@gmail.com,9061193689,BATCH_24,CS,24CS057
Reyansh Devi,2006-06-10,FEMALE,reyansh_devi@gmail.com,9470068873,BATCH_24,CC,24CC069
Esha Chowdary,2008-02-10,OTHER,eshachowdary594@gmail.com,9000059118,BATCH_26,EC,26EC076
Ira Raju,2005-03-03,FEMALE,ira.raju79@yahoo.com,9260432609,BATCH_23,CD,23CD075
Aditya Kumar,2007-01-06,MALE,aditya_kumar@yahoo.com,9344144885,BATCH_25,CS,25CS073
Harini Kapoor,2006-12-03,FEMALE,hkapoor@gmail.com,9575292555,BATCH_24,CD,24CD077
Divya Malhotra,2005-06-19,FEMALE,divyamalhotra154@gmail.com,9071333959,BATCH_23,CI,23CI061
Varun Mishra,2008-05-14,MALE,vmishra@hotmail.com,9191650344,BATCH_26,ME,26ME057
Rohan Menon,2007-10-09,FEMALE,rohan.menon@gmail.com,9476520562,BATCH_24,CC,24CC070
Esha Prasad,2008-09-11,FEMALE,esha.prasad@yahoo.com,9796068886,BATCH_26,EC,26EC077
Varun Malhotra,2006-05-24,FEMALE,varun.malhotra76@gmail.com,9793539562,BATCH_24,EC,24EC055
Divya Goud,2007-06-12,FEMALE,divya.goud@gmail.com,9622710433,BATCH_24,EE,24EE077
Ananya Malhotra,2007-06-14,MALE,ananya_malhotra@gmail.com,9882348118,BATCH_25,EC,25EC085
Ira Kapoor,2006-05-08,FEMALE,irakapoor682@yahoo.com,9921170594,BATCH_23,EE,23EE075
Tarun Nair,2004-03-08,MALE,tarun_nair@gmail.com,9303974408,BATCH_22,CC,22CC060
Harini Naidu,2004-05-22,MALE,harini.naidu94@gmail.com,9987455135,BATCH_23,EC,23EC066
Lakshmi Prasad,2007-03-11,MALE,lakshmiprasad@gmail.com,9735435209,BATCH_25,CS,25CS074
Sanjay Patel,2005-01-29,FEMALE,sanjay.patel46@gmail.com,9303879426,BATCH_24,CS,24CS058
Ira Babu,2009-11-26,MALE,ira_babu@gmail.com,9592202139,BATCH_27,CD,27CD081
Meera Babu,2007-11-25,MALE,meerababu@outlook.com,9919015814,BATCH_24,ME,24ME077
Reyansh Chandra,2008-01-25,MALE,reyansh_chandra@gmail.com,9999151414,BATCH_26,CS,26CS067
Tarun Kumar,2006-03-17,FEMALE,tarunkumar@yahoo.com,9709831818,BATCH_24,CI,24CI073
Kabir Kapoor,2003-10-18,MALE,kabirkapoor@gmail.com,9357017631,BATCH_22,ME,22ME058
Aditi Desai,2005-06-17,MALE,aditidesai305@gmail.com,9244614409,BATCH_22,CC,22CC061
Manish Naidu,2009-09-10,FEMALE,manishnaidu@outlook.com,9902329612,BATCH_27,CS,27CS075
Naveen Mohan,2006-05-20,FEMALE,naveenmohan@gmail.com,9359513331,BATCH_24,EC,24EC056
Om Rani,2007-09-09,FEMALE,omrani321@gmail.com,9093214181,BATCH_26,CD,26CD073
Om Naidu,2004-09-26,FEMALE,om.naidu92@outlook.com,9280183235,BATCH_22,EC,22EC070
Uday Chowdary,2007-10-08,MALE,uday.chowdary60@gmail.com,9344883842,BATCH_26,ME,26ME058
Naveen Reddy,2009-01-25,FEMALE,naveen.reddy72@gmail.com,9064934039,BATCH_26,ME,26ME059
Tarun Sharma,2004-06-09,FEMALE,tarunsharma@gmail.com,9078537335,BATCH_22,CD,22CD069
Bhavya Raju,2008-04-21,FEMALE,bhavyaraju131@gmail.com,9290227846,BATCH_25,CS,25CS075
Riya Nair,2008-11-12,MALE,riya_nair@gmail.com,9951670450,BATCH_26,CC,26CC069
Karthik Kapoor,2005-05-17,FEMALE,karthik.kapoor51@gmail.com,9598243780,BATCH_23,CC,23CC064
Karthik Babu,2007-07-01,FEMALE,karthikbabu827@gmail.com,9475515698,BATCH_24,CS,24CS059
Kabir Krishnan,2006-02-14,FEMALE,kabir.krishnan@gmail.com,9496284076,BATCH_23,CC,23CC065
Lakshmi Sharma,2005-09-29,FEMALE,lakshmi_sharma@gmail.com,9255146906,BATCH_23,CI,23CI062
Isha Raju,2005-06-09,OTHER,isha.raju38@gmail.com,9235700412,BATCH_23,EC,23EC067
Isha Verma,2004-09-05,MALE,iverma@gmail.com,9390869438,BATCH_22,CI,22CI069
Diya Raju,2007-05-29,FEMALE,draju@gmail.com,9929751702,BATCH_25,CS,25CS076
Yash Kapoor,2009-11-19,MALE,yashkapoor@gmail.com,9895207812,BATCH_27,CS,27CS076
Uday Babu,2007-07-21,MALE,udaybabu@gmail.com,9016459779,BATCH_25,CS,25CS077
Om Gupta,2007-12-01,MALE,omgupta@outlook.com,9324707308,BATCH_24,CI,24CI074
Riya Singh,2006-10-25,FEMALE,riya.singh@gmail.com,9257072792,BATCH_24,EC,24EC057
Vihaan Chowdary,2006-03-24,MALE,vihaanchowdary@yahoo.com,9738740299,BATCH_25,CI,25CI068
Bhavya Menon,2008-02-17,FEMALE,bhavyamenon157@gmail.com,9640052427,BATCH_25,EE,25EE070
Rohan Verma,2006-07-22,FEMALE,rohanverma@outlook.com,9804420678,BATCH_24,ME,24ME078
Diya Goud,2007-08-30,MALE,diyagoud26@gmail.com,9060780540,BATCH_25,CC,25CC090
Rahul Kumar,2006-03-06,MALE,rahul_kumar@gmail.com,9925809949,BATCH_24,EC,24EC058
Ira Malhotra,2009-07-31,FEMALE,iramalhotra@gmail.com,9367717752,BATCH_26,CS,26CS068
Abhinav Chowdary,2007-05-05,FEMALE,abhinavchowdary267@outlook.com,9255065299,BATCH_25,EC,25EC086
Nisha Rani,2004-05-04,MALE,nisha.rani85@gmail.com,9034946702,BATCH_22,EE,22EE075
Ira Krishnan,2005-07-04,FEMALE,irakrishnan@gmail.com,9084076697,BATCH_22,CM,22CM068
Nisha Babu,2005-11-20,MALE,nishababu247@yahoo.com,9905188129,BATCH_22,CC,22CC062
Lakshmi Malhotra,2005-09-30,MALE,lakshmi.malhotra70@yahoo.com,9106439595,BATCH_22,CM,22CM069
Priya Kumar,2009-07-10,FEMALE,priya.kumar@gmail.com,9570172785,BATCH_27,EE,27EE067
Esha Raju,2007-10-31,FEMALE,eraju@hotmail.com,9213424912,BATCH_24,EE,24EE078
Meera Sharma,2006-08-18,MALE,meera.sharma50@gmail.com,9455766394,BATCH_24,CC,24CC071
Divya Reddy,2007-08-22,MALE,divya.reddy@gmail.com,9338143597,BATCH_26,CD,26CD074
Bhavya Mohan,2005-04-06,MALE,bhavya.mohan16@gmail.com,9221237032,BATCH_22,CS,22CS066
Tanvi Malhotra,2007-05-14,MALE,tmalhotra@gmail.com,9268181845,BATCH_24,ME,24ME079
Zoya Krishnan,2009-10-05,FEMALE,zoya.krishnan85@gmail.com,9672266281,BATCH_26,CS,26CS069
Krishna Raju,2010-08-09,MALE,krishnaraju@gmail.com,9895065731,BATCH_27,EE,27EE068
Priya Nair,2008-05-25,FEMALE,priya.nair@gmail.com,9304497969,BATCH_26,EE,26EE072
Riya Chandra,2006-11-22,FEMALE,riyachandra513@hotmail.com,9742525776,BATCH_24,CD,24CD078
Om Rani,2009-03-07,OTHER,om.rani91@gmail.com,9486507363,BATCH_27,CS,27CS077
Kavya Reddy,2004-03-30,FEMALE,kavya_reddy@gmail.com,9052700086,BATCH_23,ME,23ME082
Ira Pillai,2005-03-08,OTHER,ira.pillai73@gmail.com,9548297461,BATCH_22,ME,22ME059
Ira Reddy,2007-02-05,MALE,ira_reddy@yahoo.com,9939589818,BATCH_24,CC,24CC072
Isha Kumar,2007-02-22,FEMALE,ikumar@outlook.com,9627435149,BATCH_24,CD,24CD079
Rakesh Rani,2008-06-30,MALE,rakeshrani@gmail.com,9940799230,BATCH_26,CC,26CC070
Meera Raju,2005-11-13,FEMALE,mraju@gmail.com,9104285579,BATCH_23,CI,23CI063
Chitra Reddy,2007-05-11,FEMALE,chitra_reddy@gmail.com,9062793057,BATCH_26,CD,26CD075
Vivaan Devi,2009-07-24,MALE,vivaandevi357@gmail.com,9594675739,BATCH_27,CS,27CS078
Esha Raju,2009-07-17,MALE,esha.raju@gmail.com,9542269575,BATCH_27,CS,27CS079
Naveen Mishra,2003-09-07,FEMALE,naveenmishra@gmail.com,9047966682,BATCH_22,EC,22EC071
Aditi Rao,2006-07-11,MALE,aditi.rao14@gmail.com,9687833918,BATCH_25,EE,25EE071
Manish Naidu,2009-07-14,MALE,manishnaidu@gmail.com,9492758206,BATCH_27,CS,27CS080
Karthik Rao,2009-04-18,FEMALE,karthik.rao23@gmail.com,9996662909,BATCH_27,CD,27CD082
Ishaan Menon,2008-10-10,MALE,ishaan.menon@yahoo.com,9244935348,BATCH_25,EE,25EE072
Ira Rani,2004-08-26,MALE,ira.rani@gmail.com,9588135285,BATCH_22,CM,22CM070
Yash Reddy,2009-02-22,MALE,yash_reddy@outlook.com,9594906035,BATCH_27,ME,27ME061
Om Raju,2009-05-04,OTHER,omraju@gmail.com,9801625851,BATCH_26,CC,26CC071
Lakshmi Raju,2008-11-04,MALE,lakshmi.raju90@gmail.com,9268087309,BATCH_26,CD,26CD076
Tarun Naidu,2003-09-25,MALE,tarunnaidu588@gmail.com,9295868419,BATCH_22,CC,22CC063
Aditi Menon,2008-12-16,MALE,aditi.menon33@gmail.com,9489025039,BATCH_25,EE,25EE073
Vivaan Chowdary,2004-02-01,MALE,vivaan.chowdary29@gmail.com,9162907399,BATCH_22,CC,22CC064
Ishaan Babu,2008-07-28,FEMALE,ishaanbabu89@yahoo.com,9368850162,BATCH_26,CC,26CC072
Uday Menon,2006-08-06,MALE,uday.menon@gmail.com,9522469685,BATCH_24,CD,24CD080
Kabir Chowdary,2005-10-08,MALE,kabir.chowdary1@yahoo.com,9663152717,BATCH_22,CD,22CD070
Karthik Malhotra,2003-03-19,FEMALE,karthikmalhotra@gmail.com,9619282793,BATCH_22,CD,22CD071
Aditya Rani,2003-11-14,MALE,adityarani658@gmail.com,9551310398,BATCH_22,CS,22CS067
Varun Pandey,2006-07-20,MALE,varun.pandey27@gmail.com,9739385258,BATCH_25,CS,25CS078
Riya Pillai,2007-03-16,MALE,riyapillai634@gmail.com,9739688593,BATCH_25,CD,25CD070
Vihaan Rani,2005-06-19,MALE,vihaan.rani9@outlook.com,9035451364,BATCH_24,CI,24CI075
Vihaan Menon,2004-07-05,MALE,vihaan.menon@gmail.com,9314301711,BATCH_22,CI,22CI070
Jyoti Nair,2003-07-07,MALE,jyoti.nair@gmail.com,9852186253,BATCH_22,CS,22CS068
Ananya Pillai,2010-02-25,MALE,ananyapillai53@gmail.com,9707593494,BATCH_27,CS,27CS081
Sanjay Prasad,2005-01-26,FEMALE,sanjay_prasad@gmail.com,9292546862,BATCH_23,EC,23EC068
Riya Krishnan,2009-08-30,MALE,riya_krishnan@outlook.com,9130802878,BATCH_26,CI,26CI068
Divya Verma,2004-11-08,FEMALE,divya_verma@gmail.com,9245764922,BATCH_22,CM,22CM071
Aryan Pandey,2004-03-30,OTHER,aryanpandey248@gmail.com,9878357338,BATCH_22,EC,22EC072
Gauri Kumar,2006-07-29,MALE,gauri.kumar65@outlook.com,9880925502,BATCH_23,CM,23CM066
Zoya Naidu,2005-01-19,MALE,zoya.naidu@gmail.com,9290846684,BATCH_23,CD,23CD076
Varun Desai,2009-07-26,FEMALE,varun.desai@gmail.com,9025143580,BATCH_27,CM,27CM084
Naveen Singh,2009-11-13,FEMALE,naveensingh@gmail.com,9851685052,BATCH_26,EE,26EE073
Karthik Devi,2006-04-21,MALE,karthikdevi@gmail.com,9253765769,BATCH_23,CM,23CM067
Tarun Naidu,2008-07-27,MALE,tnaidu@gmail.com,9048857784,BATCH_27,CS,27CS082
Sanjay Desai,2004-08-30,MALE,sanjay.desai8@outlook.com,9961444005,BATCH_22,CS,22CS069
Divya Kapoor,2004-08-15,FEMALE,divyakapoor927@gmail.com,9297585988,BATCH_23,CD,23CD077
Zoya Malhotra,2008-09-28,MALE,zoya.malhotra@yahoo.com,9781514178,BATCH_27,CD,27CD083
Manish Pillai,2008-02-28,MALE,manish.pillai10@gmail.com,9448590713,BATCH_26,EE,26EE074
Kavya Kumar,2007-11-27,FEMALE,kavyakumar952@gmail.com,9663143870,BATCH_26,EC,26EC078
Karthik Kumar,2007-03-27,MALE,karthik.kumar@gmail.com,9260931642,BATCH_25,EC,25EC087
Chitra Malhotra,2009-03-02,MALE,chitramalhotra@gmail.com,9869198162,BATCH_27,CI,27CI078
Uday Joshi,2005-10-30,FEMALE,uday_joshi@gmail.com,9387337034,BATCH_22,CC,22CC065
Bhavya Prasad,2005-06-19,OTHER,bhavya.prasad@yahoo.com,9473824843,BATCH_22,CM,22CM072
Karthik Raju,2007-04-22,FEMALE,karthikraju548@gmail.com,9616223593,BATCH_24,CM,24CM067
Nisha Rani,2008-06-20,MALE,nrani@outlook.com,9503250173,BATCH_26,ME,26ME060
Gauri Yadav,2007-12-04,MALE,gauri.yadav62@gmail.com,9440790438,BATCH_24,CI,24CI076
Ira Kumar,2003-05-16,MALE,ira.kumar90@yahoo.com,9064531579,BATCH_22,CC,22CC066
Om Kumar,2009-03-13,MALE,om.kumar@yahoo.com,9823608352,BATCH_27,EE,27EE069
Lakshmi Nair,2004-09-20,FEMALE,lakshmi_nair@gmail.com,9587873405,BATCH_22,CS,22CS070
Vikram Prasad,2008-08-09,FEMALE,vikram.prasad@gmail.com,9400149133,BATCH_26,EE,26EE075
Jyoti Rani,2005-12-15,MALE,jyoti.rani@gmail.com,9467482232,BATCH_24,CI,24CI077
Jyoti Pillai,2009-10-14,FEMALE,jyotipillai771@gmail.com,9367744732,BATCH_27,EC,27EC081
Zoya Babu,2008-08-28,MALE,zbabu@gmail.com,9368910804,BATCH_26,CM,26CM064
Om Sharma,2006-07-12,FEMALE,omsharma@gmail.com,9153644316,BATCH_23,EE,23EE076
Sanya Mishra,2005-02-23,FEMALE,sanyamishra45@gmail.com,9457265425,BATCH_23,EE,23EE077
Tarun Yadav,2004-08-28,FEMALE,tarunyadav300@gmail.com,9263492122,BATCH_23,CC,23CC066
Aditi Gupta,2004-12-12,MALE,aditi.gupta@gmail.com,9401154033,BATCH_23,EE,23EE078
Uday Reddy,2006-12-21,FEMALE,uday.reddy70@gmail.com,9207103142,BATCH_24,CM,24CM068
Bhavya Mishra,2004-07-19,FEMALE,bhavyamishra@yahoo.com,9811230388,BATCH_23,EC,23EC069
Reyansh Mishra,2009-09-19,MALE,reyansh_mishra@gmail.com,9534029708,BATCH_27,ME,27ME062
Rohan Mishra,2007-02-09,FEMALE,rmishra@yahoo.com,9429396856,BATCH_25,EE,25EE074
Aryan Kapoor,2005-03-21,MALE,aryankapoor327@gmail.com,9487819935,BATCH_23,CI,23CI064
Nikhil Kapoor,2009-07-06,FEMALE,nikhil.kapoor7@gmail.com,9946756255,BATCH_27,CS,27CS083
Kavya Mishra,2006-01-22,FEMALE,kavya_mishra@yahoo.com,9141884216,BATCH_23,CM,23CM068
Jyoti Rao,2007-07-30,FEMALE,jyotirao862@gmail.com,9964938268,BATCH_25,CM,25CM059
Esha Rani,2005-04-01,FEMALE,esha.rani@gmail.com,9567386277,BATCH_22,CM,22CM073
Aryan Rao,2009-06-11,MALE,aryanrao@gmail.com,9811625969,BATCH_27,ME,27ME063
Jyoti Rao,2009-09-09,FEMALE,jyoti.rao84@gmail.com,9487629650,BATCH_27,CC,27CC065
Tarun Kumar,2005-11-23,FEMALE,tarun.kumar@hotmail.com,9531647059,BATCH_24,CC,24CC073
Tarun Naidu,2009-10-09,FEMALE,tarun_naidu@gmail.com,9971470675,BATCH_27,EC,27EC082
Vikram Krishnan,2006-06-23,FEMALE,vikram_krishnan@outlook.com,9933488695,BATCH_24,CS,24CS060
Aditya Kapoor,2008-05-18,FEMALE,aditya.kapoor@outlook.com,9594893049,BATCH_26,EC,26EC079
Ira Iyer,2007-07-08,MALE,ira.iyer@outlook.com,9903824030,BATCH_24,CS,24CS061
Bhavya Nair,2005-12-24,OTHER,bhavya.nair49@gmail.com,9291712320,BATCH_23,EE,23EE079
Vivaan Menon,2008-03-18,MALE,vivaanmenon313@gmail.com,9170285162,BATCH_26,ME,26ME061
Riya Sharma,2004-03-09,MALE,riyasharma932@yahoo.com,9364748309,BATCH_22,CI,22CI071
Bhavya Kumar,2007-04-22,FEMALE,bhavya_kumar@yahoo.com,9734776306,BATCH_25,CM,25CM060
Om Chowdary,2007-08-01,FEMALE,om.chowdary@yahoo.com,9438156149,BATCH_25,EE,25EE075
Nisha Prasad,2005-10-10,MALE,nisha.prasad80@gmail.com,9410132823,BATCH_23,EC,23EC070
Varun Desai,2006-09-03,MALE,varun.desai@yahoo.com,9762969143,BATCH_23,EC,23EC071
Reyansh Kumar,2007-05-03,FEMALE,reyansh_kumar@yahoo.com,9836669436,BATCH_25,CM,25CM061
Pranav Chowdary,2008-07-19,MALE,pranav.chowdary69@outlook.com,9089558837,BATCH_26,CD,26CD077
Yash Chowdary,2006-10-01,FEMALE,yashchowdary788@gmail.com,9963277540,BATCH_25,CC,25CC091
Aryan Babu,2009-08-30,FEMALE,aryanbabu@gmail.com,9382487753,BATCH_27,CS,27CS084
Sanya Pandey,2005-08-31,MALE,spandey@gmail.com,9604293987,BATCH_23,CC,23CC067
Manish Joshi,2004-09-25,FEMALE,manishjoshi256@hotmail.com,9889702600,BATCH_22,CS,22CS071
Abhinav Gupta,2006-03-06,FEMALE,abhinav.gupta@gmail.com,9635288280,BATCH_24,CC,24CC074
Esha Rao,2005-05-13,FEMALE,erao@gmail.com,9427180455,BATCH_24,CI,24CI078
Lakshmi Goud,2009-08-09,MALE,lakshmigoud830@gmail.com,9084674072,BATCH_27,EC,27EC083
Dhruv Malhotra,2007-10-05,MALE,dhruvmalhotra@gmail.com,9169194867,BATCH_25,CM,25CM062
Om Malhotra,2006-01-29,MALE,om.malhotra@gmail.com,9892298309,BATCH_24,EC,24EC059
Chitra Kapoor,2006-01-30,MALE,ckapoor@gmail.com,9287353941,BATCH_25,CC,25CC092
Riya Naidu,2009-02-23,MALE,riya.naidu@outlook.com,9622043771,BATCH_26,EC,26EC080
Ira Devi,2008-12-30,OTHER,iradevi284@gmail.com,9782312995,BATCH_26,ME,26ME062
Esha Menon,2006-02-01,FEMALE,esha_menon@gmail.com,9603008638,BATCH_23,CI,23CI065
Nikhil Iyer,2003-02-26,MALE,nikhil.iyer36@yahoo.com,9016125901,BATCH_22,CC,22CC067
Dhruv Menon,2006-08-13,MALE,dhruvmenon@gmail.com,9885861893,BATCH_23,CI,23CI066
Meera Rani,2004-12-25,MALE,meerarani@outlook.com,9057685344,BATCH_22,ME,22ME060
Krishna Pillai,2008-01-29,FEMALE,kpillai@gmail.com,9094017749,BATCH_27,EC,27EC084
Yash Raju,2007-08-04,MALE,yash_raju@gmail.com,9496683496,BATCH_26,ME,26ME063
Aditya Prasad,2005-05-30,FEMALE,aditya.prasad@gmail.com,9003305109,BATCH_23,CC,23CC068
Harini Kumar,2008-05-08,OTHER,harini_kumar@hotmail.com,9346823948,BATCH_25,CI,25CI069
Sanya Goud,2007-11-13,MALE,sgoud@gmail.com,9967276339,BATCH_25,ME,25ME083
Ira Verma,2006-01-01,OTHER,ira.verma@gmail.com,9326714949,BATCH_25,CI,25CI070
Rahul Iyer,2009-09-22,MALE,rahuliyer116@gmail.com,9442390287,BATCH_27,CS,27CS085
Vivaan Rao,2004-01-14,FEMALE,vivaanrao334@gmail.com,9976583571,BATCH_22,CS,22CS072
Vivaan Reddy,2005-04-06,MALE,vivaan.reddy@gmail.com,9114716560,BATCH_23,CM,23CM069
Vikram Prasad,2005-04-06,FEMALE,vikramprasad147@gmail.com,9809572839,BATCH_24,CD,24CD081
Aditya Nair,2006-01-05,FEMALE,aditya.nair43@yahoo.com,9440121785,BATCH_24,EC,24EC060
Aarav Singh,2007-06-28,FEMALE,aarav_singh@outlook.com,9013474296,BATCH_26,CS,26CS070
Aditi Babu,2005-08-23,MALE,aditi_babu@gmail.com,9267890442,BATCH_23,CI,23CI067
Chitra Kapoor,2005-07-03,MALE,chitra.kapoor@outlook.com,9028451818,BATCH_23,CS,23CS064
Zoya Mohan,2010-10-24,MALE,zmohan@gmail.com,9372907058,BATCH_27,CS,27CS086
Om Reddy,2009-08-03,FEMALE,omreddy803@yahoo.com,9174556378,BATCH_27,CD,27CD084
Zoya Gupta,2008-08-26,MALE,zoyagupta388@yahoo.com,9764237885,BATCH_27,CD,27CD085
Aarav Sharma,2005-07-18,FEMALE,aarav.sharma93@gmail.com,9586233487,BATCH_24,EC,24EC061
Ira Krishnan,2008-06-19,MALE,ira.krishnan@yahoo.com,9023126532,BATCH_27,CC,27CC066
Nikhil Goud,2007-06-23,MALE,nikhilgoud579@hotmail.com,9277584466,BATCH_25,CI,25CI071
Ira Goud,2003-09-03,FEMALE,igoud@hotmail.com,9047034052,BATCH_22,CM,22CM074
Bhavya Kapoor,2006-01-18,MALE,bhavyakapoor125@gmail.com,9957445406,BATCH_24,CD,24CD082
Manish Prasad,2005-02-05,FEMALE,mprasad@yahoo.com,9915883452,BATCH_24,CM,24CM069
Rahul Chowdary,2010-02-13,OTHER,rahul_chowdary@gmail.com,9786434477,BATCH_27,CS,27CS087
Harini Chowdary,2008-01-20,MALE,harinichowdary@gmail.com,9999641249,BATCH_25,CC,25CC093
Dhruv Chowdary,2006-03-19,FEMALE,dhruvchowdary@gmail.com,9136062949,BATCH_24,CC,24CC075
Rohan Mishra,2004-01-17,FEMALE,rohan.mishra@gmail.com,9274940606,BATCH_22,CI,22CI072
Esha Sharma,2007-12-26,FEMALE,esha.sharma57@gmail.com,9891135290,BATCH_25,EE,25EE076
Abhinav Krishnan,2010-12-24,MALE,abhinavkrishnan574@gmail.com,9966676296,BATCH_27,CI,27CI079
Abhinav Desai,2007-06-06,FEMALE,abhinav.desai47@gmail.com,9990913341,BATCH_25,EE,25EE077
Bhavya Yadav,2007-06-07,MALE,bhavya.yadav58@gmail.com,9763928319,BATCH_24,EE,24EE079
Priya Devi,2008-10-14,FEMALE,priyadevi948@gmail.com,9854273449,BATCH_26,CM,26CM065
Ishaan Reddy,2008-08-08,FEMALE,ishaanreddy691@gmail.com,9578982604,BATCH_26,ME,26ME064
Kabir Patel,2009-11-27,MALE,kabir.patel@gmail.com,9619434852,BATCH_26,CD,26CD078
Krishna Yadav,2004-06-28,FEMALE,krishnayadav@gmail.com,9113398977,BATCH_22,CI,22CI073
Sai Patel,2007-04-21,FEMALE,sai.patel81@gmail.com,9950047974,BATCH_25,EE,25EE078
Rahul Goud,2005-07-10,FEMALE,rahul_goud@gmail.com,9027409408,BATCH_24,CM,24CM070
Esha Mohan,2005-06-03,MALE,esha.mohan92@yahoo.com,9909617399,BATCH_23,CM,23CM070
Chitra Yadav,2008-12-03,MALE,chitra.yadav@yahoo.com,9223282228,BATCH_26,CC,26CC073
Divya Mishra,2008-05-20,FEMALE,divyamishra@outlook.com,9625804191,BATCH_26,EE,26EE076
Vivaan Chandra,2007-11-17,FEMALE,vivaanchandra528@hotmail.com,9760299140,BATCH_25,CI,25CI072
Dhruv Prasad,2006-03-22,MALE,dhruvprasad@outlook.com,9719766162,BATCH_25,CM,25CM063
Reyansh Rao,2008-08-13,FEMALE,rrao@gmail.com,9830557371,BATCH_26,CC,26CC074
Zoya Pillai,2006-09-28,FEMALE,zoya_pillai@gmail.com,9623924075,BATCH_25,EE,25EE079
Bhavya Menon,2008-02-06,FEMALE,bmenon@gmail.com,9269072807,BATCH_26,CI,26CI069
Isha Iyer,2006-05-24,FEMALE,isha_iyer@gmail.com,9720999347,BATCH_24,ME,24ME080
Chitra Joshi,2006-08-05,FEMALE,chitra.joshi53@outlook.com,9533315377,BATCH_23,CD,23CD078
Vikram Krishnan,2006-12-13,FEMALE,vikram.krishnan56@yahoo.com,9111000515,BATCH_23,CM,23CM071
Lakshmi Iyer,2007-08-28,MALE,liyer@yahoo.com,9011549177,BATCH_25,CD,25CD071
Divya Menon,2006-12-07,FEMALE,divyamenon@yahoo.com,9507550848,BATCH_23,CC,23CC069
Esha Goud,2009-10-28,FEMALE,egoud@outlook.com,9430894366,BATCH_26,CI,26CI070
Dhruv Chowdary,2008-11-26,MALE,dhruv.chowdary49@gmail.com,9842374051,BATCH_26,EE,26EE077
Esha Mishra,2006-12-20,MALE,esha.mishra@gmail.com,9642508823,BATCH_24,EC,24EC062
Chitra Devi,2008-09-16,MALE,chitra.devi@gmail.com,9227754777,BATCH_25,CD,25CD072
Abhinav Kumar,2006-01-15,MALE,abhinavkumar594@gmail.com,9500574580,BATCH_24,CD,24CD083
Rohan Babu,2009-03-22,OTHER,rohan_babu@outlook.com,9435094765,BATCH_26,CC,26CC075
Harini Devi,2007-01-11,FEMALE,harinidevi@gmail.com,9790569659,BATCH_25,CS,25CS079
Ananya Reddy,2004-01-03,MALE,ananyareddy@gmail.com,9146897735,BATCH_22,EE,22EE076
Uday Naidu,2008-12-10,FEMALE,udaynaidu589@gmail.com,9360798909,BATCH_27,ME,27ME064
Sai Krishnan,2004-08-17,MALE,saikrishnan@gmail.com,9875827356,BATCH_23,CS,23CS065
Kabir Desai,2006-03-02,FEMALE,kabir.desai36@gmail.com,9530610843,BATCH_24,CM,24CM071
Siddharth Pillai,2003-12-30,FEMALE,siddharth_pillai@gmail.com,9690652272,BATCH_22,CI,22CI074
Ananya Rani,2003-08-18,FEMALE,ananyarani@hotmail.com,9230744598,BATCH_22,CI,22CI075
Sanya Pillai,2006-07-21,MALE,sanyapillai@gmail.com,9674001847,BATCH_24,CC,24CC076
Jyoti Joshi,2009-06-23,MALE,jyotijoshi@gmail.com,9354237246,BATCH_27,CI,27CI080
Vivaan Mishra,2009-02-01,MALE,vivaanmishra983@gmail.com,9356089706,BATCH_27,CM,27CM085
Jyoti Raju,2009-05-30,FEMALE,jyoti.raju25@gmail.com,9728639962,BATCH_27,CI,27CI081
Aarav Malhotra,2006-07-13,MALE,aaravmalhotra@outlook.com,9390019907,BATCH_24,CS,24CS062
Naveen Joshi,2006-12-12,MALE,njoshi@gmail.com,9693604259,BATCH_24,CC,24CC077
Varun Nair,2004-11-17,MALE,varun.nair17@gmail.com,9926562319,BATCH_23,ME,23ME083
Nikhil Desai,2006-07-08,MALE,ndesai@gmail.com,9149368998,BATCH_25,EE,25EE080
Kabir Raju,2008-06-19,MALE,kabir.raju16@outlook.com,9098017056,BATCH_26,EE,26EE078
Aarav Menon,2006-10-10,MALE,aaravmenon@gmail.com,9524796554,BATCH_24,EC,24EC063
Jyoti Goud,2005-04-03,MALE,jyoti.goud@hotmail.com,9306619017,BATCH_24,EC,24EC064
Sanjay Rao,2006-11-30,MALE,sanjayrao@hotmail.com,9498776945,BATCH_25,EE,25EE081
Aarav Sharma,2006-01-08,FEMALE,aaravsharma161@yahoo.com,9583003354,BATCH_24,ME,24ME081
Tarun Patel,2007-11-28,FEMALE,tpatel@gmail.com,9859964862,BATCH_25,CI,25CI073
Vihaan Goud,2005-05-13,FEMALE,vihaan.goud@gmail.com,9935061772,BATCH_24,CS,24CS063
Kavya Joshi,2009-04-26,OTHER,kavyajoshi814@gmail.com,9461695005,BATCH_27,CS,27CS088
Siddharth Prasad,2008-06-16,MALE,siddharth.prasad@gmail.com,9226549305,BATCH_26,CS,26CS071
Sanjay Reddy,2005-08-02,FEMALE,sanjayreddy@outlook.com,9205633640,BATCH_24,CC,24CC078
Isha Chowdary,2009-03-30,FEMALE,ishachowdary@gmail.com,9741405516,BATCH_26,CI,26CI071
Aarav Raju,2004-09-24,FEMALE,aaravraju@gmail.com,9143192797,BATCH_23,EC,23EC072
Naveen Pillai,2008-06-05,FEMALE,naveen.pillai24@gmail.com,9152085076,BATCH_25,CS,25CS080
Divya Desai,2007-01-07,FEMALE,divya.desai@gmail.com,9749890061,BATCH_24,CS,24CS064
Chitra Singh,2008-03-07,FEMALE,chitrasingh@hotmail.com,9124023814,BATCH_27,EE,27EE070
Rohan Krishnan,2009-07-01,FEMALE,rohankrishnan503@gmail.com,9613073987,BATCH_27,CI,27CI082
Sanya Yadav,2009-08-20,MALE,sanya.yadav@gmail.com,9062587360,BATCH_27,CM,27CM086
Krishna Rao,2008-05-26,FEMALE,krishna.rao34@gmail.com,9479365611,BATCH_27,CC,27CC067
Esha Malhotra,2009-11-05,MALE,esha_malhotra@gmail.com,9394447724,BATCH_27,CS,27CS089
Ira Reddy,2005-10-17,MALE,irareddy@gmail.com,9638595240,BATCH_24,EC,24EC065
Uday Verma,2010-12-01,FEMALE,uday_verma@outlook.com,9003003527,BATCH_27,CD,27CD086
Tanvi Mishra,2008-08-24,MALE,tanvi.mishra63@gmail.com,9435513649,BATCH_26,EE,26EE079
Bhavya Rani,2009-04-14,FEMALE,bhavya.rani@gmail.com,9754068246,BATCH_27,CS,27CS090
Kabir Malhotra,2004-02-22,FEMALE,kabir.malhotra97@gmail.com,9595071627,BATCH_23,CS,23CS066
Aarav Singh,2009-12-07,MALE,asingh@hotmail.com,9497239201,BATCH_27,CC,27CC068
Ishaan Prasad,2008-11-30,MALE,ishaan_prasad@gmail.com,9984605346,BATCH_25,CM,25CM064
Dhruv Kapoor,2007-03-31,FEMALE,dhruv.kapoor45@gmail.com,9045735323,BATCH_26,ME,26ME065
Abhinav Babu,2007-06-19,FEMALE,abhinav.babu62@yahoo.com,9158223094,BATCH_25,CM,25CM065
Kavya Verma,2005-10-28,MALE,kavya.verma@gmail.com,9657816917,BATCH_22,EE,22EE077
Vivaan Pandey,2008-02-02,FEMALE,vivaan.pandey65@gmail.com,9771824989,BATCH_26,ME,26ME066
Jyoti Naidu,2007-09-29,MALE,jyoti_naidu@gmail.com,9338138522,BATCH_25,ME,25ME084
Sanya Reddy,2004-05-06,FEMALE,sanya.reddy53@gmail.com,9913694126,BATCH_22,EC,22EC073
Aditi Patel,2007-04-01,MALE,aditi.patel@gmail.com,9989618752,BATCH_26,EE,26EE080
Sanya Pillai,2007-03-18,FEMALE,spillai@gmail.com,9797273019,BATCH_24,EC,24EC066
Harini Kumar,2004-08-16,MALE,harini.kumar40@yahoo.com,9687987605,BATCH_22,EE,22EE078
Yash Joshi,2005-06-01,FEMALE,yashjoshi549@gmail.com,9635175735,BATCH_23,CC,23CC070
Tarun Patel,2005-02-25,FEMALE,tarunpatel620@gmail.com,9739063757,BATCH_24,EE,24EE080
Sanya Reddy,2010-11-23,FEMALE,sanya.reddy93@gmail.com,9626327624,BATCH_27,CM,27CM087
Lakshmi Malhotra,2009-04-05,MALE,lakshmi_malhotra@gmail.com,9446241674,BATCH_27,EE,27EE071
Dhruv Rao,2007-09-01,MALE,drao@yahoo.com,9917693676,BATCH_25,EE,25EE082
Vihaan Kumar,2009-10-14,MALE,vihaankumar371@gmail.com,9319126048,BATCH_26,CS,26CS072
Vivaan Krishnan,2009-12-14,FEMALE,vivaankrishnan859@gmail.com,9068144166,BATCH_27,CM,27CM088
Sanjay Babu,2009-03-08,FEMALE,sanjay_babu@gmail.com,9657207980,BATCH_27,CM,27CM089
Ira Nair,2009-07-25,FEMALE,ira.nair48@yahoo.com,9026957752,BATCH_26,CM,26CM066
Siddharth Patel,2005-09-02,FEMALE,siddharthpatel255@gmail.com,9976185743,BATCH_23,CS,23CS067
Diya Devi,2009-11-16,FEMALE,diya.devi51@gmail.com,9762134616,BATCH_26,CM,26CM067
Vivaan Singh,2008-04-02,FEMALE,vivaansingh@gmail.com,9571976093,BATCH_26,ME,26ME067
Nikhil Joshi,2005-05-03,FEMALE,nikhil.joshi@gmail.com,9529472390,BATCH_22,EE,22EE079
Om Mohan,2008-04-22,FEMALE,om.mohan16@gmail.com,9345110090,BATCH_26,ME,26ME068
Varun Devi,2009-04-11,FEMALE,varun_devi@gmail.com,9858653927,BATCH_27,CC,27CC069
Zoya Rao,2007-02-14,MALE,zoyarao76@outlook.com,9874223185,BATCH_24,CS,24CS065
Siddharth Prasad,2006-08-15,MALE,siddharth.prasad98@yahoo.com,9326813615,BATCH_24,CC,24CC079
Nisha Gupta,2007-01-22,MALE,nishagupta851@gmail.com,9190725873,BATCH_25,CI,25CI074
Rahul Goud,2005-07-14,MALE,rahulgoud98@gmail.com,9970931706,BATCH_23,CM,23CM072
Dhruv Rao,2008-12-04,MALE,dhruvrao852@yahoo.com,9739201354,BATCH_25,CI,25CI075
Varun Devi,2006-05-21,MALE,varundevi436@outlook.com,9519455868,BATCH_23,CC,23CC071
Sanya Singh,2010-09-13,MALE,sanya.singh39@yahoo.com,9302173733,BATCH_27,CM,27CM090
Om Pandey,2004-03-26,FEMALE,opandey@gmail.com,9842851775,BATCH_22,EE,22EE080
Sai Mishra,2009-09-15,FEMALE,sai.mishra49@gmail.com,9179477950,BATCH_27,CC,27CC070
Gauri Chandra,2004-01-06,FEMALE,gauri_chandra@gmail.com,9372193041,BATCH_22,CS,22CS073
Tanvi Mohan,2003-10-08,FEMALE,tanvimohan547@gmail.com,9431522791,BATCH_22,CS,22CS074
Naveen Goud,2004-11-16,FEMALE,naveen.goud3@gmail.com,9835434685,BATCH_22,CC,22CC068
Gauri Joshi,2010-11-26,MALE,gjoshi@hotmail.com,9944300277,BATCH_27,CI,27CI083
Dhruv Kumar,2008-05-09,MALE,dhruv.kumar@gmail.com,9114625954,BATCH_26,EE,26EE081
Tarun Reddy,2007-11-23,MALE,tarun_reddy@gmail.com,9911371785,BATCH_25,CI,25CI076
Yash Pillai,2006-06-05,MALE,yash_pillai@gmail.com,9940792904,BATCH_25,CS,25CS081
Varun Malhotra,2006-02-06,MALE,varunmalhotra86@gmail.com,9508353544,BATCH_23,CD,23CD079
Uday Chandra,2008-10-28,MALE,udaychandra@gmail.com,9638256971,BATCH_26,CI,26CI072
Rohan Pillai,2008-09-20,MALE,rohan.pillai52@gmail.com,9115071689,BATCH_26,CI,26CI073
Ira Pandey,2006-06-29,MALE,ira.pandey@gmail.com,9524110871,BATCH_23,EE,23EE080
Bhavya Reddy,2007-10-05,MALE,bhavya_reddy@yahoo.com,9497853150,BATCH_24,CS,24CS066
Naveen Babu,2008-03-13,OTHER,naveen_babu@yahoo.com,9199149952,BATCH_25,CM,25CM066
Yash Sharma,2007-11-11,MALE,ysharma@gmail.com,9970629810,BATCH_25,EC,25EC088
Kavya Joshi,2008-11-10,MALE,kavya.joshi72@gmail.com,9986798079,BATCH_25,EE,25EE083
Riya Naidu,2005-11-04,OTHER,riyanaidu@gmail.com,9362169585,BATCH_23,ME,23ME084
Isha Desai,2007-10-23,MALE,ishadesai495@gmail.com,9282066653,BATCH_25,CM,25CM067
Meera Gupta,2005-05-07,FEMALE,meera.gupta@gmail.com,9700491744,BATCH_23,CC,23CC072
Diya Rao,2005-03-21,FEMALE,diya.rao@outlook.com,9300857666,BATCH_23,CD,23CD080
Sai Rao,2007-02-27,MALE,sairao@gmail.com,9030372368,BATCH_25,CS,25CS082
Isha Krishnan,2005-02-23,MALE,ishakrishnan@gmail.com,9365705948,BATCH_23,CS,23CS068
Rakesh Menon,2007-11-07,FEMALE,rakesh.menon15@gmail.com,9912419049,BATCH_25,EE,25EE084
Esha Babu,2004-01-21,MALE,eshababu823@gmail.com,9018484564,BATCH_22,CD,22CD072
Ananya Nair,2007-06-28,FEMALE,ananyanair896@gmail.com,9289761847,BATCH_24,CM,24CM072
Sai Sharma,2008-01-01,FEMALE,sai.sharma2@gmail.com,9070178502,BATCH_27,CC,27CC071
Divya Malhotra,2009-03-16,FEMALE,dmalhotra@hotmail.com,9276654842,BATCH_27,CI,27CI084
Reyansh Goud,2009-01-12,MALE,reyansh_goud@gmail.com,9757918826,BATCH_26,CD,26CD079
Reyansh Mohan,2009-11-26,MALE,reyansh_mohan@gmail.com,9630266980,BATCH_27,CD,27CD087
Krishna Iyer,2009-11-24,MALE,krishnaiyer823@gmail.com,9619157701,BATCH_27,CI,27CI085
Rohan Chandra,2006-07-16,FEMALE,rohanchandra532@hotmail.com,9932591408,BATCH_25,CI,25CI077
Isha Rao,2003-09-02,FEMALE,irao@gmail.com,9993844404,BATCH_22,CC,22CC069
Aryan Babu,2007-02-01,MALE,aryanbabu169@yahoo.com,9269154666,BATCH_25,CM,25CM068
Gauri Singh,2009-12-01,FEMALE,gauri_singh@yahoo.com,9895123708,BATCH_26,CC,26CC076
Ira Chowdary,2010-03-31,FEMALE,ira.chowdary@gmail.com,9992623618,BATCH_27,CD,27CD088
Sai Yadav,2008-07-10,MALE,saiyadav@hotmail.com,9483662539,BATCH_26,CI,26CI074
Jyoti Krishnan,2007-06-09,MALE,jyoti.krishnan13@gmail.com,9479289709,BATCH_25,CC,25CC094
Aditi Kumar,2006-02-23,MALE,aditi.kumar8@gmail.com,9810255084,BATCH_24,CM,24CM073
Aryan Desai,2005-11-04,FEMALE,aryandesai359@gmail.com,9612422039,BATCH_23,ME,23ME085
Sai Babu,2005-12-16,MALE,sai.babu@outlook.com,9967277041,BATCH_23,CI,23CI068
Varun Singh,2010-06-27,MALE,varun.singh36@outlook.com,9798662692,BATCH_27,CI,27CI086
Siddharth Babu,2005-05-13,MALE,siddharthbabu377@gmail.com,9394170528,BATCH_23,CI,23CI069
Sanjay Prasad,2007-11-07,FEMALE,sanjayprasad575@yahoo.com,9785253991,BATCH_24,EC,24EC067
Esha Krishnan,2010-03-26,FEMALE,eshakrishnan80@gmail.com,9746213345,BATCH_27,CI,27CI087
Tanvi Babu,2007-09-11,MALE,tanvi_babu@gmail.com,9881476174,BATCH_25,CS,25CS083
Sai Sharma,2006-05-26,FEMALE,saisharma@gmail.com,9865425568,BATCH_25,CM,25CM069
Abhinav Babu,2005-09-20,MALE,abhinav.babu76@yahoo.com,9928914353,BATCH_24,CD,24CD084
Tanvi Rao,2007-12-03,MALE,tanvirao874@gmail.com,9441850711,BATCH_24,CS,24CS067
Vivaan Joshi,2008-09-04,FEMALE,vivaanjoshi893@gmail.com,9300163881,BATCH_26,CD,26CD080
Aarav Devi,2005-09-24,MALE,aaravdevi@gmail.com,9880697338,BATCH_23,EE,23EE081
Aditi Reddy,2009-05-08,FEMALE,aditi.reddy@gmail.com,9828981223,BATCH_27,CM,27CM091
Lakshmi Babu,2007-11-21,MALE,lakshmibabu@outlook.com,9916244106,BATCH_26,CM,26CM068
Aarav Kapoor,2006-09-21,FEMALE,aarav.kapoor@gmail.com,9610285514,BATCH_24,CD,24CD085
Tarun Sharma,2007-06-14,FEMALE,tarunsharma141@outlook.com,9240886096,BATCH_25,ME,25ME085
Riya Chandra,2005-11-17,MALE,riya.chandra55@yahoo.com,9135264259,BATCH_23,ME,23ME086
Uday Joshi,2006-06-02,FEMALE,uday.joshi@gmail.com,9074517133,BATCH_24,ME,24ME082
Priya Joshi,2010-03-01,MALE,priya.joshi51@gmail.com,9857001092,BATCH_27,EC,27EC085
Rakesh Menon,2009-08-20,MALE,rakeshmenon320@yahoo.com,9313322894,BATCH_27,CS,27CS091
Nikhil Prasad,2008-04-27,MALE,nikhilprasad905@gmail.com,9946408303,BATCH_25,CI,25CI078
Krishna Menon,2005-05-20,FEMALE,kmenon@outlook.com,9445376006,BATCH_22,CI,22CI076
Chitra Pandey,2007-09-29,MALE,chitra.pandey92@outlook.com,9141088265,BATCH_25,CC,25CC095
Vihaan Gupta,2006-08-24,MALE,vihaan_gupta@gmail.com,9084444532,BATCH_24,CI,24CI079
Ira Prasad,2007-05-19,MALE,ira.prasad72@gmail.com,9640882230,BATCH_26,ME,26ME069
Arjun Prasad,2005-09-25,MALE,arjun_prasad@gmail.com,9130612126,BATCH_22,CI,22CI077
Aditi Rani,2009-04-08,MALE,aditi.rani99@outlook.com,9998376732,BATCH_27,EC,27EC086
Kavya Malhotra,2006-01-09,MALE,kavyamalhotra@gmail.com,9600531312,BATCH_23,CD,23CD081
Arjun Krishnan,2007-08-10,FEMALE,arjunkrishnan@gmail.com,9655360181,BATCH_24,CI,24CI080
Kabir Krishnan,2008-10-04,MALE,kabirkrishnan200@gmail.com,9606253613,BATCH_26,CI,26CI075
Priya Menon,2007-03-30,FEMALE,priya_menon@gmail.com,9464299872,BATCH_26,CM,26CM069
Tarun Joshi,2009-03-14,MALE,tarun.joshi@outlook.com,9789695193,BATCH_26,CC,26CC077
Divya Malhotra,2009-09-19,FEMALE,divya.malhotra5@gmail.com,9350739848,BATCH_26,EC,26EC081
Ishaan Malhotra,2008-01-18,FEMALE,ishaan_malhotra@gmail.com,9254316391,BATCH_26,CM,26CM070
Reyansh Pandey,2006-07-12,FEMALE,reyanshpandey995@gmail.com,9207100219,BATCH_25,CS,25CS084
Priya Krishnan,2004-03-04,FEMALE,priya.krishnan92@outlook.com,9464606251,BATCH_22,CI,22CI078
Riya Rani,2007-05-20,FEMALE,riya.rani81@hotmail.com,9496411358,BATCH_26,EE,26EE082
Vikram Singh,2005-02-11,FEMALE,vikramsingh896@gmail.com,9482347993,BATCH_22,CD,22CD073
Tanvi Nair,2009-03-02,MALE,tanvi.nair@yahoo.com,9497249032,BATCH_27,CC,27CC072
Diya Chandra,2008-12-01,FEMALE,dchandra@gmail.com,9257443387,BATCH_26,CI,26CI076
Tarun Kumar,2006-10-22,FEMALE,tarun.kumar17@yahoo.com,9844338902,BATCH_24,CS,24CS068
Kavya Yadav,2006-11-16,FEMALE,kavya.yadav16@outlook.com,9887046281,BATCH_25,CC,25CC096
Harini Pillai,2009-10-06,FEMALE,harini.pillai@gmail.com,9429069690,BATCH_26,CC,26CC078
Tarun Sharma,2010-09-13,MALE,tarunsharma@outlook.com,9082922092,BATCH_27,CI,27CI088
Sanjay Verma,2003-07-30,MALE,sverma@gmail.com,9293956136,BATCH_22,CS,22CS075
Ananya Mohan,2007-10-29,MALE,amohan@outlook.com,9032388767,BATCH_26,CM,26CM071
Harini Menon,2008-06-14,MALE,harini_menon@gmail.com,9623899499,BATCH_26,ME,26ME070
Arjun Kapoor,2007-09-25,FEMALE,arjun.kapoor86@gmail.com,9747825634,BATCH_25,CM,25CM070
Vihaan Krishnan,2008-11-02,FEMALE,vihaan.krishnan@outlook.com,9475859893,BATCH_26,CI,26CI077
Ira Joshi,2009-05-27,MALE,ira_joshi@gmail.com,9016242955,BATCH_27,CD,27CD089
Priya Nair,2004-07-24,MALE,priyanair46@gmail.com,9755037647,BATCH_22,CI,22CI079
Esha Chandra,2004-02-06,FEMALE,echandra@gmail.com,9373714503,BATCH_22,EC,22EC074
Esha Goud,2006-03-22,FEMALE,esha_goud@yahoo.com,9903118609,BATCH_25,CC,25CC097
Ishaan Desai,2004-04-13,MALE,ishaan.desai16@gmail.com,9168885116,BATCH_22,CM,22CM075
Karthik Sharma,2006-10-23,FEMALE,karthiksharma89@gmail.com,9768854346,BATCH_24,CI,24CI081
Aryan Sharma,2007-01-29,OTHER,aryan.sharma@outlook.com,9515567409,BATCH_25,EC,25EC089
Uday Pandey,2008-09-16,FEMALE,uday_pandey@gmail.com,9937712582,BATCH_26,CM,26CM072
Zoya Raju,2008-05-20,MALE,zoyaraju@gmail.com,9177656124,BATCH_25,CS,25CS085
Rahul Malhotra,2010-06-09,MALE,rahul_malhotra@yahoo.com,9999266536,BATCH_27,CC,27CC073
Gauri Sharma,2005-12-08,FEMALE,gaurisharma@gmail.com,9253905321,BATCH_22,CD,22CD074
Isha Kumar,2006-03-20,MALE,ikumar@gmail.com,9169195759,BATCH_24,CS,24CS069
Aarav Menon,2004-11-08,MALE,aarav.menon@yahoo.com,9881869675,BATCH_22,CD,22CD075
Gauri Menon,2006-03-29,FEMALE,gauri_menon@gmail.com,9562588967,BATCH_23,CD,23CD082
Chitra Rani,2009-01-15,MALE,chitrarani@gmail.com,9276327223,BATCH_26,CS,26CS073
Ira Yadav,2004-09-27,FEMALE,irayadav@outlook.com,9092882005,BATCH_23,CI,23CI070
Tarun Babu,2008-03-16,MALE,tbabu@gmail.com,9901507138,BATCH_25,CI,25CI079
Zoya Menon,2006-05-18,FEMALE,zoya_menon@gmail.com,9251497463,BATCH_23,ME,23ME087
Tarun Kumar,2008-10-17,MALE,tkumar@gmail.com,9722810891,BATCH_26,CI,26CI078
Dhruv Iyer,2009-01-15,FEMALE,dhruviyer@gmail.com,9624807274,BATCH_27,CD,27CD090
Vivaan Kumar,2008-08-08,MALE,vivaankumar@gmail.com,9177135389,BATCH_26,CD,26CD081
Diya Goud,2007-09-21,FEMALE,diya.goud27@gmail.com,9833314932,BATCH_25,CM,25CM071
Nisha Chandra,2005-09-25,FEMALE,nchandra@gmail.com,9936162227,BATCH_22,CI,22CI080
Gauri Pandey,2006-01-12,FEMALE,gpandey@hotmail.com,9182999091,BATCH_24,CS,24CS070
Sai Prasad,2009-09-21,MALE,saiprasad@yahoo.com,9506419773,BATCH_26,CI,26CI079
Priya Naidu,2007-01-07,OTHER,priyanaidu268@gmail.com,9805980188,BATCH_24,CD,24CD086
Nikhil Rao,2009-06-21,FEMALE,nikhilrao@gmail.com,9694276380,BATCH_27,CI,27CI089
Krishna Malhotra,2007-07-20,MALE,krishnamalhotra382@gmail.com,9149842507,BATCH_26,CM,26CM073
Manish Singh,2004-02-28,MALE,manish.singh@gmail.com,9084106977,BATCH_22,CS,22CS076
Uday Raju,2009-04-08,MALE,uday_raju@gmail.com,9597280466,BATCH_27,EE,27EE072
Sanya Menon,2009-04-01,FEMALE,sanya.menon2@outlook.com,9990555237,BATCH_27,CI,27CI090
Ananya Raju,2008-11-08,MALE,ananya_raju@gmail.com,9222212881,BATCH_25,CM,25CM072
Bhavya Menon,2007-10-04,FEMALE,bhavyamenon@gmail.com,9805058389,BATCH_24,CM,24CM074
Sanjay Kumar,2007-10-05,FEMALE,sanjaykumar829@yahoo.com,9596559428,BATCH_25,CI,25CI080
Priya Chowdary,2007-04-28,FEMALE,priya.chowdary74@gmail.com,9754024286,BATCH_26,CC,26CC079
Reyansh Menon,2007-02-08,FEMALE,reyanshmenon@yahoo.com,9420357779,BATCH_25,CM,25CM073
Rahul Krishnan,2006-07-03,MALE,rahul_krishnan@gmail.com,9536422094,BATCH_25,ME,25ME086
Arjun Raju,2010-07-06,FEMALE,arjunraju308@gmail.com,9902879826,BATCH_27,EC,27EC087
Pranav Patel,2006-12-24,MALE,pranavpatel793@gmail.com,9936319627,BATCH_25,EC,25EC090
Abhinav Chandra,2007-06-01,FEMALE,abhinavchandra168@gmail.com,9345776613,BATCH_26,CM,26CM074
Kavya Sharma,2008-06-21,FEMALE,kavyasharma908@gmail.com,9505624481,BATCH_26,CS,26CS074
Manish Pillai,2008-02-27,FEMALE,manishpillai204@hotmail.com,9874900449,BATCH_25,ME,25ME087
Dhruv Verma,2005-04-24,FEMALE,dhruv_verma@yahoo.com,9375047930,BATCH_23,CD,23CD083
Aditya Malhotra,2008-03-23,MALE,aditya.malhotra@yahoo.com,9223954807,BATCH_25,CD,25CD073
Dhruv Nair,2004-04-02,FEMALE,dhruv_nair@gmail.com,9861323945,BATCH_22,CC,22CC070
Dhruv Iyer,2009-10-24,FEMALE,dhruv.iyer@gmail.com,9023743269,BATCH_27,CM,27CM092
Karthik Reddy,2004-11-22,OTHER,karthikreddy@gmail.com,9124741275,BATCH_22,ME,22ME061
Priya Goud,2007-01-01,FEMALE,priyagoud@gmail.com,9138550029,BATCH_25,CD,25CD074
Aditi Prasad,2004-02-22,MALE,aditiprasad@outlook.com,9099358522,BATCH_22,CM,22CM076
Vivaan Babu,2006-02-13,MALE,vivaan.babu@gmail.com,9959816180,BATCH_25,ME,25ME088
Aditya Chandra,2008-12-29,FEMALE,aditya.chandra45@gmail.com,9294690217,BATCH_26,ME,26ME071
Priya Joshi,2009-06-12,FEMALE,priyajoshi@gmail.com,9841300932,BATCH_27,ME,27ME065
Kabir Rani,2007-08-14,FEMALE,kabir.rani86@outlook.com,9264393304,BATCH_25,CD,25CD075
Pranav Mohan,2006-02-28,FEMALE,pranav.mohan@yahoo.com,9260221321,BATCH_25,CI,25CI081
Nikhil Joshi,2007-09-29,FEMALE,nikhil.joshi41@gmail.com,9048514202,BATCH_26,CC,26CC080
Nikhil Goud,2008-02-26,MALE,ngoud@yahoo.com,9416764507,BATCH_27,CS,27CS092
Meera Sharma,2009-04-29,MALE,meera.sharma55@yahoo.com,9781169097,BATCH_27,CD,27CD091
Manish Rani,2004-07-29,MALE,manishrani501@gmail.com,9694179967,BATCH_23,EC,23EC073
Karthik Babu,2008-12-06,MALE,karthikbabu@gmail.com,9139088508,BATCH_26,EE,26EE083
Rohan Babu,2009-01-15,FEMALE,rohanbabu514@gmail.com,9019062465,BATCH_27,ME,27ME066
Esha Iyer,2007-12-27,FEMALE,esha.iyer@gmail.com,9557802280,BATCH_26,CM,26CM075
Rakesh Chowdary,2007-08-13,FEMALE,rakeshchowdary@gmail.com,9195535603,BATCH_24,EE,24EE081
Pranav Iyer,2007-07-09,MALE,pranav.iyer@gmail.com,9031588785,BATCH_25,ME,25ME089
Karthik Rao,2006-11-30,MALE,karthik.rao84@gmail.com,9615727682,BATCH_23,CM,23CM073
Ira Chowdary,2005-05-09,MALE,ira.chowdary40@gmail.com,9718916680,BATCH_24,EC,24EC068
Om Gupta,2006-07-08,FEMALE,omgupta@gmail.com,9466176620,BATCH_24,EE,24EE082
Aarav Verma,2007-03-27,FEMALE,aarav.verma@gmail.com,9677360260,BATCH_25,EE,25EE085
Sanya Chandra,2007-10-02,MALE,schandra@gmail.com,9156162173,BATCH_25,ME,25ME090
Ishaan Raju,2007-10-20,MALE,ishaan.raju84@yahoo.com,9906494935,BATCH_25,EC,25EC091
Aditi Yadav,2008-02-04,FEMALE,aditi_yadav@yahoo.com,9901706686,BATCH_26,CS,26CS075
Manish Singh,2006-11-24,MALE,manish.singh65@gmail.com,9334016478,BATCH_24,CC,24CC080
Sai Devi,2007-04-18,FEMALE,sai.devi84@gmail.com,9420687217,BATCH_24,EC,24EC069
Rahul Naidu,2009-01-16,MALE,rahul.naidu7@gmail.com,9658744888,BATCH_27,CC,27CC074
Tarun Raju,2006-09-14,FEMALE,tarunraju119@gmail.com,9856069456,BATCH_24,CI,24CI082
Ananya Kumar,2009-07-25,FEMALE,ananya_kumar@yahoo.com,9738339970,BATCH_26,CI,26CI080
Aarav Raju,2007-03-05,FEMALE,aaravraju344@yahoo.com,9306109221,BATCH_25,CD,25CD076
Karthik Yadav,2004-07-24,OTHER,karthikyadav@hotmail.com,9614477618,BATCH_22,EC,22EC075
Varun Rao,2008-05-26,MALE,varun.rao69@hotmail.com,9508095948,BATCH_26,ME,26ME072
Vikram Malhotra,2004-04-13,MALE,vikram.malhotra@outlook.com,9034199097,BATCH_23,CD,23CD084
Nikhil Iyer,2007-09-23,MALE,nikhil_iyer@gmail.com,9845930506,BATCH_25,CC,25CC098
Nisha Desai,2005-01-17,OTHER,nisha.desai79@gmail.com,9295939172,BATCH_24,ME,24ME083
Rohan Iyer,2004-05-09,FEMALE,rohan.iyer@gmail.com,9460606943,BATCH_22,EC,22EC076
Reyansh Mohan,2004-10-31,FEMALE,reyansh.mohan@gmail.com,9970579731,BATCH_22,CS,22CS077
Kabir Pillai,2005-09-10,FEMALE,kabir_pillai@outlook.com,9865386364,BATCH_23,CI,23CI071
Abhinav Patel,2007-05-12,MALE,abhinav.patel@gmail.com,9912286731,BATCH_24,CC,24CC081
Bhavya Reddy,2006-07-04,MALE,bhavya_reddy@gmail.com,9313614878,BATCH_24,EE,24EE083
Kabir Pandey,2004-07-28,MALE,kabir_pandey@gmail.com,9291796441,BATCH_22,EC,22EC077
Sai Joshi,2003-11-12,FEMALE,sai_joshi@gmail.com,9932420248,BATCH_22,CC,22CC071
Tarun Rao,2004-03-09,MALE,tarun.rao69@yahoo.com,9351423544,BATCH_22,EE,22EE081
Aarav Devi,2007-06-19,FEMALE,aarav.devi@gmail.com,9469466049,BATCH_25,CD,25CD077
Harini Babu,2007-10-22,MALE,harini.babu19@gmail.com,9445959614,BATCH_24,CC,24CC082
Yash Mishra,2007-04-30,FEMALE,yash.mishra36@gmail.com,9834735977,BATCH_25,EE,25EE086
Sanya Nair,2005-02-17,MALE,sanyanair941@gmail.com,9198332482,BATCH_24,CM,24CM075
Krishna Chowdary,2005-08-09,FEMALE,krishna_chowdary@gmail.com,9671571871,BATCH_23,ME,23ME088
Esha Yadav,2005-05-12,FEMALE,eyadav@gmail.com,9009262886,BATCH_24,CD,24CD087
Uday Naidu,2006-06-24,MALE,udaynaidu392@gmail.com,9337697916,BATCH_24,EC,24EC070
Zoya Patel,2006-12-14,FEMALE,zpatel@hotmail.com,9977414420,BATCH_24,EC,24EC071
Nikhil Nair,2010-05-22,MALE,nikhil.nair@yahoo.com,9411895659,BATCH_27,CS,27CS093
Meera Mohan,2007-02-07,OTHER,mmohan@gmail.com,9657121186,BATCH_25,CD,25CD078
Aryan Yadav,2004-02-06,OTHER,aryan.yadav11@gmail.com,9084256589,BATCH_22,CI,22CI081
Siddharth Verma,2004-11-06,FEMALE,siddharth_verma@hotmail.com,9424509203,BATCH_22,CM,22CM077
Rahul Menon,2009-11-29,FEMALE,rahulmenon527@hotmail.com,9467170164,BATCH_26,CD,26CD082
Tarun Rani,2006-07-26,FEMALE,tarun.rani@outlook.com,9028749072,BATCH_24,CD,24CD088
Sanjay Menon,2008-08-30,FEMALE,sanjay.menon61@gmail.com,9676314131,BATCH_26,CI,26CI081
Arjun Rao,2008-06-17,FEMALE,arjunrao@gmail.com,9249489185,BATCH_26,CM,26CM076
Karthik Raju,2004-08-15,MALE,karthikraju47@gmail.com,9524508640,BATCH_23,CD,23CD085
Vihaan Sharma,2005-08-14,FEMALE,vihaan_sharma@gmail.com,9417271477,BATCH_23,CS,23CS069
Ira Menon,2008-01-31,FEMALE,ira.menon@gmail.com,9220487287,BATCH_26,CD,26CD083
Rahul Pillai,2010-01-18,FEMALE,rahul_pillai@yahoo.com,9263986493,BATCH_27,CD,27CD092
Tanvi Babu,2006-08-13,FEMALE,tanvibabu@gmail.com,9824466669,BATCH_23,CC,23CC073
Jyoti Desai,2007-07-31,MALE,jyotidesai@gmail.com,9423218081,BATCH_24,CM,24CM076
Vikram Rao,2004-04-08,OTHER,vrao@gmail.com,9721302732,BATCH_23,EE,23EE082
Bhavya Sharma,2008-08-26,FEMALE,bhavya.sharma59@gmail.com,9262163157,BATCH_26,EE,26EE084
Sanjay Krishnan,2005-05-14,FEMALE,sanjay.krishnan43@gmail.com,9037229146,BATCH_22,ME,22ME062
Yash Pillai,2004-03-22,MALE,yash.pillai72@gmail.com,9226189628,BATCH_23,CM,23CM074
Varun Mohan,2003-09-09,MALE,varunmohan@gmail.com,9436271417,BATCH_22,CI,22CI082
Karthik Singh,2005-11-04,MALE,karthik.singh22@gmail.com,9592728270,BATCH_23,CM,23CM075
Diya Pandey,2007-07-03,MALE,diyapandey677@gmail.com,9364035270,BATCH_26,CD,26CD084
Vivaan Naidu,2004-09-30,MALE,vivaannaidu499@hotmail.com,9166401748,BATCH_22,CD,22CD076
Karthik Mohan,2006-01-10,FEMALE,kmohan@hotmail.com,9488672514,BATCH_25,EC,25EC092
Harini Pandey,2005-12-19,FEMALE,harini_pandey@hotmail.com,9310784669,BATCH_23,CI,23CI072
Vihaan Sharma,2003-09-03,MALE,vihaan.sharma58@yahoo.com,9314391511,BATCH_22,CC,22CC072
Abhinav Desai,2007-07-06,MALE,abhinavdesai@gmail.com,9162319818,BATCH_25,CS,25CS086
Lakshmi Prasad,2006-07-05,MALE,lakshmi.prasad73@gmail.com,9460683426,BATCH_24,CD,24CD089
Sanya Krishnan,2007-05-14,MALE,sanya_krishnan@hotmail.com,9158719942,BATCH_25,EC,25EC093
Esha Raju,2009-09-11,FEMALE,esha.raju63@gmail.com,9852211587,BATCH_26,ME,26ME073
Jyoti Mishra,2010-10-30,MALE,jyotimishra388@outlook.com,9058113379,BATCH_27,CS,27CS094
Vivaan Iyer,2008-01-24,MALE,vivaan.iyer16@outlook.com,9284719017,BATCH_26,ME,26ME074
Yash Desai,2005-11-04,MALE,ydesai@gmail.com,9561213773,BATCH_23,CM,23CM076
Sanjay Rao,2006-04-06,MALE,sanjay_rao@hotmail.com,9110633016,BATCH_23,CM,23CM077
Tarun Yadav,2006-01-07,FEMALE,tarunyadav923@yahoo.com,9980657273,BATCH_24,CC,24CC083
Vikram Sharma,2006-09-17,MALE,vikram_sharma@gmail.com,9458260340,BATCH_23,CD,23CD086
Harini Reddy,2006-11-13,FEMALE,harinireddy@gmail.com,9921779055,BATCH_23,EC,23EC074
Ira Raju,2008-11-03,MALE,ira.raju64@outlook.com,9409429412,BATCH_26,CM,26CM077
Abhinav Joshi,2009-12-25,FEMALE,abhinav.joshi58@gmail.com,9133034228,BATCH_26,CI,26CI082
Reyansh Desai,2009-02-14,FEMALE,reyansh_desai@gmail.com,9086965406,BATCH_27,CD,27CD093
Aditya Verma,2006-01-07,MALE,averma@yahoo.com,9899358891,BATCH_24,ME,24ME084
Vivaan Pandey,2004-02-20,MALE,vpandey@outlook.com,9874185195,BATCH_22,ME,22ME063
Reyansh Rao,2005-05-10,MALE,reyansh.rao@gmail.com,9486959463,BATCH_24,ME,24ME085
Bhavya Kumar,2008-11-14,MALE,bhavyakumar625@gmail.com,9775655128,BATCH_26,CS,26CS076
Dhruv Verma,2010-11-27,FEMALE,dhruvverma614@gmail.com,9678758647,BATCH_27,CI,27CI091
Nisha Nair,2007-04-05,MALE,nishanair333@yahoo.com,9809115416,BATCH_25,CM,25CM074
Kavya Pillai,2010-02-17,MALE,kavya.pillai73@gmail.com,9670062082,BATCH_27,CI,27CI092
Pranav Gupta,2010-12-02,FEMALE,pranavgupta24@gmail.com,9874007432,BATCH_27,EC,27EC088
Priya Sharma,2007-02-16,FEMALE,priyasharma399@outlook.com,9994883755,BATCH_24,ME,24ME086
Tanvi Malhotra,2009-12-10,FEMALE,tanvimalhotra@gmail.com,9412452770,BATCH_26,CS,26CS077
Om Raju,2005-02-14,FEMALE,om.raju93@gmail.com,9236293828,BATCH_22,EE,22EE082
Vivaan Babu,2007-10-17,FEMALE,vivaanbabu@outlook.com,9385028477,BATCH_25,EC,25EC094
Reyansh Kumar,2004-12-20,MALE,reyanshkumar212@gmail.com,9030064641,BATCH_22,CI,22CI083
Aarav Iyer,2009-09-16,MALE,aaraviyer701@gmail.com,9924490091,BATCH_27,EE,27EE073
Ira Sharma,2005-03-01,FEMALE,ira.sharma31@gmail.com,9302878332,BATCH_22,CD,22CD077
Yash Chowdary,2006-04-02,OTHER,yashchowdary823@gmail.com,9135469223,BATCH_23,CC,23CC074
Kabir Prasad,2009-10-13,FEMALE,kabir.prasad21@outlook.com,9688339238,BATCH_27,CM,27CM093
Naveen Pandey,2006-08-20,FEMALE,npandey@yahoo.com,9639663527,BATCH_24,EC,24EC072
Kabir Rao,2004-05-16,MALE,kabirrao417@gmail.com,9859724387,BATCH_22,EC,22EC078
Aryan Babu,2006-03-05,MALE,aryan.babu50@hotmail.com,9803881437,BATCH_24,CC,24CC084
Sai Mishra,2010-06-15,FEMALE,sai.mishra@hotmail.com,9749213860,BATCH_27,ME,27ME067
Varun Joshi,2004-04-17,MALE,varunjoshi663@yahoo.com,9423097811,BATCH_22,ME,22ME064
Krishna Joshi,2005-08-07,MALE,kjoshi@yahoo.com,9733761072,BATCH_23,EE,23EE083
Kavya Verma,2006-09-17,FEMALE,kavya.verma51@gmail.com,9880670654,BATCH_25,EE,25EE087
Arjun Gupta,2006-05-26,FEMALE,agupta@yahoo.com,9972483259,BATCH_24,CC,24CC085
Naveen Goud,2005-01-20,MALE,naveengoud@gmail.com,9233159987,BATCH_23,CC,23CC075
Tarun Mishra,2006-09-19,MALE,tarunmishra846@outlook.com,9761124912,BATCH_24,EE,24EE084
Aryan Gupta,2006-11-30,MALE,aryangupta@yahoo.com,9397531752,BATCH_24,EC,24EC073
Vivaan Kapoor,2005-12-06,FEMALE,vivaankapoor@gmail.com,9429464117,BATCH_23,CI,23CI073
Manish Iyer,2005-01-13,MALE,manish_iyer@outlook.com,9713984822,BATCH_23,CM,23CM078
Jyoti Chandra,2009-12-13,FEMALE,jyoti.chandra@gmail.com,9297160877,BATCH_27,CS,27CS095
Om Desai,2007-12-08,FEMALE,omdesai@gmail.com,9167855576,BATCH_25,CC,25CC099
Meera Devi,2008-06-05,MALE,mdevi@yahoo.com,9469399531,BATCH_25,CD,25CD079
Vivaan Singh,2005-03-20,MALE,vivaansingh717@gmail.com,9296515397,BATCH_23,ME,23ME089
Ishaan Kumar,2005-07-31,FEMALE,ishaankumar@gmail.com,9418742948,BATCH_23,CS,23CS070
Sanya Verma,2005-05-09,FEMALE,sanyaverma@gmail.com,9063856702,BATCH_23,CC,23CC076
Ishaan Desai,2009-06-26,FEMALE,idesai@outlook.com,9257330907,BATCH_27,CC,27CC075
Lakshmi Sharma,2004-10-20,MALE,lakshmisharma163@gmail.com,9093225333,BATCH_23,EC,23EC075
Aditya Desai,2007-01-28,OTHER,aditya.desai61@gmail.com,9294079939,BATCH_25,CM,25CM075
Chitra Chandra,2009-12-01,FEMALE,chitrachandra@gmail.com,9749875840,BATCH_27,ME,27ME068
Esha Menon,2008-01-10,FEMALE,esha.menon38@gmail.com,9604598278,BATCH_27,ME,27ME069
Aditi Rao,2005-10-15,MALE,aditirao@gmail.com,9932008587,BATCH_22,CS,22CS078
Arjun Babu,2003-06-11,MALE,arjun_babu@gmail.com,9610077732,BATCH_22,CC,22CC073
Karthik Pandey,2005-02-21,MALE,karthikpandey764@gmail.com,9815159472,BATCH_23,ME,23ME090
Vihaan Joshi,2006-06-19,MALE,vihaan_joshi@gmail.com,9899757113,BATCH_24,ME,24ME087
Aditi Goud,2005-02-18,MALE,aditigoud874@gmail.com,9489678082,BATCH_22,CC,22CC074
Chitra Verma,2008-11-09,MALE,chitra.verma48@gmail.com,9080358624,BATCH_27,CC,27CC076
Manish Devi,2005-08-20,MALE,manishdevi@gmail.com,9509802075,BATCH_24,CD,24CD090
Sai Babu,2008-02-09,MALE,sbabu@gmail.com,9356117027,BATCH_26,CS,26CS078
Vihaan Iyer,2006-04-13,FEMALE,vihaan_iyer@outlook.com,9832270494,BATCH_24,EC,24EC074
Kavya Goud,2003-06-09,FEMALE,kavyagoud285@gmail.com,9232361789,BATCH_22,ME,22ME065
Aditi Babu,2006-07-17,FEMALE,aditibabu@yahoo.com,9493289802,BATCH_23,CD,23CD087
Ishaan Rani,2005-10-20,FEMALE,ishaan.rani@gmail.com,9591696084,BATCH_23,ME,23ME091
Sanya Prasad,2004-04-07,FEMALE,sanya_prasad@outlook.com,9360809010,BATCH_22,EC,22EC079
Esha Kapoor,2006-10-10,MALE,esha_kapoor@gmail.com,9158814458,BATCH_25,CI,25CI082
Naveen Babu,2004-02-02,MALE,naveenbabu567@gmail.com,9882436758,BATCH_23,CS,23CS071
Naveen Sharma,2007-07-13,MALE,naveen.sharma@outlook.com,9277402157,BATCH_25,CD,25CD080
Rohan Naidu,2004-02-12,OTHER,rohannaidu458@hotmail.com,9551515285,BATCH_22,CD,22CD078
Sanjay Mohan,2007-07-05,MALE,smohan@gmail.com,9953384162,BATCH_24,CD,24CD091
Jyoti Chowdary,2009-08-25,FEMALE,jyotichowdary@gmail.com,9945759599,BATCH_27,CC,27CC077
Harini Kapoor,2008-08-18,MALE,harinikapoor@gmail.com,9642730092,BATCH_27,EC,27EC089
Dhruv Menon,2005-12-22,FEMALE,dhruvmenon273@gmail.com,9263496070,BATCH_22,CI,22CI084
Uday Desai,2007-07-01,MALE,uday.desai@gmail.com,9999196697,BATCH_25,ME,25ME091
Aryan Mohan,2008-12-18,FEMALE,aryan_mohan@outlook.com,9385698028,BATCH_25,CM,25CM076
Lakshmi Mohan,2008-05-03,MALE,lakshmimohan250@gmail.com,9719104514,BATCH_27,ME,27ME070
Om Desai,2008-04-17,MALE,om.desai@yahoo.com,9037631748,BATCH_26,CI,26CI083
Uday Joshi,2005-08-11,MALE,ujoshi@gmail.com,9738667519,BATCH_24,CC,24CC086
Varun Devi,2007-04-09,FEMALE,varun.devi62@gmail.com,9347084748,BATCH_24,CM,24CM077
Chitra Prasad,2008-08-22,FEMALE,chitraprasad103@gmail.com,9464307189,BATCH_27,CS,27CS096
Sanjay Mohan,2004-09-10,MALE,sanjay_mohan@gmail.com,9502271975,BATCH_22,CM,22CM078
Kabir Devi,2004-01-27,MALE,kabir.devi@gmail.com,9090154668,BATCH_22,ME,22ME066
Om Raju,2006-12-22,FEMALE,omraju@yahoo.com,9117030376,BATCH_24,EE,24EE085
Vivaan Pandey,2004-08-21,MALE,vivaan.pandey82@gmail.com,9027376149,BATCH_22,ME,22ME067
Varun Prasad,2007-10-20,MALE,varun.prasad33@hotmail.com,9626389654,BATCH_25,EC,25EC095
Priya Menon,2007-02-26,FEMALE,priyamenon@gmail.com,9862943681,BATCH_25,CM,25CM077
Vikram Prasad,2008-09-09,FEMALE,vikramprasad527@gmail.com,9986617706,BATCH_25,CI,25CI083
Siddharth Babu,2005-01-02,FEMALE,siddharthbabu695@gmail.com,9605664187,BATCH_23,CD,23CD088
Karthik Gupta,2004-01-29,MALE,karthik.gupta@gmail.com,9036221173,BATCH_23,EC,23EC076
Rakesh Singh,2005-01-21,OTHER,rakesh.singh@hotmail.com,9592063370,BATCH_23,CI,23CI074
Sanya Prasad,2007-08-13,FEMALE,sanya.prasad66@gmail.com,9469588194,BATCH_25,EC,25EC096
Rakesh Prasad,2008-10-02,MALE,rakesh.prasad9@gmail.com,9937939194,BATCH_26,CS,26CS079
Lakshmi Mishra,2008-12-12,MALE,lakshmi.mishra13@gmail.com,9089372595,BATCH_27,CD,27CD094
Chitra Joshi,2006-11-26,MALE,chitrajoshi@gmail.com,9773503188,BATCH_24,CI,24CI083
Nikhil Menon,2007-08-25,FEMALE,nikhilmenon@gmail.com,9365404492,BATCH_25,CD,25CD081
Siddharth Pandey,2004-10-25,MALE,siddharth_pandey@gmail.com,9063967739,BATCH_23,CS,23CS072
Meera Yadav,2008-11-27,MALE,myadav@yahoo.com,9800019594,BATCH_26,CI,26CI084
Zoya Rao,2007-07-18,FEMALE,zoyarao216@gmail.com,9838702785,BATCH_25,EC,25EC097
Rohan Desai,2006-07-08,MALE,rohandesai@gmail.com,9947372132,BATCH_25,CI,25CI084
Uday Chowdary,2007-10-25,MALE,udaychowdary@yahoo.com,9235777414,BATCH_25,EC,25EC098
Divya Gupta,2009-12-14,MALE,divyagupta334@gmail.com,9028734036,BATCH_26,EE,26EE085
Sanya Iyer,2004-09-07,MALE,sanya.iyer84@hotmail.com,9175762837,BATCH_23,CS,23CS073
Manish Rao,2008-02-17,MALE,manish_rao@yahoo.com,9908261103,BATCH_26,CC,26CC081
Dhruv Rao,2009-04-08,FEMALE,dhruvrao@gmail.com,9491410526,BATCH_26,CS,26CS080
Kavya Menon,2006-07-10,MALE,kavya_menon@gmail.com,9035394338,BATCH_23,ME,23ME092
Kabir Yadav,2009-11-24,MALE,kabir.yadav55@gmail.com,9543475916,BATCH_27,CC,27CC078
Karthik Babu,2009-10-19,FEMALE,karthik.babu1@yahoo.com,9194874612,BATCH_26,CS,26CS081
Varun Malhotra,2005-05-16,FEMALE,varunmalhotra@gmail.com,9102252677,BATCH_23,CD,23CD089
Jyoti Pandey,2006-02-17,FEMALE,jyoti.pandey@hotmail.com,9877449924,BATCH_25,CD,25CD082
Nikhil Mohan,2010-07-08,FEMALE,nmohan@yahoo.com,9966694239,BATCH_27,CM,27CM094
Dhruv Babu,2006-05-28,FEMALE,dhruv_babu@yahoo.com,9766919530,BATCH_25,CD,25CD083
Lakshmi Sharma,2005-05-28,FEMALE,lakshmi.sharma55@gmail.com,9876230391,BATCH_23,CM,23CM079
Lakshmi Singh,2008-02-24,FEMALE,lakshmisingh@gmail.com,9516761662,BATCH_27,CM,27CM095
Pranav Chandra,2007-03-22,MALE,pranav.chandra80@yahoo.com,9709431521,BATCH_24,CC,24CC087
Aryan Babu,2004-07-17,MALE,aryanbabu@outlook.com,9367850898,BATCH_22,EC,22EC080
Ira Babu,2009-05-09,FEMALE,irababu492@gmail.com,9769029027,BATCH_27,CD,27CD095
Ishaan Mohan,2006-06-13,MALE,ishaan.mohan6@gmail.com,9296718839,BATCH_24,EE,24EE086
Jyoti Krishnan,2006-03-25,FEMALE,jyotikrishnan@gmail.com,9780272419,BATCH_24,CM,24CM078
Karthik Gupta,2006-01-12,MALE,karthik.gupta78@gmail.com,9272216317,BATCH_24,CC,24CC088
Aarav Gupta,2009-07-26,FEMALE,aarav_gupta@gmail.com,9240831952,BATCH_27,ME,27ME071
Manish Mohan,2008-10-15,MALE,manish_mohan@gmail.com,9634900197,BATCH_26,CS,26CS082
Vihaan Nair,2006-07-31,FEMALE,vihaan.nair18@gmail.com,9638602687,BATCH_24,CI,24CI084
Gauri Singh,2005-07-09,MALE,gauri_singh@outlook.com,9445770299,BATCH_24,EE,24EE087
Sanjay Menon,2008-09-21,OTHER,sanjay.menon72@gmail.com,9990098865,BATCH_26,CD,26CD085
Meera Mohan,2006-09-07,MALE,meera_mohan@gmail.com,9427979251,BATCH_23,ME,23ME093
Divya Yadav,2007-08-01,FEMALE,dyadav@gmail.com,9820432812,BATCH_24,CC,24CC089
Manish Kumar,2005-01-17,MALE,manish_kumar@yahoo.com,9369162887,BATCH_22,ME,22ME068
Uday Mishra,2005-10-14,MALE,udaymishra@outlook.com,9425611615,BATCH_23,CC,23CC077
Aditi Rani,2008-06-02,MALE,aditi.rani60@gmail.com,9251995290,BATCH_25,CC,25CC100
Aarav Verma,2007-10-01,MALE,aaravverma694@gmail.com,9726905947,BATCH_26,CI,26CI085
Aryan Menon,2006-12-14,FEMALE,aryan.menon@yahoo.com,9095790737,BATCH_24,EE,24EE088
Zoya Krishnan,2005-01-09,MALE,zoya.krishnan55@gmail.com,9564184937,BATCH_23,EC,23EC077
Yash Mohan,2008-11-12,FEMALE,yashmohan62@yahoo.com,9683825254,BATCH_26,CS,26CS083
Arjun Joshi,2010-05-08,MALE,arjun.joshi@gmail.com,9709718467,BATCH_27,CI,27CI093
Om Pandey,2008-01-03,FEMALE,ompandey810@hotmail.com,9489646528,BATCH_25,CS,25CS087
Aryan Joshi,2006-01-29,MALE,aryan.joshi@gmail.com,9609314173,BATCH_24,CC,24CC090
Rakesh Kapoor,2008-07-07,FEMALE,rakeshkapoor95@yahoo.com,9863638789,BATCH_26,CD,26CD086
Pranav Goud,2006-03-16,MALE,pranavgoud163@yahoo.com,9155001792,BATCH_23,CS,23CS074
Tarun Joshi,2004-10-04,MALE,tarun.joshi12@outlook.com,9218108864,BATCH_22,EE,22EE083
Vivaan Mohan,2004-06-09,MALE,vivaan.mohan25@gmail.com,9294930741,BATCH_22,EC,22EC081
Naveen Patel,2007-08-11,FEMALE,npatel@yahoo.com,9679899470,BATCH_26,CC,26CC082
Meera Chowdary,2009-09-20,MALE,meerachowdary@gmail.com,9498341345,BATCH_26,CD,26CD087
Varun Naidu,2007-05-24,OTHER,varunnaidu465@gmail.com,9151632956,BATCH_25,ME,25ME092
Nisha Singh,2008-12-02,FEMALE,nisha.singh95@yahoo.com,9634544344,BATCH_26,ME,26ME075
Meera Prasad,2007-08-30,MALE,meera_prasad@outlook.com,9371527330,BATCH_26,CD,26CD088
Meera Mishra,2005-03-16,MALE,meera.mishra@gmail.com,9864093223,BATCH_23,ME,23ME094
Isha Mishra,2004-02-18,FEMALE,ishamishra@gmail.com,9297724830,BATCH_22,ME,22ME069
Naveen Patel,2006-10-20,FEMALE,naveenpatel335@gmail.com,9932603861,BATCH_25,CM,25CM078
Pranav Mishra,2006-10-18,MALE,pranavmishra206@gmail.com,9129835844,BATCH_24,CD,24CD092
Arjun Naidu,2006-08-12,FEMALE,arjunnaidu889@outlook.com,9269072631,BATCH_24,CM,24CM079
Arjun Sharma,2009-11-17,FEMALE,arjunsharma@gmail.com,9418590332,BATCH_27,CS,27CS097
Sai Mohan,2003-05-21,FEMALE,saimohan27@gmail.com,9528315338,BATCH_22,CD,22CD079
Ishaan Desai,2009-04-29,FEMALE,ishaandesai@gmail.com,9349227770,BATCH_27,CM,27CM096
Reyansh Joshi,2007-05-29,MALE,reyansh_joshi@gmail.com,9556110022,BATCH_24,ME,24ME088
Ananya Pandey,2004-12-01,MALE,ananyapandey@outlook.com,9063377318,BATCH_22,ME,22ME070
Abhinav Prasad,2008-01-04,MALE,abhinavprasad@gmail.com,9808610572,BATCH_26,EE,26EE086
Rahul Prasad,2007-04-08,FEMALE,rahul_prasad@outlook.com,9982146584,BATCH_25,EE,25EE088
Sanjay Chandra,2007-09-10,MALE,sanjay.chandra57@gmail.com,9973259896,BATCH_26,CI,26CI086
Reyansh Naidu,2005-08-08,FEMALE,reyanshnaidu@gmail.com,9153939294,BATCH_23,CC,23CC078
Harini Rao,2005-07-16,FEMALE,harini.rao58@gmail.com,9529193056,BATCH_23,CI,23CI075
Rakesh Prasad,2005-07-14,MALE,rakeshprasad390@gmail.com,9205634111,BATCH_23,CD,23CD090
Vikram Patel,2007-04-29,MALE,vikrampatel@yahoo.com,9161408231,BATCH_25,EC,25EC099
Ira Iyer,2008-12-18,MALE,iraiyer742@gmail.com,9084382913,BATCH_26,CI,26CI087
Krishna Mohan,2005-02-10,MALE,krishna.mohan@gmail.com,9982630359,BATCH_23,CI,23CI076
Karthik Rao,2008-10-05,MALE,karthik_rao@outlook.com,9543767305,BATCH_26,EC,26EC082
Aarav Singh,2004-07-23,MALE,aaravsingh@yahoo.com,9866765640,BATCH_22,EE,22EE084
Ananya Goud,2004-10-01,MALE,ananyagoud819@gmail.com,9121840766,BATCH_22,CD,22CD080
Rahul Goud,2009-02-26,FEMALE,rahul.goud33@gmail.com,9534278932,BATCH_27,CI,27CI094
Om Verma,2005-05-21,FEMALE,om.verma49@gmail.com,9007467239,BATCH_24,CI,24CI085
Vihaan Chowdary,2006-12-07,FEMALE,vihaan.chowdary13@gmail.com,9922257164,BATCH_24,CI,24CI086
Chitra Malhotra,2009-04-21,FEMALE,chitramalhotra@outlook.com,9759686862,BATCH_27,CM,27CM097
Sanjay Naidu,2009-11-16,FEMALE,snaidu@hotmail.com,9418016959,BATCH_27,CM,27CM098
Ananya Iyer,2008-02-29,FEMALE,ananya_iyer@yahoo.com,9484268988,BATCH_26,EC,26EC083
Uday Mohan,2009-01-18,FEMALE,udaymohan47@yahoo.com,9571973238,BATCH_26,CS,26CS084
Aryan Desai,2006-05-23,MALE,aryan.desai67@gmail.com,9841232223,BATCH_25,EC,25EC100
Aarav Menon,2008-09-05,FEMALE,aaravmenon@yahoo.com,9103653476,BATCH_27,CM,27CM099
Aarav Iyer,2005-05-27,FEMALE,aarav_iyer@outlook.com,9309883920,BATCH_24,ME,24ME089
Meera Joshi,2007-04-15,MALE,meerajoshi430@gmail.com,9336796082,BATCH_26,CC,26CC083
Aarav Menon,2007-09-22,MALE,amenon@hotmail.com,9344744868,BATCH_24,CM,24CM080
Aryan Joshi,2006-01-06,MALE,aryanjoshi@gmail.com,9192686017,BATCH_24,CI,24CI087
Rakesh Prasad,2010-05-12,FEMALE,rakesh.prasad27@gmail.com,9998831206,BATCH_27,EC,27EC090
Sai Rani,2004-02-11,OTHER,sai_rani@gmail.com,9147882448,BATCH_22,EE,22EE085
Isha Patel,2005-12-12,FEMALE,isha.patel@gmail.com,9932281710,BATCH_24,CC,24CC091
Aditya Prasad,2005-05-14,FEMALE,adityaprasad@outlook.com,9757097414,BATCH_22,CD,22CD081
Gauri Yadav,2008-10-18,FEMALE,gauri.yadav6@outlook.com,9978545550,BATCH_26,CD,26CD089
Riya Naidu,2006-03-28,MALE,riyanaidu@yahoo.com,9123720550,BATCH_23,EC,23EC078
Esha Menon,2006-06-15,FEMALE,esha.menon@gmail.com,9449481260,BATCH_24,ME,24ME090
Varun Malhotra,2009-04-23,FEMALE,varun.malhotra9@gmail.com,9739977041,BATCH_27,ME,27ME072
Reyansh Devi,2004-12-20,MALE,reyanshdevi877@gmail.com,9233655081,BATCH_23,ME,23ME095
Reyansh Kumar,2003-11-17,MALE,reyansh.kumar@gmail.com,9269360997,BATCH_22,CS,22CS079
Bhavya Prasad,2009-12-10,MALE,bhavyaprasad@gmail.com,9274692118,BATCH_26,ME,26ME076
Rakesh Raju,2006-06-22,FEMALE,rakeshraju375@gmail.com,9456515414,BATCH_24,CS,24CS071
Varun Goud,2005-10-24,MALE,varun.goud13@gmail.com,9893687017,BATCH_22,CS,22CS080
Lakshmi Raju,2007-05-13,MALE,lakshmiraju@yahoo.com,9101194707,BATCH_25,CS,25CS088
Chitra Joshi,2005-07-23,MALE,chitra.joshi@gmail.com,9132730346,BATCH_24,EE,24EE089
Pranav Pillai,2008-07-06,MALE,pranav_pillai@yahoo.com,9851743280,BATCH_25,CS,25CS089
Jyoti Gupta,2006-10-22,FEMALE,jyotigupta@outlook.com,9113599660,BATCH_23,CM,23CM080
Varun Singh,2007-04-11,FEMALE,varun_singh@gmail.com,9931856654,BATCH_26,EC,26EC084
Pranav Babu,2006-02-19,FEMALE,pranavbabu685@gmail.com,9430252002,BATCH_24,CC,24CC092
Vihaan Verma,2008-03-14,FEMALE,vihaan_verma@gmail.com,9156670191,BATCH_26,EC,26EC085
Jyoti Desai,2005-09-15,FEMALE,jyoti.desai17@yahoo.com,9127888901,BATCH_23,EE,23EE084
Zoya Gupta,2009-03-23,MALE,zgupta@gmail.com,9558627788,BATCH_27,CC,27CC079
Dhruv Nair,2006-03-26,MALE,dhruv.nair5@outlook.com,9356540307,BATCH_25,CD,25CD084
Ishaan Raju,2004-02-26,MALE,ishaan.raju@gmail.com,9738364285,BATCH_22,ME,22ME071
Bhavya Devi,2010-06-07,MALE,bhavyadevi@gmail.com,9232758881,BATCH_27,CM,27CM100
Varun Nair,2005-12-12,FEMALE,varunnair12@gmail.com,9125802562,BATCH_24,EC,24EC075
Ira Rao,2010-08-17,MALE,irarao193@gmail.com,9488241833,BATCH_27,CD,27CD096
Priya Goud,2009-05-16,FEMALE,priyagoud465@gmail.com,9206214024,BATCH_26,EE,26EE087
Kabir Pillai,2006-10-22,FEMALE,kabir_pillai@gmail.com,9281615814,BATCH_25,CS,25CS090
Vihaan Singh,2009-01-22,MALE,vihaan_singh@gmail.com,9936130144,BATCH_27,CI,27CI095
Siddharth Patel,2005-10-25,MALE,siddharth.patel24@gmail.com,9333571768,BATCH_24,CS,24CS072
Om Prasad,2004-12-08,MALE,om.prasad@yahoo.com,9178535633,BATCH_22,CM,22CM079
Naveen Mohan,2007-05-24,FEMALE,naveenmohan782@gmail.com,9692434354,BATCH_25,CD,25CD085
Zoya Goud,2008-03-27,FEMALE,zoya.goud@gmail.com,9342322309,BATCH_26,CD,26CD090
Sanya Malhotra,2009-05-20,FEMALE,sanyamalhotra@hotmail.com,9726426121,BATCH_26,ME,26ME077
Ishaan Prasad,2006-10-11,MALE,ishaanprasad124@hotmail.com,9312096714,BATCH_23,ME,23ME096
Kabir Patel,2009-06-08,MALE,kabir_patel@yahoo.com,9603023121,BATCH_27,CM,27CM101
Manish Kumar,2005-01-15,MALE,manish.kumar@gmail.com,9745553470,BATCH_23,CM,23CM081
Isha Babu,2004-08-16,MALE,isha.babu65@hotmail.com,9210119620,BATCH_22,ME,22ME072
Rakesh Mohan,2006-09-01,FEMALE,rakeshmohan@outlook.com,9880143122,BATCH_23,CI,23CI077
Riya Gupta,2007-08-29,MALE,riya.gupta@outlook.com,9675983326,BATCH_26,CC,26CC084
Dhruv Rani,2009-12-20,FEMALE,dhruvrani363@gmail.com,9737851393,BATCH_27,EC,27EC091
Aarav Iyer,2007-11-29,MALE,aaraviyer577@gmail.com,9738113370,BATCH_25,EC,25EC101
Bhavya Naidu,2006-09-09,MALE,bhavyanaidu372@gmail.com,9274105915,BATCH_25,ME,25ME093
Tanvi Joshi,2008-02-24,FEMALE,tanvi_joshi@gmail.com,9160204181,BATCH_26,ME,26ME078
Nikhil Verma,2006-07-31,FEMALE,nikhilverma170@gmail.com,9890030102,BATCH_24,EE,24EE090
Zoya Raju,2009-11-17,FEMALE,zoyaraju734@gmail.com,9137743403,BATCH_27,CI,27CI096
Dhruv Chandra,2007-09-02,FEMALE,dhruvchandra@outlook.com,9402234614,BATCH_26,CC,26CC085
Varun Babu,2007-05-19,MALE,varun.babu52@gmail.com,9282359848,BATCH_25,CM,25CM079
Uday Rao,2005-05-08,MALE,uday.rao54@outlook.com,9373992016,BATCH_22,ME,22ME073
Tarun Malhotra,2003-09-02,FEMALE,tarun_malhotra@gmail.com,9099845220,BATCH_22,EE,22EE086
Kavya Desai,2006-12-08,OTHER,kavyadesai726@gmail.com,9584383569,BATCH_25,CD,25CD086
Aryan Devi,2010-08-25,FEMALE,aryandevi946@gmail.com,9165359553,BATCH_27,CI,27CI097
Karthik Chandra,2008-08-29,MALE,karthik.chandra9@gmail.com,9971302715,BATCH_26,CI,26CI088
Rakesh Gupta,2008-09-14,MALE,rakeshgupta@gmail.com,9870432080,BATCH_26,CD,26CD091
Diya Singh,2004-11-21,FEMALE,diyasingh@yahoo.com,9149034794,BATCH_22,ME,22ME074
Harini Mishra,2005-03-15,FEMALE,harini.mishra@gmail.com,9572734689,BATCH_23,CC,23CC079
Kabir Joshi,2006-06-10,MALE,kabir.joshi36@gmail.com,9327877470,BATCH_25,EE,25EE089
Aarav Chandra,2003-02-10,FEMALE,aaravchandra@gmail.com,9257378210,BATCH_22,CD,22CD082
Diya Patel,2004-07-20,MALE,diya_patel@gmail.com,9862498267,BATCH_22,ME,22ME075
Dhruv Raju,2005-01-23,FEMALE,dhruv.raju@yahoo.com,9033423425,BATCH_23,CD,23CD091
Vihaan Naidu,2008-02-21,MALE,vihaannaidu106@gmail.com,9721998982,BATCH_26,CI,26CI089
Chitra Mohan,2005-02-07,MALE,chitra_mohan@gmail.com,9256374762,BATCH_23,CI,23CI078
Harini Devi,2009-02-07,FEMALE,harinidevi761@outlook.com,9340335978,BATCH_27,CS,27CS098
Nisha Reddy,2003-10-20,FEMALE,nisha_reddy@gmail.com,9819209382,BATCH_22,CD,22CD083
Abhinav Iyer,2008-05-26,FEMALE,abhinav.iyer@outlook.com,9319754239,BATCH_26,CD,26CD092
Sanya Chandra,2007-10-25,MALE,sanya.chandra55@gmail.com,9832482629,BATCH_25,CS,25CS091
Vikram Patel,2007-11-24,FEMALE,vikram.patel@yahoo.com,9749294499,BATCH_25,EC,25EC102
Aarav Malhotra,2009-04-06,MALE,aaravmalhotra618@gmail.com,9728986832,BATCH_26,CM,26CM078
Pranav Chandra,2008-08-20,OTHER,pchandra@outlook.com,9818077949,BATCH_26,CS,26CS085
Jyoti Pandey,2006-06-19,FEMALE,jyoti.pandey90@gmail.com,9319651644,BATCH_24,CI,24CI088
Meera Naidu,2009-04-19,FEMALE,meera_naidu@gmail.com,9237603567,BATCH_27,EC,27EC092
Isha Yadav,2006-10-07,FEMALE,isha_yadav@outlook.com,9087564505,BATCH_25,EC,25EC103
Sai Chowdary,2006-10-31,MALE,schowdary@gmail.com,9795453817,BATCH_25,CS,25CS092
Arjun Malhotra,2005-01-21,FEMALE,arjun.malhotra@outlook.com,9223804534,BATCH_23,CC,23CC080
Ananya Patel,2008-10-27,MALE,ananyapatel249@gmail.com,9233892516,BATCH_26,CI,26CI090
Aarav Chowdary,2007-05-09,OTHER,aarav_chowdary@gmail.com,9347296932,BATCH_26,CI,26CI091
Kabir Nair,2010-06-21,MALE,kabirnair500@gmail.com,9432260278,BATCH_27,EC,27EC093
Tanvi Menon,2008-06-09,FEMALE,tanvimenon385@gmail.com,9796194238,BATCH_25,CM,25CM080
Nikhil Desai,2005-01-13,FEMALE,nikhil.desai@gmail.com,9191530573,BATCH_23,EC,23EC079
Kabir Rani,2005-02-27,FEMALE,kabir.rani@gmail.com,9320313310,BATCH_23,CI,23CI079
Esha Patel,2007-03-04,MALE,esha_patel@gmail.com,9116271435,BATCH_25,ME,25ME094
Krishna Nair,2005-06-15,MALE,krishnanair926@gmail.com,9206506373,BATCH_23,CD,23CD092
Ira Pandey,2004-06-19,MALE,ira_pandey@gmail.com,9745104848,BATCH_22,EC,22EC082
Vikram Desai,2009-04-16,FEMALE,vikram.desai57@gmail.com,9066700599,BATCH_27,CC,27CC080
Meera Menon,2008-08-04,MALE,meera.menon67@gmail.com,9067415144,BATCH_26,CM,26CM079
Diya Iyer,2006-05-29,OTHER,diya.iyer81@yahoo.com,9335784370,BATCH_24,CC,24CC093
Gauri Mohan,2004-08-20,FEMALE,gaurimohan222@gmail.com,9852474420,BATCH_22,EC,22EC083
Varun Kumar,2005-02-23,FEMALE,varun.kumar@gmail.com,9056974132,BATCH_24,EE,24EE091
Tanvi Desai,2005-01-16,FEMALE,tanvi.desai@gmail.com,9720811556,BATCH_23,CD,23CD093
Aryan Prasad,2007-08-21,FEMALE,aprasad@yahoo.com,9145211175,BATCH_25,CS,25CS093
Abhinav Devi,2004-08-29,MALE,abhinav.devi32@gmail.com,9374189721,BATCH_23,CM,23CM082
Lakshmi Malhotra,2004-10-06,FEMALE,lmalhotra@yahoo.com,9136833652,BATCH_22,ME,22ME076
Bhavya Reddy,2009-11-03,FEMALE,bhavyareddy@hotmail.com,9342718669,BATCH_27,CC,27CC081
Om Naidu,2006-05-30,FEMALE,omnaidu885@gmail.com,9776958741,BATCH_24,EE,24EE092
Vivaan Reddy,2005-12-04,FEMALE,vivaanreddy@gmail.com,9845240321,BATCH_23,EC,23EC080
Kabir Singh,2005-01-09,MALE,kabir_singh@outlook.com,9644111973,BATCH_23,EC,23EC081
Aditi Mishra,2007-12-24,MALE,aditimishra@gmail.com,9682258858,BATCH_26,CS,26CS086
Kabir Babu,2009-02-21,FEMALE,kabir.babu40@gmail.com,9029158511,BATCH_26,CS,26CS087
Aarav Malhotra,2006-01-15,FEMALE,aarav.malhotra64@gmail.com,9892290641,BATCH_24,CD,24CD093
Gauri Desai,2004-04-27,FEMALE,gauri_desai@gmail.com,9356559488,BATCH_22,ME,22ME077
Uday Prasad,2009-11-26,MALE,uday_prasad@gmail.com,9108945207,BATCH_27,ME,27ME073
Abhinav Pillai,2008-09-09,MALE,abhinav.pillai@yahoo.com,9520156914,BATCH_26,CS,26CS088
Aarav Singh,2004-07-07,FEMALE,aaravsingh318@gmail.com,9826328094,BATCH_23,CM,23CM083
Bhavya Patel,2005-08-24,MALE,bhavyapatel304@yahoo.com,9495421062,BATCH_23,EC,23EC082
Om Chandra,2004-02-26,OTHER,ochandra@gmail.com,9907499216,BATCH_23,EC,23EC083
Aarav Chandra,2004-09-14,MALE,aaravchandra93@gmail.com,9004598893,BATCH_23,CI,23CI080
Uday Chandra,2006-08-08,FEMALE,uday_chandra@outlook.com,9965328710,BATCH_25,EE,25EE090
Diya Chandra,2006-12-21,MALE,diya_chandra@gmail.com,9265090128,BATCH_24,CC,24CC094
Nisha Singh,2009-11-20,OTHER,nisha_singh@gmail.com,9825690287,BATCH_27,CD,27CD097
Priya Gupta,2003-05-28,MALE,priya.gupta11@gmail.com,9648707078,BATCH_22,ME,22ME078
Sanjay Malhotra,2009-04-17,FEMALE,sanjaymalhotra@outlook.com,9664277421,BATCH_27,CS,27CS099
Sanya Kumar,2008-11-06,MALE,sanya.kumar36@gmail.com,9113798304,BATCH_27,CC,27CC082
Siddharth Patel,2008-11-18,MALE,siddharth.patel89@gmail.com,9474369390,BATCH_26,CM,26CM080
Jyoti Rao,2009-12-05,FEMALE,jyoti.rao@gmail.com,9018101290,BATCH_27,EE,27EE074
Riya Babu,2009-06-18,FEMALE,riyababu879@gmail.com,9964950185,BATCH_27,CS,27CS100
Jyoti Devi,2009-06-23,MALE,jyotidevi425@gmail.com,9538846975,BATCH_26,EE,26EE088
Vivaan Gupta,2006-03-09,FEMALE,vivaan.gupta73@gmail.com,9314290018,BATCH_23,CD,23CD094
Esha Mishra,2008-04-18,MALE,esha.mishra67@gmail.com,9680729661,BATCH_26,CS,26CS089
Bhavya Pillai,2006-11-05,MALE,bhavya_pillai@gmail.com,9366735216,BATCH_24,EC,24EC076
Vihaan Devi,2004-04-28,MALE,vihaan.devi47@yahoo.com,9097669194,BATCH_22,CC,22CC075
Kavya Nair,2006-04-18,MALE,kavyanair328@gmail.com,9016725073,BATCH_23,ME,23ME097
Isha Desai,2008-07-01,MALE,isha_desai@gmail.com,9711784440,BATCH_25,ME,25ME095
Manish Menon,2007-01-21,MALE,manishmenon253@outlook.com,9717809886,BATCH_26,CD,26CD093
Abhinav Raju,2009-08-09,FEMALE,abhinavraju940@gmail.com,9062037602,BATCH_27,EC,27EC094
Kabir Pandey,2006-12-28,MALE,kabir.pandey@yahoo.com,9940128974,BATCH_24,EE,24EE093
Rakesh Chowdary,2006-12-06,MALE,rchowdary@yahoo.com,9917920252,BATCH_23,CD,23CD095
Rohan Joshi,2006-04-12,FEMALE,rohanjoshi661@gmail.com,9589298808,BATCH_23,CM,23CM084
Sanjay Desai,2008-05-09,FEMALE,sanjay_desai@outlook.com,9587166393,BATCH_26,EC,26EC086
Tarun Yadav,2005-01-05,MALE,tarunyadav472@gmail.com,9489267389,BATCH_23,CD,23CD096
Harini Goud,2004-04-29,FEMALE,harini.goud@gmail.com,9525789066,BATCH_23,ME,23ME098
Nisha Sharma,2007-04-12,FEMALE,nishasharma23@hotmail.com,9644995143,BATCH_25,ME,25ME096
Isha Raju,2009-08-09,FEMALE,isha.raju84@gmail.com,9771853601,BATCH_26,CM,26CM081
Gauri Sharma,2008-10-12,MALE,gsharma@outlook.com,9726176072,BATCH_25,CI,25CI085
Isha Sharma,2009-06-03,FEMALE,ishasharma283@gmail.com,9502814353,BATCH_26,CC,26CC086
Divya Chandra,2008-01-28,FEMALE,divyachandra29@gmail.com,9050735353,BATCH_26,CD,26CD094
Arjun Singh,2008-09-19,MALE,arjunsingh@gmail.com,9569103934,BATCH_27,CD,27CD098
Reyansh Mishra,2009-07-18,MALE,reyansh.mishra28@hotmail.com,9526642673,BATCH_26,CC,26CC087
Harini Naidu,2009-07-30,MALE,harininaidu@gmail.com,9347016541,BATCH_26,EE,26EE089
Pranav Joshi,2003-12-22,MALE,pranav.joshi66@gmail.com,9987605504,BATCH_22,CC,22CC076
Siddharth Malhotra,2004-08-28,MALE,siddharthmalhotra698@gmail.com,9297027864,BATCH_22,CM,22CM080
Tarun Joshi,2006-01-17,FEMALE,tarunjoshi995@gmail.com,9192370266,BATCH_23,CS,23CS075
Tanvi Reddy,2006-03-30,FEMALE,tanvireddy367@gmail.com,9441233613,BATCH_24,EE,24EE094
Isha Iyer,2005-06-07,FEMALE,isha.iyer@gmail.com,9159597752,BATCH_23,CM,23CM085
Kabir Pillai,2006-05-03,MALE,kabirpillai166@gmail.com,9006319106,BATCH_24,CD,24CD094
Aditya Rani,2005-07-31,MALE,adityarani@yahoo.com,9209014473,BATCH_23,CM,23CM086
Dhruv Chandra,2006-08-27,MALE,dhruv.chandra@gmail.com,9604096262,BATCH_24,CI,24CI089
Tanvi Raju,2005-05-21,MALE,tanvi.raju13@gmail.com,9633246568,BATCH_23,CC,23CC081
Sanjay Desai,2005-05-26,FEMALE,sanjay.desai88@gmail.com,9725426541,BATCH_23,CC,23CC082
Divya Raju,2006-10-23,FEMALE,divya_raju@gmail.com,9876816051,BATCH_24,CD,24CD095
Nikhil Verma,2006-11-04,MALE,nikhilverma@gmail.com,9314939282,BATCH_24,CS,24CS073
Rakesh Pillai,2009-12-11,FEMALE,rakesh.pillai@yahoo.com,9997936872,BATCH_27,CS,27CS101
Manish Singh,2006-11-13,MALE,manishsingh@gmail.com,9690019233,BATCH_24,CD,24CD096
Chitra Pandey,2009-08-13,OTHER,chitra.pandey@gmail.com,9556517394,BATCH_26,CD,26CD095
Rohan Naidu,2006-03-20,MALE,rohannaidu97@gmail.com,9462095200,BATCH_23,CD,23CD097
Aditi Mohan,2008-02-01,MALE,aditimohan63@gmail.com,9047941232,BATCH_27,CC,27CC083
Sanjay Iyer,2008-11-17,FEMALE,sanjay.iyer@gmail.com,9020304232,BATCH_26,ME,26ME079
Nisha Malhotra,2006-05-15,FEMALE,nisha.malhotra@hotmail.com,9133373125,BATCH_25,CI,25CI086
Naveen Patel,2009-09-29,MALE,naveenpatel29@gmail.com,9980017696,BATCH_27,EE,27EE075
Arjun Kumar,2008-07-14,FEMALE,arjunkumar@gmail.com,9810562506,BATCH_26,CD,26CD096
Jyoti Gupta,2006-04-10,MALE,jyotigupta@gmail.com,9884366044,BATCH_23,CM,23CM087
Aditya Babu,2008-06-19,FEMALE,adityababu100@gmail.com,9701840943,BATCH_25,CS,25CS094
Nisha Goud,2009-06-16,MALE,nisha.goud23@gmail.com,9104946173,BATCH_27,CM,27CM102
Rahul Naidu,2006-05-12,FEMALE,rahulnaidu182@yahoo.com,9303183933,BATCH_23,CC,23CC083
Bhavya Nair,2007-06-15,FEMALE,bhavyanair32@gmail.com,9043260590,BATCH_26,CS,26CS090
Rakesh Raju,2005-07-07,FEMALE,rakesh.raju@gmail.com,9638028521,BATCH_24,CC,24CC095
Aryan Chowdary,2008-04-30,FEMALE,aryan_chowdary@yahoo.com,9847098192,BATCH_26,EC,26EC087
Ishaan Nair,2004-09-30,MALE,ishaannair185@gmail.com,9647026016,BATCH_22,CI,22CI085
Sanjay Mishra,2006-12-19,FEMALE,sanjaymishra@gmail.com,9822387940,BATCH_23,EC,23EC084
Arjun Raju,2009-01-18,FEMALE,arjun_raju@gmail.com,9566880316,BATCH_27,CC,27CC084
Lakshmi Pandey,2006-03-28,FEMALE,lakshmi.pandey85@outlook.com,9646271675,BATCH_24,CC,24CC096
Ishaan Krishnan,2009-05-12,FEMALE,ishaankrishnan685@yahoo.com,9260713391,BATCH_26,EC,26EC088
Varun Sharma,2009-03-30,MALE,varunsharma@gmail.com,9801680732,BATCH_27,EC,27EC095
Naveen Chowdary,2009-09-27,FEMALE,naveen.chowdary63@gmail.com,9492725452,BATCH_27,EC,27EC096
Harini Prasad,2010-10-30,MALE,harini.prasad8@gmail.com,9925751171,BATCH_27,CD,27CD099
Lakshmi Kapoor,2008-12-17,OTHER,lakshmikapoor725@yahoo.com,9107932265,BATCH_25,EC,25EC104
Meera Kapoor,2006-01-17,FEMALE,mkapoor@gmail.com,9464989319,BATCH_25,CS,25CS095
Vihaan Raju,2004-04-12,FEMALE,vihaanraju577@gmail.com,9707471314,BATCH_22,CD,22CD084
Sanjay Sharma,2006-02-21,FEMALE,sanjaysharma404@yahoo.com,9748383612,BATCH_23,ME,23ME099
Priya Raju,2004-05-26,MALE,priya.raju37@gmail.com,9827220069,BATCH_22,CM,22CM081
Tarun Reddy,2006-01-09,MALE,treddy@yahoo.com,9989893961,BATCH_23,CS,23CS076
Tanvi Chandra,2005-12-18,FEMALE,tanvi.chandra@gmail.com,9361794964,BATCH_23,CC,23CC084
Arjun Joshi,2008-01-29,MALE,arjun_joshi@gmail.com,9577677192,BATCH_26,CM,26CM082
Sanya Verma,2006-09-04,FEMALE,sanya.verma79@gmail.com,9536264752,BATCH_23,EC,23EC085
Om Desai,2004-11-10,FEMALE,odesai@hotmail.com,9472915515,BATCH_23,EE,23EE085
Dhruv Rani,2006-10-30,MALE,dhruv.rani@gmail.com,9885472812,BATCH_24,EE,24EE095
Karthik Krishnan,2007-07-08,FEMALE,karthikkrishnan315@gmail.com,9784765054,BATCH_26,EE,26EE090
Aarav Kumar,2006-10-08,MALE,aaravkumar@yahoo.com,9851027261,BATCH_24,ME,24ME091
Siddharth Kumar,2005-07-24,MALE,siddharthkumar50@gmail.com,9859222200,BATCH_24,EC,24EC077
Vikram Sharma,2007-03-13,FEMALE,vikramsharma@gmail.com,9344677952,BATCH_25,CC,25CC101
Nikhil Singh,2010-08-22,OTHER,nikhil.singh69@gmail.com,9721871634,BATCH_27,EE,27EE076
Ira Malhotra,2005-08-10,MALE,iramalhotra@yahoo.com,9568546834,BATCH_24,CM,24CM081
Naveen Yadav,2008-11-03,FEMALE,naveen.yadav@gmail.com,9874932039,BATCH_26,CS,26CS091
Sanjay Devi,2005-11-22,FEMALE,sanjaydevi@outlook.com,9816704686,BATCH_23,CM,23CM088
Reyansh Raju,2008-12-05,FEMALE,reyansh.raju@outlook.com,9800458724,BATCH_25,EC,25EC105
Divya Rani,2005-11-02,FEMALE,divyarani212@yahoo.com,9752851329,BATCH_22,EE,22EE087
Jyoti Rani,2004-09-10,FEMALE,jyoti.rani2@gmail.com,9594434852,BATCH_22,EC,22EC084
Nikhil Babu,2007-09-17,MALE,nikhil_babu@gmail.com,9107082408,BATCH_25,ME,25ME097
Ishaan Gupta,2005-06-06,MALE,ishaan_gupta@gmail.com,9210447898,BATCH_24,ME,24ME092
Bhavya Devi,2004-09-19,MALE,bhavyadevi@hotmail.com,9918245537,BATCH_22,CD,22CD085
Uday Prasad,2008-04-16,FEMALE,udayprasad@gmail.com,9959360194,BATCH_26,CM,26CM083
Tanvi Pandey,2004-11-13,MALE,tpandey@gmail.com,9150785931,BATCH_23,CD,23CD098
Lakshmi Sharma,2005-10-16,FEMALE,lakshmisharma697@gmail.com,9375638856,BATCH_23,CS,23CS077
Vikram Goud,2004-09-01,FEMALE,vikramgoud@yahoo.com,9010377565,BATCH_22,EE,22EE088
Aditi Chandra,2005-09-19,MALE,aditi_chandra@outlook.com,9379398593,BATCH_24,CD,24CD097
Riya Desai,2004-12-09,MALE,riya.desai2@gmail.com,9543005368,BATCH_22,ME,22ME079
Uday Menon,2008-08-14,MALE,uday.menon25@gmail.com,9843003987,BATCH_26,CS,26CS092
Esha Mishra,2004-07-31,MALE,esha.mishra2@gmail.com,9467263681,BATCH_22,CC,22CC077
Ishaan Raju,2004-05-07,FEMALE,ishaan.raju99@gmail.com,9746122070,BATCH_23,CS,23CS078
Aarav Naidu,2005-10-03,FEMALE,aaravnaidu@gmail.com,9823979708,BATCH_24,CI,24CI090
Nisha Rani,2005-03-22,FEMALE,nisha.rani33@outlook.com,9025342386,BATCH_23,CC,23CC085
Tarun Iyer,2009-07-11,MALE,taruniyer292@gmail.com,9356287245,BATCH_26,EC,26EC089
Ananya Rani,2004-02-15,MALE,ananya.rani98@gmail.com,9685845369,BATCH_22,CS,22CS081
Gauri Malhotra,2008-03-31,MALE,gauri.malhotra@outlook.com,9282102152,BATCH_26,CI,26CI092
Vikram Gupta,2004-09-14,FEMALE,vikramgupta@gmail.com,9766342833,BATCH_22,EE,22EE089
Tanvi Pandey,2008-08-07,FEMALE,tanvi.pandey5@gmail.com,9585783756,BATCH_27,CC,27CC085
Rahul Nair,2006-03-27,MALE,rahul.nair30@gmail.com,9179583220,BATCH_24,CM,24CM082
Tarun Gupta,2005-01-01,FEMALE,tarungupta@gmail.com,9276309015,BATCH_22,CD,22CD086
Aditya Sharma,2004-03-12,FEMALE,adityasharma@gmail.com,9518868905,BATCH_22,CD,22CD087
Vikram Nair,2006-01-03,FEMALE,vikramnair43@gmail.com,9165487657,BATCH_24,CI,24CI091
Zoya Desai,2008-04-16,MALE,zoyadesai@yahoo.com,9266421476,BATCH_25,CS,25CS096
Aditya Devi,2005-12-08,FEMALE,aditya.devi@yahoo.com,9378385263,BATCH_23,CI,23CI081
Rohan Malhotra,2004-02-01,MALE,rohan_malhotra@outlook.com,9205089830,BATCH_22,CC,22CC078
Arjun Devi,2004-04-08,MALE,arjundevi@outlook.com,9411461331,BATCH_22,EC,22EC085
Sanjay Babu,2007-06-22,MALE,sanjay.babu8@outlook.com,9452267528,BATCH_24,ME,24ME093
Riya Nair,2008-02-24,OTHER,riyanair@gmail.com,9230532526,BATCH_27,ME,27ME074
Isha Raju,2006-05-21,MALE,isha.raju25@gmail.com,9469459648,BATCH_24,EE,24EE096
Harini Singh,2009-07-03,MALE,harinisingh72@gmail.com,9018005440,BATCH_27,CI,27CI098
Arjun Patel,2004-09-08,FEMALE,arjunpatel@gmail.com,9703893136,BATCH_22,CS,22CS082
Varun Kapoor,2004-01-19,FEMALE,varun.kapoor41@gmail.com,9834062629,BATCH_22,CS,22CS083
Ishaan Reddy,2004-01-13,FEMALE,ishaan_reddy@gmail.com,9909594444,BATCH_23,CI,23CI082
Nisha Gupta,2007-04-24,MALE,nisha.gupta@gmail.com,9882176484,BATCH_26,ME,26ME080
Sai Krishnan,2008-07-13,MALE,sai.krishnan@gmail.com,9794959368,BATCH_27,CS,27CS102
Arjun Devi,2005-11-27,MALE,arjundevi788@gmail.com,9460569274,BATCH_24,EC,24EC078
Krishna Chandra,2004-12-06,MALE,krishnachandra781@gmail.com,9754317067,BATCH_22,CD,22CD088
Ira Singh,2004-08-04,MALE,ira.singh3@gmail.com,9184462671,BATCH_23,CD,23CD099
Vivaan Krishnan,2005-07-22,FEMALE,vivaan_krishnan@outlook.com,9354692326,BATCH_24,CC,24CC097
Sanya Prasad,2008-04-15,FEMALE,sanya.prasad50@gmail.com,9342720388,BATCH_26,ME,26ME081
Diya Kumar,2005-05-31,OTHER,diya.kumar45@gmail.com,9456935835,BATCH_23,CS,23CS079
Diya Singh,2005-06-12,FEMALE,diyasingh466@gmail.com,9411659726,BATCH_23,CM,23CM089
Aarav Rani,2005-12-03,FEMALE,aarav_rani@outlook.com,9886182561,BATCH_24,EC,24EC079
Jyoti Naidu,2004-08-14,MALE,jyoti.naidu23@gmail.com,9938573594,BATCH_22,CM,22CM082
Gauri Mishra,2005-02-05,MALE,gmishra@hotmail.com,9290631479,BATCH_22,CM,22CM083
Varun Prasad,2003-10-25,FEMALE,varun.prasad@gmail.com,9674507162,BATCH_22,CS,22CS084
Diya Mohan,2004-11-19,MALE,diyamohan901@gmail.com,9411680691,BATCH_22,CC,22CC079
Karthik Nair,2009-09-18,MALE,knair@outlook.com,9617110696,BATCH_27,ME,27ME075
Vivaan Kapoor,2006-11-07,FEMALE,vivaan.kapoor52@gmail.com,9798013472,BATCH_24,CC,24CC098
Ira Patel,2007-05-26,MALE,ira.patel58@gmail.com,9090742608,BATCH_24,EE,24EE097
Vivaan Prasad,2004-08-25,MALE,vivaan.prasad44@gmail.com,9156478370,BATCH_23,EC,23EC086
Tanvi Iyer,2003-06-20,OTHER,tanviiyer@gmail.com,9381013611,BATCH_22,EE,22EE090
Aditya Menon,2003-01-28,FEMALE,adityamenon@gmail.com,9086665815,BATCH_22,CS,22CS085
Esha Yadav,2007-09-30,FEMALE,eshayadav676@outlook.com,9678950139,BATCH_26,CS,26CS093
Esha Naidu,2006-05-14,FEMALE,esha.naidu60@gmail.com,9670997850,BATCH_24,CC,24CC099
Ananya Raju,2006-04-06,OTHER,ananya.raju40@gmail.com,9842767741,BATCH_25,CM,25CM081
Rakesh Krishnan,2005-12-10,MALE,rakesh.krishnan14@gmail.com,9476595440,BATCH_22,CS,22CS086
Yash Malhotra,2007-01-24,MALE,yash.malhotra@gmail.com,9721624742,BATCH_25,EC,25EC106
Sanya Rao,2006-04-18,MALE,sanya.rao44@gmail.com,9826460917,BATCH_24,EE,24EE098
Diya Desai,2009-07-26,MALE,diya.desai56@outlook.com,9991558593,BATCH_26,CS,26CS094
Uday Sharma,2007-09-25,FEMALE,udaysharma396@gmail.com,9394764612,BATCH_25,EC,25EC107
Diya Desai,2009-10-28,MALE,ddesai@gmail.com,9509443604,BATCH_27,ME,27ME076
Siddharth Malhotra,2007-10-15,FEMALE,siddharth.malhotra20@gmail.com,9917284584,BATCH_24,CD,24CD098
Aryan Singh,2009-10-09,MALE,aryan.singh26@gmail.com,9747788407,BATCH_27,CC,27CC086
Vihaan Iyer,2006-03-04,FEMALE,vihaaniyer@gmail.com,9048114681,BATCH_24,CS,24CS074
Nisha Chowdary,2005-08-20,FEMALE,nishachowdary324@yahoo.com,9767555628,BATCH_23,CM,23CM090
Lakshmi Pillai,2006-12-06,MALE,lpillai@outlook.com,9290350061,BATCH_23,EC,23EC087
Pranav Mohan,2007-05-01,MALE,pranav.mohan@gmail.com,9601099931,BATCH_25,ME,25ME098
Diya Rani,2005-05-15,MALE,diya.rani@yahoo.com,9288118462,BATCH_23,CS,23CS080
Yash Yadav,2009-10-15,FEMALE,yash.yadav@outlook.com,9674564431,BATCH_27,EC,27EC097
Aditi Malhotra,2004-06-16,MALE,aditimalhotra@gmail.com,9188513636,BATCH_23,ME,23ME100
Aryan Menon,2006-06-19,FEMALE,aryan.menon@hotmail.com,9696443098,BATCH_24,EE,24EE099
Sanya Mohan,2007-07-14,FEMALE,sanya.mohan41@gmail.com,9571689621,BATCH_26,CM,26CM084
Chitra Raju,2008-12-21,FEMALE,chitra_raju@gmail.com,9667709521,BATCH_25,ME,25ME099
Vikram Pillai,2007-07-01,FEMALE,vikrampillai@gmail.com,9012291535,BATCH_25,CM,25CM082
Bhavya Goud,2005-09-09,FEMALE,bhavyagoud546@gmail.com,9677513877,BATCH_23,CC,23CC086
Dhruv Chowdary,2005-06-27,FEMALE,dchowdary@gmail.com,9783517983,BATCH_23,CC,23CC087
Sanya Rani,2007-06-11,MALE,sanyarani@gmail.com,9242443102,BATCH_24,CI,24CI092
Manish Iyer,2009-02-22,MALE,manishiyer@hotmail.com,9702729355,BATCH_26,EE,26EE091
Diya Kumar,2007-09-01,FEMALE,diya.kumar@outlook.com,9429828037,BATCH_24,CS,24CS075
Uday Babu,2007-09-17,MALE,uday.babu49@gmail.com,9598771573,BATCH_25,CM,25CM083
Vivaan Devi,2007-04-17,FEMALE,vivaandevi21@gmail.com,9445397508,BATCH_25,CM,25CM084
Kabir Babu,2004-08-11,FEMALE,kabir.babu47@gmail.com,9167336605,BATCH_22,EE,22EE091
Rahul Nair,2004-01-14,FEMALE,rahul.nair@gmail.com,9397886304,BATCH_22,EE,22EE092
Sai Kumar,2008-12-26,MALE,sai_kumar@hotmail.com,9862170087,BATCH_26,CI,26CI093
Abhinav Sharma,2005-03-01,MALE,abhinav_sharma@outlook.com,9559967256,BATCH_23,EC,23EC088
Naveen Sharma,2007-07-20,MALE,naveen_sharma@gmail.com,9102811117,BATCH_24,CS,24CS076
Om Iyer,2009-12-14,MALE,oiyer@gmail.com,9910618355,BATCH_27,EE,27EE077
Ananya Krishnan,2004-09-26,MALE,ananya_krishnan@gmail.com,9978726196,BATCH_22,CD,22CD089
Chitra Rani,2005-01-12,FEMALE,chitrarani364@yahoo.com,9900779642,BATCH_24,EC,24EC080
Varun Desai,2005-01-17,FEMALE,varundesai17@hotmail.com,9232358593,BATCH_23,CC,23CC088
Sanjay Devi,2004-05-21,FEMALE,sanjay_devi@outlook.com,9278108300,BATCH_22,EE,22EE093
Abhinav Menon,2007-01-23,MALE,abhinav_menon@outlook.com,9194094517,BATCH_26,CI,26CI094
Isha Babu,2007-12-08,MALE,isha_babu@hotmail.com,9852386003,BATCH_25,CI,25CI087
Pranav Mohan,2010-06-29,MALE,pranavmohan@outlook.com,9482562739,BATCH_27,CI,27CI099
Jyoti Pillai,2004-05-06,FEMALE,jyoti.pillai34@yahoo.com,9981121059,BATCH_23,EE,23EE086
Pranav Babu,2009-11-27,FEMALE,pbabu@gmail.com,9808230067,BATCH_27,EE,27EE078
Abhinav Menon,2007-08-26,FEMALE,abhinavmenon341@gmail.com,9832796637,BATCH_25,CD,25CD087
Ishaan Prasad,2004-11-30,FEMALE,ishaanprasad11@gmail.com,9717989022,BATCH_22,CC,22CC080
Varun Reddy,2004-09-25,MALE,varun.reddy49@gmail.com,9758682405,BATCH_22,CC,22CC081
Sai Devi,2010-10-17,FEMALE,sai_devi@gmail.com,9283440260,BATCH_27,ME,27ME077
Ananya Pillai,2004-10-15,MALE,ananyapillai376@gmail.com,9229346629,BATCH_23,EE,23EE087
Krishna Rani,2005-10-02,MALE,krani@outlook.com,9729047742,BATCH_23,CM,23CM091
Lakshmi Malhotra,2006-10-05,MALE,lakshmimalhotra737@gmail.com,9995121744,BATCH_24,CI,24CI093
Naveen Singh,2004-05-06,FEMALE,naveen.singh@gmail.com,9509397114,BATCH_23,ME,23ME101
Priya Iyer,2010-03-08,FEMALE,piyer@outlook.com,9138078287,BATCH_27,CC,27CC087
Kabir Yadav,2005-02-15,MALE,kabir.yadav@outlook.com,9283319558,BATCH_22,EC,22EC086
Krishna Reddy,2004-08-10,FEMALE,krishna_reddy@gmail.com,9550653020,BATCH_22,CS,22CS087
Sanjay Kapoor,2006-08-24,FEMALE,sanjaykapoor@gmail.com,9088407553,BATCH_25,EC,25EC108
Vikram Menon,2005-01-15,FEMALE,vikram_menon@yahoo.com,9987264963,BATCH_23,EC,23EC089
Priya Gupta,2005-10-06,FEMALE,priyagupta@outlook.com,9178904633,BATCH_24,EE,24EE100
Ishaan Sharma,2004-06-15,FEMALE,isharma@gmail.com,9554595041,BATCH_23,CI,23CI083
Harini Chowdary,2008-11-27,MALE,harini.chowdary@gmail.com,9962732262,BATCH_26,ME,26ME082
Jyoti Yadav,2005-06-06,FEMALE,jyoti.yadav@gmail.com,9093436886,BATCH_23,EE,23EE088
Tanvi Reddy,2005-07-24,MALE,tanvireddy@gmail.com,9155416431,BATCH_23,CM,23CM092
Aditi Naidu,2006-01-06,FEMALE,aditi_naidu@gmail.com,9317883643,BATCH_25,CD,25CD088
Aditya Sharma,2006-10-23,FEMALE,aditya.sharma25@gmail.com,9091261935,BATCH_24,CI,24CI094
Diya Chowdary,2009-04-21,FEMALE,diyachowdary481@gmail.com,9276926899,BATCH_27,CM,27CM103
Ananya Joshi,2004-07-28,FEMALE,ananyajoshi@outlook.com,9854206671,BATCH_22,EE,22EE094
Aditya Goud,2005-06-16,MALE,adityagoud@gmail.com,9648368437,BATCH_23,ME,23ME102
Nisha Raju,2007-01-19,FEMALE,nisharaju@gmail.com,9551919396,BATCH_25,CD,25CD089
Nikhil Devi,2004-09-03,FEMALE,nikhil.devi@gmail.com,9421643599,BATCH_22,CC,22CC082
Uday Rani,2005-12-03,FEMALE,udayrani@gmail.com,9054047894,BATCH_22,ME,22ME080
Kabir Chandra,2008-07-28,FEMALE,kabirchandra857@gmail.com,9145545117,BATCH_26,CI,26CI095
Reyansh Kumar,2006-12-07,MALE,reyansh_kumar@gmail.com,9009358717,BATCH_24,CC,24CC100
Aarav Chowdary,2007-04-15,MALE,aaravchowdary@gmail.com,9772457441,BATCH_26,EE,26EE092
Nikhil Yadav,2006-01-21,MALE,nikhil_yadav@gmail.com,9781527787,BATCH_23,CI,23CI084
Pranav Rani,2005-06-04,FEMALE,pranav.rani@gmail.com,9793442366,BATCH_22,ME,22ME081
Aditya Mohan,2006-11-26,MALE,aditya.mohan@gmail.com,9574364254,BATCH_25,CM,25CM085
Isha Iyer,2006-06-28,FEMALE,isha.iyer56@gmail.com,9522053848,BATCH_24,CS,24CS077
Harini Kapoor,2006-06-14,FEMALE,harini.kapoor@gmail.com,9317324615,BATCH_24,CI,24CI095
Dhruv Verma,2007-04-30,MALE,dhruvverma939@gmail.com,9948072078,BATCH_25,CM,25CM086
Isha Patel,2007-12-22,MALE,isha_patel@gmail.com,9195110945,BATCH_24,CI,24CI096
Tanvi Krishnan,2008-03-18,MALE,tanvi_krishnan@yahoo.com,9823428209,BATCH_26,CI,26CI096
Om Iyer,2005-01-29,OTHER,om.iyer62@yahoo.com,9379571282,BATCH_22,CM,22CM084
Zoya Pillai,2005-11-27,FEMALE,zoyapillai321@gmail.com,9031082773,BATCH_22,CM,22CM085
Naveen Rao,2007-01-17,MALE,naveenrao234@hotmail.com,9284963555,BATCH_25,CM,25CM087
Kavya Rani,2008-06-25,FEMALE,kavya.rani89@gmail.com,9149514955,BATCH_26,CS,26CS095
Kabir Mohan,2006-05-10,FEMALE,kabir.mohan60@gmail.com,9072051585,BATCH_24,CM,24CM083
Aditya Iyer,2008-05-22,MALE,adityaiyer@gmail.com,9279316632,BATCH_26,CD,26CD097
Priya Goud,2009-08-10,MALE,priya.goud97@gmail.com,9901497110,BATCH_26,CC,26CC088
Tanvi Raju,2006-05-27,FEMALE,tanvi_raju@outlook.com,9821257026,BATCH_24,CM,24CM084
Priya Raju,2008-09-14,FEMALE,priya.raju81@gmail.com,9461596543,BATCH_26,EE,26EE093
Siddharth Babu,2004-05-28,MALE,siddharthbabu@gmail.com,9550054908,BATCH_22,EC,22EC087
Harini Chandra,2006-04-12,MALE,harini.chandra@gmail.com,9466908144,BATCH_25,ME,25ME100
Zoya Raju,2008-10-15,OTHER,zoya_raju@gmail.com,9904951141,BATCH_26,CI,26CI097
Arjun Babu,2008-08-05,MALE,arjun.babu3@gmail.com,9687930302,BATCH_26,CC,26CC089
Abhinav Desai,2009-12-27,MALE,abhinav.desai71@gmail.com,9340785169,BATCH_26,ME,26ME083
Karthik Joshi,2004-11-05,MALE,karthik.joshi64@gmail.com,9946645099,BATCH_23,EC,23EC090
Rakesh Verma,2005-03-02,MALE,rverma@outlook.com,9275092448,BATCH_23,CI,23CI085
Ishaan Joshi,2009-04-08,FEMALE,ishaan_joshi@gmail.com,9837390071,BATCH_27,EE,27EE079
Reyansh Pillai,2009-10-25,MALE,reyanshpillai@yahoo.com,9933863458,BATCH_27,CD,27CD100
Vivaan Chandra,2008-02-11,FEMALE,vivaanchandra@gmail.com,9527711527,BATCH_27,EC,27EC098
Diya Joshi,2006-12-01,MALE,diyajoshi@gmail.com,9243831141,BATCH_23,CS,23CS081
Lakshmi Singh,2008-11-19,FEMALE,lakshmisingh701@gmail.com,9039696453,BATCH_26,CC,26CC090
Ira Mishra,2008-06-17,MALE,iramishra@gmail.com,9144486574,BATCH_26,CS,26CS096
Uday Rao,2009-05-28,MALE,uday_rao@gmail.com,9318021309,BATCH_27,CS,27CS103
Uday Rani,2004-06-10,MALE,udayrani379@yahoo.com,9204301604,BATCH_23,EE,23EE089
Rakesh Kapoor,2009-12-09,FEMALE,rakesh.kapoor9@hotmail.com,9861564099,BATCH_26,CC,26CC091
Siddharth Prasad,2009-11-10,MALE,siddharth_prasad@gmail.com,9309252390,BATCH_27,CM,27CM104
Zoya Raju,2009-07-01,FEMALE,zoya.raju41@gmail.com,9819277244,BATCH_26,EC,26EC090
Harini Iyer,2005-04-09,MALE,hariniiyer349@yahoo.com,9586449639,BATCH_23,CM,23CM093
Aditi Rao,2007-12-11,FEMALE,aditirao@yahoo.com,9012599684,BATCH_26,EC,26EC091
Yash Chandra,2004-11-11,FEMALE,yashchandra@hotmail.com,9871196902,BATCH_22,CD,22CD090
Rahul Reddy,2006-11-12,MALE,rahulreddy@yahoo.com,9627630097,BATCH_24,CC,24CC101
Jyoti Malhotra,2007-04-13,MALE,jyoti.malhotra@gmail.com,9040648710,BATCH_26,CD,26CD098
Meera Rao,2004-03-10,FEMALE,meerarao@gmail.com,9265063044,BATCH_22,ME,22ME082
Nisha Mohan,2009-10-10,FEMALE,nisha.mohan11@gmail.com,9146370731,BATCH_27,CS,27CS104
Aryan Raju,2006-10-01,MALE,aryan.raju@gmail.com,9004635806,BATCH_23,CM,23CM094
Priya Singh,2007-11-18,FEMALE,priya_singh@gmail.com,9295986777,BATCH_25,EC,25EC109
Kavya Chowdary,2008-08-05,FEMALE,kavya.chowdary@yahoo.com,9412608481,BATCH_26,CC,26CC092
Divya Menon,2007-02-02,MALE,divya.menon@gmail.com,9956176558,BATCH_25,EC,25EC110
Harini Nair,2005-03-23,FEMALE,harininair495@gmail.com,9947638083,BATCH_23,EC,23EC091
Varun Chandra,2004-10-08,FEMALE,varun.chandra35@gmail.com,9331198968,BATCH_23,EE,23EE090
Manish Babu,2007-06-30,FEMALE,manishbabu905@hotmail.com,9223450896,BATCH_24,CI,24CI097
Priya Nair,2005-07-24,MALE,priyanair193@gmail.com,9465045696,BATCH_24,CC,24CC102
Meera Chowdary,2006-06-16,MALE,meerachowdary752@gmail.com,9175866626,BATCH_24,EC,24EC081
Meera Joshi,2006-08-31,FEMALE,meera.joshi37@yahoo.com,9106060673,BATCH_24,CD,24CD099
Aryan Desai,2004-09-03,MALE,aryan_desai@gmail.com,9226386171,BATCH_22,CS,22CS088
Bhavya Goud,2006-09-26,FEMALE,bhavya.goud@gmail.com,9079266094,BATCH_24,CD,24CD100
Sai Naidu,2004-09-02,FEMALE,sai.naidu@gmail.com,9988027209,BATCH_22,CS,22CS089
Varun Joshi,2005-05-10,FEMALE,varun.joshi19@gmail.com,9906072311,BATCH_23,CM,23CM095
Sanjay Rao,2007-10-08,FEMALE,sanjay.rao@gmail.com,9875699908,BATCH_26,EE,26EE094
Ananya Desai,2009-03-25,FEMALE,ananyadesai@outlook.com,9184323074,BATCH_27,EE,27EE080
Om Joshi,2007-11-21,FEMALE,omjoshi@yahoo.com,9032963347,BATCH_24,EE,24EE101
Sai Devi,2004-05-03,MALE,sai.devi@gmail.com,9985914693,BATCH_23,EE,23EE091
Yash Rani,2005-12-28,FEMALE,yash.rani42@gmail.com,9367611796,BATCH_23,ME,23ME103
Vihaan Menon,2009-07-28,MALE,vihaan.menon41@gmail.com,9406415118,BATCH_27,ME,27ME078
Ishaan Babu,2004-07-16,MALE,ishaan_babu@gmail.com,9619122866,BATCH_22,CM,22CM086
Krishna Singh,2005-11-10,MALE,krishna.singh@gmail.com,9567576912,BATCH_23,CI,23CI086
Bhavya Iyer,2006-05-19,FEMALE,bhavyaiyer580@gmail.com,9682124320,BATCH_23,CI,23CI087
Rahul Raju,2004-11-25,FEMALE,rahul.raju66@gmail.com,9926126404,BATCH_22,CI,22CI086
Krishna Babu,2009-07-25,MALE,krishnababu144@gmail.com,9353147042,BATCH_27,CS,27CS105
Nisha Mohan,2005-06-15,FEMALE,nisha.mohan@gmail.com,9991524275,BATCH_23,EE,23EE092
Tanvi Patel,2007-01-19,FEMALE,tanvi.patel@yahoo.com,9591739301,BATCH_25,CD,25CD090
Tanvi Kapoor,2009-12-04,MALE,tanvi.kapoor97@gmail.com,9951617240,BATCH_27,EE,27EE081
Ananya Verma,2010-07-28,MALE,ananya.verma8@gmail.com,9708618907,BATCH_27,CS,27CS106
Kavya Chandra,2004-04-04,MALE,kavyachandra@gmail.com,9715882961,BATCH_22,ME,22ME083
Pranav Iyer,2008-02-10,MALE,pranaviyer@gmail.com,9594898959,BATCH_26,ME,26ME084
Bhavya Patel,2006-08-07,MALE,bhavya_patel@gmail.com,9765612498,BATCH_25,CM,25CM088
Rahul Chandra,2006-02-08,MALE,rahulchandra661@gmail.com,9843413571,BATCH_24,CD,24CD101
Nikhil Malhotra,2005-10-24,MALE,nikhil.malhotra83@gmail.com,9181280919,BATCH_24,CS,24CS078
Naveen Malhotra,2007-07-09,MALE,naveenmalhotra@gmail.com,9841484601,BATCH_25,CI,25CI088
Manish Kapoor,2005-10-29,MALE,manish_kapoor@outlook.com,9170795368,BATCH_23,ME,23ME104
Uday Rani,2006-05-19,MALE,urani@gmail.com,9842199330,BATCH_25,EE,25EE091
Siddharth Nair,2008-05-29,FEMALE,siddharth_nair@gmail.com,9752897245,BATCH_27,CI,27CI100
Dhruv Babu,2009-03-08,MALE,dhruv.babu86@gmail.com,9866227192,BATCH_27,ME,27ME079
Isha Kapoor,2005-02-26,FEMALE,ishakapoor205@gmail.com,9340266502,BATCH_23,CD,23CD100
Aarav Goud,2007-09-14,MALE,aarav.goud30@gmail.com,9542348983,BATCH_26,EE,26EE095
Zoya Mishra,2008-12-01,FEMALE,zoyamishra83@gmail.com,9076634933,BATCH_26,ME,26ME085
Harini Chandra,2005-03-31,MALE,harinichandra@outlook.com,9169039220,BATCH_23,EC,23EC092
Ananya Naidu,2008-05-16,FEMALE,ananya.naidu@gmail.com,9406953517,BATCH_26,CI,26CI098
Diya Sharma,2009-04-09,MALE,diya_sharma@outlook.com,9590706715,BATCH_26,CI,26CI099
Ananya Reddy,2004-07-12,FEMALE,ananyareddy524@gmail.com,9888831149,BATCH_23,EE,23EE093
Arjun Prasad,2008-10-25,MALE,arjun.prasad26@gmail.com,9536645776,BATCH_27,CS,27CS107
Priya Krishnan,2008-06-11,FEMALE,priya.krishnan@gmail.com,9541330815,BATCH_26,CI,26CI100
Harini Malhotra,2010-01-25,FEMALE,harinimalhotra688@gmail.com,9916659545,BATCH_27,CM,27CM105
Rohan Patel,2008-12-21,MALE,rohan.patel@yahoo.com,9281829127,BATCH_26,CM,26CM085
Tarun Raju,2004-02-17,MALE,tarunraju761@gmail.com,9503152197,BATCH_22,ME,22ME084
Rohan Kapoor,2006-09-29,MALE,rkapoor@yahoo.com,9581745273,BATCH_23,EC,23EC093
Sai Rao,2009-08-01,FEMALE,sai.rao76@gmail.com,9618536087,BATCH_26,CM,26CM086
Harini Sharma,2003-12-25,FEMALE,harinisharma236@gmail.com,9794148008,BATCH_22,ME,22ME085
Uday Verma,2006-06-16,MALE,udayverma223@outlook.com,9984440889,BATCH_25,CD,25CD091
Esha Kapoor,2009-10-08,MALE,eshakapoor@gmail.com,9206322801,BATCH_27,CC,27CC088
Uday Rani,2004-11-16,FEMALE,urani@outlook.com,9002432405,BATCH_22,CD,22CD091
Tarun Devi,2005-11-28,FEMALE,tarun.devi42@gmail.com,9640989103,BATCH_22,CC,22CC083
Zoya Kumar,2007-05-28,MALE,zoya.kumar22@gmail.com,9423352156,BATCH_24,CS,24CS079
Esha Rao,2007-08-29,MALE,esharao@gmail.com,9723967783,BATCH_25,CM,25CM089
Kavya Malhotra,2004-11-29,MALE,kavya.malhotra@gmail.com,9943655323,BATCH_22,CI,22CI087
Nisha Verma,2006-04-29,MALE,nisha.verma@outlook.com,9117753312,BATCH_24,EE,24EE102
Kavya Patel,2006-10-14,MALE,kavya.patel1@outlook.com,9749917606,BATCH_24,CM,24CM085
Vihaan Desai,2004-08-10,FEMALE,vihaandesai@gmail.com,9606406462,BATCH_22,CD,22CD092
Rahul Rao,2009-04-25,FEMALE,rahul.rao48@gmail.com,9456450407,BATCH_27,CD,27CD101
Riya Prasad,2005-04-15,MALE,riya.prasad48@yahoo.com,9151030076,BATCH_22,ME,22ME086
Esha Mishra,2007-09-21,MALE,esha.mishra39@gmail.com,9869890876,BATCH_25,ME,25ME101
Gauri Prasad,2004-09-14,FEMALE,gprasad@outlook.com,9843597903,BATCH_22,EE,22EE095
Uday Singh,2007-09-05,FEMALE,uday.singh@yahoo.com,9262905291,BATCH_25,CI,25CI089
Vivaan Reddy,2009-01-29,MALE,vivaan.reddy@outlook.com,9593903064,BATCH_26,CI,26CI101
Karthik Patel,2004-01-05,FEMALE,karthik.patel93@gmail.com,9771313143,BATCH_22,ME,22ME087
Om Kumar,2005-12-27,MALE,omkumar712@outlook.com,9787905411,BATCH_23,EE,23EE094
Om Prasad,2005-02-15,MALE,omprasad720@gmail.com,9996636580,BATCH_23,CD,23CD101
Om Naidu,2004-08-30,MALE,omnaidu@gmail.com,9964347452,BATCH_23,CM,23CM096
Abhinav Joshi,2006-12-31,FEMALE,abhinav.joshi51@gmail.com,9833394522,BATCH_24,ME,24ME094
Bhavya Rani,2008-03-22,MALE,bhavya.rani64@gmail.com,9592061658,BATCH_26,ME,26ME086
Siddharth Babu,2009-11-28,MALE,siddharth.babu@gmail.com,9009832736,BATCH_27,ME,27ME080
Vihaan Iyer,2006-10-16,FEMALE,vihaan.iyer99@gmail.com,9427134247,BATCH_24,CI,24CI098
Siddharth Malhotra,2005-07-04,FEMALE,siddharth_malhotra@gmail.com,9795619572,BATCH_22,CI,22CI088
Isha Babu,2006-03-24,MALE,isha.babu25@hotmail.com,9940628982,BATCH_23,ME,23ME105
Rahul Kapoor,2005-09-03,FEMALE,rahulkapoor46@yahoo.com,9454693510,BATCH_22,EC,22EC088
Vihaan Iyer,2004-02-28,MALE,vihaan.iyer56@outlook.com,9568910977,BATCH_22,CC,22CC084
Rakesh Desai,2007-03-23,MALE,rakesh.desai@yahoo.com,9393381894,BATCH_24,CC,24CC103
Tanvi Malhotra,2005-03-03,FEMALE,tanvi_malhotra@gmail.com,9072011379,BATCH_23,CM,23CM097
Tarun Malhotra,2005-06-13,FEMALE,tarunmalhotra@gmail.com,9463218270,BATCH_23,EE,23EE095
Dhruv Nair,2009-07-18,FEMALE,dhruvnair744@gmail.com,9230504782,BATCH_26,EE,26EE096
Aditi Prasad,2004-04-23,MALE,aditi_prasad@gmail.com,9772274517,BATCH_22,ME,22ME088
Ira Sharma,2010-12-10,FEMALE,ira_sharma@gmail.com,9335683172,BATCH_27,CC,27CC089
Vihaan Mishra,2005-12-04,MALE,vihaan_mishra@gmail.com,9541398171,BATCH_23,CI,23CI088
Lakshmi Chandra,2006-03-18,FEMALE,lakshmi.chandra87@gmail.com,9996872258,BATCH_25,CI,25CI090
Tarun Nair,2004-06-02,MALE,tarun.nair53@gmail.com,9827210586,BATCH_22,CM,22CM087
Bhavya Mishra,2007-09-16,FEMALE,bhavyamishra@gmail.com,9827376309,BATCH_25,EC,25EC111
Ira Devi,2010-09-18,MALE,ira.devi46@gmail.com,9605423112,BATCH_27,CD,27CD102
Lakshmi Krishnan,2004-10-29,FEMALE,lakshmikrishnan@gmail.com,9924692470,BATCH_23,CC,23CC089
Arjun Goud,2004-02-14,MALE,agoud@outlook.com,9702846168,BATCH_23,CC,23CC090
Riya Pillai,2005-04-20,FEMALE,rpillai@gmail.com,9684069722,BATCH_22,EE,22EE096
Karthik Pandey,2006-05-23,MALE,karthikpandey872@outlook.com,9937104176,BATCH_24,CS,24CS080
Pranav Krishnan,2005-04-04,MALE,pranav.krishnan27@gmail.com,9757844683,BATCH_23,CD,23CD102
Siddharth Chowdary,2005-07-02,MALE,siddharth.chowdary@gmail.com,9262133879,BATCH_23,CS,23CS082
Nisha Pillai,2006-11-10,MALE,nishapillai43@hotmail.com,9170324223,BATCH_24,CC,24CC104
Bhavya Goud,2008-12-23,FEMALE,bhavyagoud261@gmail.com,9072061028,BATCH_26,CD,26CD099
Esha Rao,2009-08-20,MALE,esha_rao@gmail.com,9588397857,BATCH_26,ME,26ME087
Meera Menon,2007-12-22,FEMALE,meera_menon@gmail.com,9689823973,BATCH_25,CM,25CM090
Priya Sharma,2005-01-13,MALE,priya.sharma51@gmail.com,9722389708,BATCH_23,CI,23CI089
Aryan Pandey,2006-12-31,FEMALE,aryan.pandey45@gmail.com,9295218667,BATCH_24,CC,24CC105
Sanjay Babu,2007-07-06,FEMALE,sanjay.babu14@gmail.com,9320928353,BATCH_24,CS,24CS081
Vivaan Mohan,2006-04-23,FEMALE,vivaanmohan@gmail.com,9010310518,BATCH_25,EE,25EE092
Harini Reddy,2007-02-11,FEMALE,harini.reddy@yahoo.com,9638066267,BATCH_25,CM,25CM091
Ishaan Chowdary,2005-07-11,MALE,ishaan_chowdary@gmail.com,9614189234,BATCH_22,ME,22ME089
Siddharth Iyer,2004-10-22,MALE,siddharthiyer311@gmail.com,9685644132,BATCH_22,CI,22CI089
Aryan Babu,2005-04-20,FEMALE,aryan_babu@gmail.com,9806951319,BATCH_22,ME,22ME090
Reyansh Iyer,2005-03-28,FEMALE,reyansh.iyer@gmail.com,9090883070,BATCH_24,EE,24EE103
Dhruv Pillai,2008-12-27,FEMALE,dhruv.pillai@gmail.com,9705550133,BATCH_27,ME,27ME081
Sanya Nair,2007-01-25,MALE,sanya.nair46@gmail.com,9597344685,BATCH_24,EC,24EC082
Aditya Pillai,2006-10-06,MALE,aditya_pillai@gmail.com,9737480521,BATCH_24,CS,24CS082
Ananya Chowdary,2007-02-11,FEMALE,ananya.chowdary27@gmail.com,9721046311,BATCH_25,CM,25CM092
Sanya Mishra,2005-07-26,MALE,sanyamishra651@gmail.com,9661707158,BATCH_23,CM,23CM098
Rohan Iyer,2004-10-23,FEMALE,rohan.iyer87@gmail.com,9390914720,BATCH_22,CD,22CD093
Harini Babu,2007-03-14,FEMALE,hbabu@gmail.com,9895910385,BATCH_25,CD,25CD092
Sanya Sharma,2005-06-13,FEMALE,sanyasharma771@gmail.com,9106125206,BATCH_22,CI,22CI090
Bhavya Menon,2008-10-17,MALE,bhavyamenon706@yahoo.com,9903521960,BATCH_26,CS,26CS097
Bhavya Yadav,2007-10-08,MALE,byadav@gmail.com,9312331534,BATCH_25,CM,25CM093
Om Raju,2006-01-16,MALE,om.raju@gmail.com,9140950715,BATCH_24,CD,24CD102
Yash Gupta,2006-05-20,MALE,yash.gupta@hotmail.com,9640634989,BATCH_24,CM,24CM086
Manish Chandra,2007-09-05,MALE,manish.chandra@gmail.com,9364710276,BATCH_25,EE,25EE093
Tanvi Devi,2005-10-23,OTHER,tanvi.devi92@gmail.com,9155939897,BATCH_24,CS,24CS083
Bhavya Nair,2008-10-20,FEMALE,bhavyanair248@gmail.com,9121211018,BATCH_26,ME,26ME088
Kavya Devi,2007-05-25,FEMALE,kavya_devi@hotmail.com,9337415728,BATCH_24,CM,24CM087
Ishaan Yadav,2008-01-12,OTHER,ishaan.yadav91@gmail.com,9478686337,BATCH_25,EE,25EE094
Chitra Reddy,2005-05-15,MALE,creddy@gmail.com,9289311325,BATCH_23,CM,23CM099
Ananya Singh,2004-06-23,FEMALE,ananyasingh800@gmail.com,9046765505,BATCH_22,CI,22CI091
Manish Prasad,2007-10-21,MALE,manish.prasad65@gmail.com,9762177942,BATCH_26,CS,26CS098
Bhavya Nair,2006-04-03,MALE,bhavyanair398@gmail.com,9985077023,BATCH_24,CC,24CC106
Nikhil Kumar,2007-12-31,MALE,nikhilkumar260@gmail.com,9361138870,BATCH_25,CM,25CM094
Tarun Yadav,2008-08-16,OTHER,tarun.yadav67@gmail.com,9665620670,BATCH_27,CI,27CI101
Dhruv Iyer,2005-12-25,FEMALE,dhruv_iyer@gmail.com,9702409398,BATCH_23,CC,23CC091
Ananya Verma,2009-11-13,FEMALE,ananyaverma@gmail.com,9002950114,BATCH_27,CI,27CI102
Diya Desai,2006-06-11,MALE,diya.desai10@hotmail.com,9106660588,BATCH_24,EC,24EC083
Zoya Malhotra,2007-03-02,FEMALE,zoyamalhotra@gmail.com,9333447626,BATCH_25,CS,25CS097
Pranav Mishra,2009-01-25,MALE,pranavmishra@yahoo.com,9520495668,BATCH_26,EC,26EC092
Reyansh Kapoor,2006-12-14,OTHER,reyansh.kapoor88@gmail.com,9802089671,BATCH_24,CM,24CM088
Lakshmi Chandra,2008-02-11,FEMALE,lakshmi.chandra@gmail.com,9329406357,BATCH_26,CS,26CS099
Isha Patel,2009-11-09,FEMALE,ishapatel136@gmail.com,9832102916,BATCH_26,ME,26ME089
Vihaan Krishnan,2004-03-25,MALE,vihaan_krishnan@gmail.com,9749366357,BATCH_22,EC,22EC089
Priya Desai,2008-03-19,MALE,pdesai@yahoo.com,9091604941,BATCH_26,CS,26CS100
Sanya Prasad,2005-06-03,MALE,sanyaprasad378@gmail.com,9633441901,BATCH_23,EE,23EE096
Reyansh Menon,2005-03-11,FEMALE,reyansh.menon61@gmail.com,9233703909,BATCH_24,CM,24CM089
Vikram Yadav,2007-07-24,FEMALE,vikram.yadav@gmail.com,9578713315,BATCH_25,EE,25EE095
Nisha Patel,2005-09-06,FEMALE,nisha.patel86@gmail.com,9230636578,BATCH_24,CD,24CD103
Uday Sharma,2009-11-02,MALE,udaysharma@gmail.com,9871414264,BATCH_27,CI,27CI103
Gauri Iyer,2003-03-07,FEMALE,gauriiyer89@gmail.com,9166224165,BATCH_22,CD,22CD094
Uday Yadav,2003-10-28,MALE,udayyadav457@gmail.com,9839767388,BATCH_22,EC,22EC090
Naveen Kapoor,2007-05-14,MALE,naveen.kapoor@gmail.com,9203403010,BATCH_25,CI,25CI091
Krishna Rao,2006-02-22,MALE,krishnarao190@hotmail.com,9215353961,BATCH_25,CS,25CS098
Gauri Pandey,2007-07-27,FEMALE,gauripandey@gmail.com,9958264186,BATCH_25,CI,25CI092
Chitra Mishra,2005-09-07,FEMALE,chitra.mishra39@gmail.com,9429057895,BATCH_23,CS,23CS083
Gauri Kapoor,2009-11-13,FEMALE,gauri.kapoor@gmail.com,9422058592,BATCH_27,EE,27EE082
Vikram Reddy,2006-01-31,MALE,vikramreddy273@gmail.com,9640511832,BATCH_24,CI,24CI099
Riya Prasad,2005-05-27,FEMALE,riyaprasad@gmail.com,9565899603,BATCH_23,ME,23ME106
Aryan Menon,2008-01-29,FEMALE,aryan.menon32@gmail.com,9123984723,BATCH_26,ME,26ME090
Isha Patel,2007-12-11,MALE,isha.patel25@yahoo.com,9747267234,BATCH_24,CC,24CC107
Rohan Prasad,2009-02-09,FEMALE,rohan.prasad28@gmail.com,9745618512,BATCH_26,EE,26EE097
Tarun Devi,2007-09-15,FEMALE,tarun.devi@gmail.com,9486558422,BATCH_25,CM,25CM095
Nikhil Joshi,2008-09-16,MALE,nikhiljoshi879@gmail.com,9586974430,BATCH_26,EE,26EE098
Sai Babu,2008-08-07,MALE,sai.babu98@gmail.com,9665052761,BATCH_26,CC,26CC093
Diya Naidu,2009-10-15,MALE,diyanaidu@gmail.com,9029446276,BATCH_27,CI,27CI104
Tanvi Prasad,2006-02-04,MALE,tprasad@gmail.com,9234001522,BATCH_24,CI,24CI100
Arjun Kapoor,2009-09-18,MALE,arjun_kapoor@gmail.com,9700008222,BATCH_26,EC,26EC093
Gauri Joshi,2004-01-26,FEMALE,gauri_joshi@gmail.com,9114003471,BATCH_23,EC,23EC094
Harini Naidu,2005-12-03,FEMALE,harini_naidu@yahoo.com,9812904214,BATCH_23,ME,23ME107
Sai Mishra,2003-11-06,FEMALE,saimishra@gmail.com,9228921415,BATCH_22,ME,22ME091
Arjun Mishra,2005-10-01,MALE,arjunmishra491@yahoo.com,9178522823,BATCH_23,CM,23CM100
Meera Rani,2009-11-29,OTHER,meera.rani66@outlook.com,9727259063,BATCH_27,EC,27EC099
Priya Gupta,2005-05-07,OTHER,priyagupta651@gmail.com,9874871644,BATCH_22,CI,22CI092
Ananya Chandra,2004-04-01,FEMALE,ananya.chandra@gmail.com,9225386181,BATCH_22,CD,22CD095
Aryan Kumar,2008-09-08,FEMALE,aryan.kumar@gmail.com,9989686205,BATCH_27,EE,27EE083
Diya Verma,2006-08-07,MALE,diyaverma@gmail.com,9739041312,BATCH_24,CM,24CM090
Uday Malhotra,2007-05-24,MALE,uday_malhotra@yahoo.com,9413845960,BATCH_24,EE,24EE104
Manish Prasad,2009-02-19,FEMALE,manish_prasad@gmail.com,9158821870,BATCH_27,CC,27CC090
Rakesh Verma,2006-02-15,FEMALE,rakesh_verma@gmail.com,9112125902,BATCH_24,EE,24EE105
Aarav Kumar,2005-09-20,FEMALE,aarav.kumar61@outlook.com,9088062207,BATCH_23,CM,23CM101
Siddharth Pillai,2010-10-24,FEMALE,siddharthpillai604@gmail.com,9676242857,BATCH_27,CI,27CI105
Vivaan Yadav,2007-05-01,FEMALE,vyadav@outlook.com,9881949053,BATCH_26,ME,26ME091
Priya Menon,2008-06-08,MALE,priya.menon@yahoo.com,9664867416,BATCH_27,CC,27CC091
Esha Kumar,2006-06-15,FEMALE,eshakumar546@gmail.com,9995154143,BATCH_24,CI,24CI101
Lakshmi Singh,2008-09-04,MALE,lsingh@gmail.com,9833258486,BATCH_25,CI,25CI093
Jyoti Pillai,2007-06-30,FEMALE,jyoti_pillai@gmail.com,9147561603,BATCH_26,CS,26CS101
Sai Devi,2009-10-21,FEMALE,saidevi@gmail.com,9865366145,BATCH_27,ME,27ME082
Kavya Nair,2006-05-15,FEMALE,kavya_nair@gmail.com,9622284766,BATCH_24,CI,24CI102
Ira Krishnan,2004-03-14,FEMALE,ikrishnan@gmail.com,9428497386,BATCH_22,CI,22CI093
Ira Rani,2007-07-09,MALE,ira.rani34@gmail.com,9011600268,BATCH_24,CS,24CS084
Vihaan Mishra,2006-11-05,MALE,vihaanmishra787@gmail.com,9895625894,BATCH_23,ME,23ME108
Reyansh Raju,2007-08-07,FEMALE,rraju@outlook.com,9135062108,BATCH_25,EC,25EC112
Divya Desai,2007-10-09,FEMALE,divya_desai@gmail.com,9816883484,BATCH_26,CD,26CD100
Meera Chandra,2003-04-08,MALE,meerachandra@yahoo.com,9581781052,BATCH_22,CS,22CS090
Ira Nair,2005-04-14,FEMALE,iranair@yahoo.com,9615907266,BATCH_23,CS,23CS084
Krishna Yadav,2005-07-19,FEMALE,krishna_yadav@gmail.com,9045689391,BATCH_23,CC,23CC092
Esha Goud,2007-09-21,FEMALE,egoud@gmail.com,9758804140,BATCH_24,CD,24CD104
Vivaan Krishnan,2006-02-09,MALE,vkrishnan@outlook.com,9212635815,BATCH_25,CM,25CM096
Riya Nair,2005-06-01,MALE,riya.nair48@yahoo.com,9845240541,BATCH_23,EE,23EE097
Aditya Goud,2005-04-19,FEMALE,adityagoud955@gmail.com,9773087114,BATCH_22,CM,22CM088
Aryan Naidu,2005-06-02,MALE,aryan_naidu@gmail.com,9224043261,BATCH_23,EC,23EC095
Nikhil Joshi,2010-06-14,FEMALE,nikhil.joshi33@gmail.com,9342890781,BATCH_27,CM,27CM106
Abhinav Singh,2004-07-13,MALE,abhinav.singh@yahoo.com,9845381159,BATCH_22,ME,22ME092
Esha Devi,2009-07-27,FEMALE,esha.devi33@gmail.com,9129270653,BATCH_27,EE,27EE084
Isha Devi,2004-03-14,FEMALE,isha_devi@gmail.com,9317504012,BATCH_22,CM,22CM089
Esha Mishra,2004-08-10,MALE,esha.mishra54@gmail.com,9133336576,BATCH_22,CM,22CM090
Tanvi Verma,2009-12-07,MALE,tanvi.verma@gmail.com,9581963481,BATCH_27,ME,27ME083
Kavya Mohan,2008-03-09,MALE,kavya.mohan@gmail.com,9878418567,BATCH_26,EE,26EE099
Ira Mishra,2008-06-20,FEMALE,ira.mishra@gmail.com,9215723148,BATCH_26,EE,26EE100
Zoya Rani,2007-03-21,MALE,zoya.rani@gmail.com,9141888059,BATCH_25,EE,25EE096
Esha Mohan,2007-01-23,FEMALE,esha.mohan@gmail.com,9494795343,BATCH_26,EE,26EE101
Jyoti Raju,2006-02-07,OTHER,jyotiraju@outlook.com,9210811038,BATCH_24,CI,24CI103
Aditya Chowdary,2007-01-28,MALE,aditya.chowdary@gmail.com,9735104584,BATCH_25,CI,25CI094
Rohan Chandra,2006-11-02,MALE,rohan.chandra44@gmail.com,9589367428,BATCH_25,ME,25ME102
Rakesh Prasad,2007-04-25,FEMALE,rakeshprasad634@gmail.com,9253325888,BATCH_24,EC,24EC084
Uday Babu,2007-11-07,FEMALE,udaybabu951@gmail.com,9624809952,BATCH_25,CM,25CM097
Meera Kumar,2006-03-07,FEMALE,meerakumar156@gmail.com,9070496110,BATCH_23,CD,23CD103
Vivaan Babu,2007-03-27,FEMALE,vivaanbabu@gmail.com,9575423735,BATCH_25,CM,25CM098
Vikram Nair,2007-10-10,FEMALE,vikramnair209@yahoo.com,9908540303,BATCH_24,CS,24CS085
Varun Rani,2007-08-11,MALE,varunrani94@gmail.com,9464715437,BATCH_25,EE,25EE097
Aarav Iyer,2006-11-28,FEMALE,aarav.iyer35@yahoo.com,9043880153,BATCH_24,CC,24CC108
Tarun Pandey,2006-01-31,FEMALE,tarun.pandey32@gmail.com,9912676181,BATCH_23,CI,23CI090
Tanvi Verma,2006-12-02,MALE,tanviverma@gmail.com,9722113869,BATCH_23,EC,23EC096
Varun Desai,2008-10-15,MALE,varun.desai@outlook.com,9187162897,BATCH_25,EC,25EC113
Esha Rani,2005-05-02,MALE,esha.rani86@gmail.com,9299148902,BATCH_22,CM,22CM091
Karthik Mohan,2007-10-16,FEMALE,karthik.mohan77@gmail.com,9165806438,BATCH_24,CS,24CS086
Chitra Singh,2006-10-01,FEMALE,chitra.singh@gmail.com,9512686120,BATCH_24,EE,24EE106
Rahul Nair,2003-12-18,MALE,rahulnair@gmail.com,9175060947,BATCH_22,CS,22CS091
Sanya Nair,2004-12-02,FEMALE,sanyanair872@yahoo.com,9315550570,BATCH_22,CC,22CC085
Aarav Gupta,2004-06-06,FEMALE,aarav_gupta@yahoo.com,9853681909,BATCH_22,CI,22CI094
Aditya Mohan,2008-04-20,FEMALE,aditya.mohan87@gmail.com,9363145461,BATCH_26,CD,26CD101
Rahul Sharma,2003-11-03,MALE,rahul_sharma@yahoo.com,9965599767,BATCH_22,CM,22CM092
Kavya Pandey,2010-10-01,FEMALE,kavya.pandey65@gmail.com,9466898593,BATCH_27,CC,27CC092
Nikhil Naidu,2007-12-29,FEMALE,nikhil_naidu@outlook.com,9415617312,BATCH_24,EC,24EC085
Ira Gupta,2007-01-31,FEMALE,igupta@gmail.com,9099812971,BATCH_25,ME,25ME103
Aditya Pillai,2008-02-19,OTHER,aditya.pillai22@gmail.com,9382675869,BATCH_25,EE,25EE098
Divya Kapoor,2008-02-18,MALE,divya.kapoor41@gmail.com,9924463302,BATCH_26,CI,26CI102
Naveen Kapoor,2007-09-26,MALE,naveenkapoor@gmail.com,9440134808,BATCH_25,CI,25CI095
Isha Chandra,2009-11-14,FEMALE,ishachandra984@gmail.com,9100366758,BATCH_26,CI,26CI103
Sanjay Nair,2005-06-07,FEMALE,sanjay.nair90@gmail.com,9753435760,BATCH_23,ME,23ME109
Ananya Sharma,2005-08-21,MALE,ananyasharma399@yahoo.com,9522178066,BATCH_24,CC,24CC109
Naveen Rao,2007-08-27,MALE,naveen.rao49@gmail.com,9726105402,BATCH_25,ME,25ME104
Manish Pandey,2010-05-30,FEMALE,manish.pandey58@gmail.com,9987355522,BATCH_27,CS,27CS108
Priya Verma,2006-08-08,FEMALE,priyaverma@gmail.com,9292459897,BATCH_24,CD,24CD105
Gauri Verma,2005-02-18,MALE,gauriverma@gmail.com,9420375694,BATCH_24,CC,24CC110
Chitra Reddy,2008-02-17,FEMALE,chitrareddy661@gmail.com,9246530722,BATCH_26,EE,26EE102
Esha Naidu,2007-09-23,FEMALE,esha.naidu@gmail.com,9172257754,BATCH_25,CI,25CI096
Aditi Desai,2008-12-16,MALE,aditidesai@hotmail.com,9240919412,BATCH_27,EE,27EE085
Diya Desai,2008-05-27,FEMALE,diyadesai95@gmail.com,9895665464,BATCH_26,CI,26CI104
Diya Chowdary,2007-12-10,MALE,diyachowdary257@gmail.com,9196939578,BATCH_26,ME,26ME092
Vihaan Desai,2005-01-01,MALE,vihaan_desai@outlook.com,9476921053,BATCH_23,CM,23CM102
Arjun Babu,2004-05-06,MALE,arjun.babu56@gmail.com,9885283866,BATCH_22,CI,22CI095
Nikhil Krishnan,2007-09-15,MALE,nikhilkrishnan@gmail.com,9781626987,BATCH_24,EC,24EC086
Uday Pandey,2006-03-29,FEMALE,udaypandey54@outlook.com,9210217982,BATCH_25,CI,25CI097
Siddharth Iyer,2007-03-13,MALE,siddharth_iyer@gmail.com,9385037199,BATCH_24,EE,24EE107
Vikram Menon,2005-08-25,MALE,vikrammenon@gmail.com,9438818040,BATCH_22,CD,22CD096
Jyoti Raju,2008-09-04,MALE,jraju@gmail.com,9297223187,BATCH_25,CM,25CM099
Karthik Mishra,2005-12-03,MALE,karthik_mishra@gmail.com,9194600785,BATCH_23,CI,23CI091
Jyoti Prasad,2004-02-25,MALE,jyoti.prasad@yahoo.com,9882853323,BATCH_22,CD,22CD097
Pranav Yadav,2005-12-31,FEMALE,pranav_yadav@yahoo.com,9762520213,BATCH_23,CC,23CC093
Om Sharma,2009-10-26,MALE,omsharma@yahoo.com,9543284512,BATCH_27,EC,27EC100
Arjun Patel,2005-10-09,MALE,arjunpatel334@gmail.com,9646339534,BATCH_23,EC,23EC097
Rahul Goud,2003-12-06,MALE,rahul.goud@yahoo.com,9564614974,BATCH_22,CC,22CC086
Rakesh Naidu,2008-09-04,MALE,rakesh.naidu22@gmail.com,9246330345,BATCH_26,CI,26CI105
Rahul Devi,2008-09-26,MALE,rahuldevi248@gmail.com,9768838689,BATCH_26,CS,26CS102
Nikhil Joshi,2007-11-01,MALE,nikhil_joshi@outlook.com,9578650952,BATCH_25,CC,25CC102
Aditya Krishnan,2003-06-13,FEMALE,aditya.krishnan@gmail.com,9642570680,BATCH_22,CC,22CC087
Vivaan Desai,2003-05-24,FEMALE,vivaandesai656@yahoo.com,9186422359,BATCH_22,CI,22CI096
Vihaan Raju,2004-03-16,MALE,vihaanraju@yahoo.com,9951249092,BATCH_23,CS,23CS085
Aditya Devi,2009-08-22,MALE,aditya.devi59@gmail.com,9675161027,BATCH_26,CD,26CD102
Rohan Menon,2004-08-12,FEMALE,rohanmenon564@gmail.com,9688335166,BATCH_22,CI,22CI097
Varun Kumar,2005-06-15,FEMALE,vkumar@yahoo.com,9463733300,BATCH_24,CI,24CI104
Arjun Verma,2005-09-01,MALE,arjunverma806@outlook.com,9683210219,BATCH_23,CM,23CM103
Siddharth Malhotra,2009-10-10,FEMALE,siddharthmalhotra415@gmail.com,9904833465,BATCH_27,CM,27CM107
Aditya Nair,2008-08-15,FEMALE,aditya.nair22@outlook.com,9695559355,BATCH_25,CD,25CD093
Zoya Kapoor,2010-08-07,OTHER,zoya.kapoor@gmail.com,9132490690,BATCH_27,CS,27CS109
Tanvi Iyer,2004-11-06,MALE,tanvi_iyer@gmail.com,9010271909,BATCH_23,CC,23CC094
Dhruv Iyer,2005-12-13,FEMALE,dhruv.iyer53@gmail.com,9026839700,BATCH_22,EE,22EE097
Sai Mishra,2009-08-11,MALE,sai.mishra4@gmail.com,9631108485,BATCH_27,CD,27CD103
Ishaan Pillai,2008-02-12,FEMALE,ishaan.pillai3@gmail.com,9650200024,BATCH_25,CI,25CI098
Sai Menon,2006-09-02,MALE,sai.menon97@yahoo.com,9748711057,BATCH_24,CM,24CM091
Riya Singh,2006-07-24,MALE,riyasingh@outlook.com,9905918376,BATCH_24,CI,24CI105
Vivaan Devi,2008-04-20,OTHER,vivaandevi@gmail.com,9300927338,BATCH_27,CD,27CD104
Varun Singh,2005-07-06,OTHER,varun.singh30@gmail.com,9362280937,BATCH_23,ME,23ME110
Varun Nair,2004-09-12,MALE,varun.nair52@gmail.com,9662705115,BATCH_23,CM,23CM104
Krishna Mohan,2009-08-30,OTHER,krishna.mohan27@gmail.com,9244952076,BATCH_27,CI,27CI106
Aditya Sharma,2005-03-22,FEMALE,adityasharma@hotmail.com,9277121020,BATCH_23,CS,23CS086
Aditi Verma,2008-09-19,MALE,aditi_verma@outlook.com,9574945288,BATCH_26,EE,26EE103
Vivaan Mohan,2007-07-13,FEMALE,vivaan.mohan60@gmail.com,9695804940,BATCH_24,CS,24CS087
Riya Naidu,2004-11-09,MALE,riyanaidu80@outlook.com,9582477339,BATCH_23,CC,23CC095
Rohan Malhotra,2007-11-08,FEMALE,rohan.malhotra66@gmail.com,9358895369,BATCH_24,EE,24EE108
Tanvi Patel,2003-05-24,MALE,tanvipatel70@gmail.com,9123156119,BATCH_22,ME,22ME093
Ishaan Menon,2003-12-24,FEMALE,imenon@gmail.com,9403133837,BATCH_22,EE,22EE098
Aryan Yadav,2005-12-20,MALE,aryan.yadav@yahoo.com,9681337227,BATCH_24,CD,24CD106
Divya Sharma,2007-02-05,MALE,divya_sharma@gmail.com,9716445561,BATCH_24,EE,24EE109
Riya Joshi,2006-03-11,FEMALE,riyajoshi343@gmail.com,9459375265,BATCH_25,EE,25EE099
Chitra Yadav,2006-01-11,FEMALE,chitra_yadav@gmail.com,9089219639,BATCH_24,EE,24EE110
Reyansh Sharma,2005-10-03,FEMALE,reyansh.sharma@gmail.com,9574172156,BATCH_23,CM,23CM105
Manish Chandra,2007-12-29,FEMALE,manish.chandra98@outlook.com,9264214928,BATCH_24,EC,24EC087
Varun Desai,2005-08-30,MALE,varundesai683@yahoo.com,9127767271,BATCH_24,CM,24CM092
Lakshmi Gupta,2003-08-15,FEMALE,lakshmi.gupta@yahoo.com,9568326704,BATCH_22,EE,22EE099
Reyansh Mishra,2005-01-18,MALE,reyansh.mishra20@hotmail.com,9343988187,BATCH_23,EC,23EC098
Harini Joshi,2005-10-13,MALE,hjoshi@gmail.com,9281604137,BATCH_23,EE,23EE098
Divya Rao,2007-06-15,MALE,divyarao@yahoo.com,9358414384,BATCH_25,EE,25EE100
Kavya Mishra,2005-08-07,MALE,kavyamishra96@yahoo.com,9753952745,BATCH_23,ME,23ME111
Vivaan Babu,2006-02-08,FEMALE,vivaan.babu51@gmail.com,9376670806,BATCH_24,CI,24CI106
Nikhil Mohan,2005-06-23,MALE,nikhil.mohan54@gmail.com,9021453115,BATCH_23,CS,23CS087
Krishna Nair,2006-05-13,FEMALE,krishna.nair@gmail.com,9251587097,BATCH_23,ME,23ME112
Siddharth Devi,2004-12-10,FEMALE,siddharth.devi@hotmail.com,9623298618,BATCH_22,EE,22EE100
Rakesh Chandra,2006-12-03,MALE,rakeshchandra@gmail.com,9416046154,BATCH_25,CI,25CI099
Rahul Babu,2005-03-08,MALE,rahul.babu22@gmail.com,9773765547,BATCH_23,CC,23CC096
Pranav Singh,2009-08-03,FEMALE,pranavsingh471@gmail.com,9657813049,BATCH_26,CM,26CM087
Kabir Rani,2009-03-25,FEMALE,kabir.rani48@yahoo.com,9528465806,BATCH_27,CM,27CM108
Esha Singh,2010-04-25,FEMALE,eshasingh591@hotmail.com,9127731528,BATCH_27,EE,27EE086
Vivaan Iyer,2005-07-20,FEMALE,vivaan_iyer@gmail.com,9793279862,BATCH_23,CM,23CM106
Tarun Verma,2007-03-14,FEMALE,tverma@gmail.com,9734813104,BATCH_26,ME,26ME093
Nisha Krishnan,2006-10-21,MALE,nishakrishnan286@gmail.com,9939452279,BATCH_24,CC,24CC111
Lakshmi Reddy,2005-06-19,FEMALE,lakshmi.reddy@yahoo.com,9927143694,BATCH_24,CD,24CD107
Diya Pillai,2008-08-05,MALE,diyapillai337@gmail.com,9896552086,BATCH_25,CC,25CC103
Karthik Verma,2007-11-04,FEMALE,karthik.verma@gmail.com,9044952666,BATCH_26,CD,26CD103
Riya Kapoor,2009-01-26,OTHER,riya_kapoor@hotmail.com,9870797748,BATCH_27,CS,27CS110
Nikhil Joshi,2004-10-07,FEMALE,nikhil.joshi19@gmail.com,9989052152,BATCH_23,CS,23CS088
Jyoti Joshi,2007-06-04,MALE,jyotijoshi715@outlook.com,9143984010,BATCH_25,CC,25CC104
Ira Joshi,2004-07-28,FEMALE,ira.joshi53@gmail.com,9362026138,BATCH_23,ME,23ME113
Dhruv Kumar,2004-02-22,FEMALE,dhruvkumar@gmail.com,9023873518,BATCH_22,EC,22EC091
Rakesh Rani,2007-07-02,FEMALE,rakesh.rani@gmail.com,9831062128,BATCH_25,CC,25CC105
Arjun Sharma,2007-05-15,FEMALE,arjun.sharma8@yahoo.com,9465248826,BATCH_26,EE,26EE104
Arjun Rani,2004-04-06,FEMALE,arjun.rani20@yahoo.com,9458116657,BATCH_22,CM,22CM093
Meera Menon,2007-05-27,FEMALE,meera_menon@hotmail.com,9687234309,BATCH_25,EE,25EE101
Abhinav Krishnan,2005-09-16,FEMALE,abhinav.krishnan31@gmail.com,9132241188,BATCH_23,ME,23ME114
Ishaan Pillai,2006-06-14,OTHER,ishaanpillai@outlook.com,9469137367,BATCH_24,ME,24ME095
Riya Mishra,2005-05-24,FEMALE,riyamishra@gmail.com,9677205171,BATCH_23,EC,23EC099
Esha Krishnan,2010-12-13,FEMALE,eshakrishnan@gmail.com,9888608110,BATCH_27,CM,27CM109
Aditi Joshi,2008-10-16,FEMALE,aditi.joshi@gmail.com,9675360045,BATCH_27,ME,27ME084
Aditi Prasad,2006-06-13,MALE,aditiprasad816@gmail.com,9137171731,BATCH_23,CM,23CM107
Vikram Desai,2007-04-21,MALE,vdesai@gmail.com,9500115461,BATCH_26,CC,26CC094
Sanya Patel,2007-05-01,FEMALE,sanya.patel7@gmail.com,9667488689,BATCH_24,CD,24CD108
Nisha Iyer,2008-11-18,FEMALE,nisha_iyer@gmail.com,9062046786,BATCH_25,CM,25CM100
Arjun Babu,2005-12-21,FEMALE,arjunbabu366@gmail.com,9069298738,BATCH_23,CC,23CC097
Aditya Malhotra,2006-07-23,MALE,aditya_malhotra@gmail.com,9716033841,BATCH_24,CD,24CD109
Aditi Verma,2007-08-01,FEMALE,aditiverma597@gmail.com,9313479219,BATCH_25,CC,25CC106
Manish Rani,2005-09-15,MALE,manishrani@gmail.com,9072420753,BATCH_24,CI,24CI107
Lakshmi Reddy,2007-11-19,FEMALE,lakshmi_reddy@outlook.com,9150762942,BATCH_24,CI,24CI108
Vivaan Raju,2007-05-30,MALE,vivaanraju857@gmail.com,9425892225,BATCH_26,ME,26ME094
Chitra Naidu,2009-02-03,FEMALE,chitranaidu@gmail.com,9642128265,BATCH_27,CM,27CM110
Diya Patel,2004-04-18,MALE,diyapatel@gmail.com,9806652567,BATCH_22,CD,22CD098
Pranav Rao,2007-09-20,MALE,pranav.rao@gmail.com,9087991962,BATCH_26,ME,26ME095
Vihaan Pillai,2008-09-20,MALE,vihaan_pillai@gmail.com,9321928554,BATCH_25,CS,25CS099
Diya Yadav,2006-12-12,FEMALE,diyayadav@gmail.com,9501657905,BATCH_25,CS,25CS100
Lakshmi Pandey,2006-11-13,FEMALE,lakshmipandey368@gmail.com,9205515704,BATCH_24,EC,24EC088
Chitra Raju,2004-02-15,MALE,chitra.raju84@gmail.com,9030737260,BATCH_22,CC,22CC088
Gauri Naidu,2006-12-20,FEMALE,gauri_naidu@gmail.com,9832051121,BATCH_23,CC,23CC098
Gauri Joshi,2008-11-23,FEMALE,gauri.joshi27@gmail.com,9703029301,BATCH_26,CC,26CC095
Aditi Pillai,2005-08-31,FEMALE,aditipillai38@gmail.com,9923285337,BATCH_22,CS,22CS092
Varun Joshi,2007-06-08,FEMALE,varun.joshi19@outlook.com,9382814046,BATCH_26,CS,26CS103
Tanvi Desai,2005-07-02,MALE,tanvi_desai@gmail.com,9397499507,BATCH_23,EC,23EC100
Isha Raju,2006-04-19,FEMALE,isharaju328@yahoo.com,9678358845,BATCH_24,CC,24CC112
Rahul Chowdary,2008-10-08,OTHER,rahul.chowdary62@gmail.com,9570158967,BATCH_27,CD,27CD105
Gauri Verma,2009-11-17,MALE,gverma@gmail.com,9595036326,BATCH_27,EC,27EC101
Arjun Naidu,2004-02-22,FEMALE,arjun.naidu76@gmail.com,9263983350,BATCH_22,ME,22ME094
Arjun Singh,2006-11-26,MALE,arjun.singh47@gmail.com,9258029825,BATCH_25,CC,25CC107
Rohan Raju,2010-10-02,MALE,rohan.raju@gmail.com,9511549475,BATCH_27,CD,27CD106
Aryan Prasad,2009-04-21,MALE,aryanprasad@outlook.com,9480249668,BATCH_27,CI,27CI107
Kavya Rani,2004-01-18,MALE,kavya.rani60@yahoo.com,9053688908,BATCH_22,CS,22CS093
Rohan Rao,2006-05-08,MALE,rohanrao@yahoo.com,9344196931,BATCH_25,CS,25CS101
Aditya Verma,2008-03-10,FEMALE,aditya.verma96@yahoo.com,9444009037,BATCH_26,CI,26CI106
Ananya Joshi,2005-02-02,MALE,ananyajoshi@gmail.com,9703630944,BATCH_22,CC,22CC089
Vivaan Joshi,2006-12-15,MALE,vivaan_joshi@gmail.com,9580627456,BATCH_25,CD,25CD094
Zoya Kapoor,2008-03-30,MALE,zoya_kapoor@gmail.com,9600910312,BATCH_25,CC,25CC108
Krishna Babu,2006-03-18,FEMALE,krishnababu246@gmail.com,9307357136,BATCH_24,CI,24CI109
Riya Desai,2008-02-15,MALE,riyadesai@gmail.com,9048868965,BATCH_26,CD,26CD104
Naveen Sharma,2009-07-27,MALE,naveen.sharma@yahoo.com,9329000421,BATCH_26,EE,26EE105
Vihaan Iyer,2007-12-26,MALE,vihaaniyer352@gmail.com,9848195000,BATCH_25,CC,25CC109
Divya Verma,2010-03-03,FEMALE,divya.verma1@gmail.com,9337952331,BATCH_27,CI,27CI108
Aarav Prasad,2005-12-10,MALE,aaravprasad@yahoo.com,9109659845,BATCH_22,EC,22EC092
Meera Singh,2007-09-08,MALE,meerasingh675@gmail.com,9746040672,BATCH_25,CI,25CI100
Aarav Desai,2005-06-14,FEMALE,aaravdesai911@gmail.com,9741231577,BATCH_23,CI,23CI092
Sanjay Patel,2009-12-07,FEMALE,sanjaypatel949@hotmail.com,9720324893,BATCH_26,EC,26EC094
Divya Reddy,2005-05-25,FEMALE,divya.reddy99@gmail.com,9210175096,BATCH_23,CM,23CM108
Harini Iyer,2008-11-25,FEMALE,harini_iyer@hotmail.com,9858062350,BATCH_25,CI,25CI101
Sanjay Menon,2008-11-18,FEMALE,sanjay.menon@gmail.com,9799229108,BATCH_27,CD,27CD107
Chitra Malhotra,2006-07-13,FEMALE,chitramalhotra418@gmail.com,9804394290,BATCH_25,ME,25ME105
Sai Malhotra,2008-07-14,FEMALE,sai.malhotra9@gmail.com,9247665905,BATCH_27,EE,27EE087
Isha Krishnan,2009-01-02,FEMALE,ishakrishnan@outlook.com,9242426335,BATCH_27,CI,27CI109
Vivaan Kumar,2004-04-13,FEMALE,vivaan.kumar76@outlook.com,9435356502,BATCH_22,CD,22CD099
Vihaan Iyer,2006-01-08,FEMALE,vihaan.iyer@gmail.com,9023358235,BATCH_24,EC,24EC089
Aryan Raju,2010-12-08,MALE,aryanraju927@yahoo.com,9597815382,BATCH_27,CS,27CS111
Rohan Patel,2005-01-05,MALE,rohanpatel5@gmail.com,9335084243,BATCH_23,EC,23EC101
Lakshmi Yadav,2008-01-03,FEMALE,lakshmi.yadav29@gmail.com,9022422371,BATCH_26,EC,26EC095
Karthik Menon,2009-02-05,FEMALE,karthik.menon@gmail.com,9897873728,BATCH_26,CM,26CM088
Zoya Rao,2005-04-28,MALE,zoyarao549@hotmail.com,9177122804,BATCH_23,CS,23CS089
Vivaan Prasad,2004-07-21,FEMALE,vprasad@outlook.com,9224141981,BATCH_22,CD,22CD100
Ishaan Joshi,2003-03-03,MALE,ishaan_joshi@yahoo.com,9702634443,BATCH_22,CC,22CC090
Kabir Iyer,2008-02-18,MALE,kabir.iyer85@yahoo.com,9979911130,BATCH_27,EC,27EC102
Jyoti Sharma,2008-12-07,FEMALE,jsharma@hotmail.com,9749116343,BATCH_26,CM,26CM089
Lakshmi Joshi,2007-04-03,MALE,lakshmijoshi@gmail.com,9908781414,BATCH_24,ME,24ME096
Zoya Rani,2004-02-11,FEMALE,zoya_rani@outlook.com,9742075256,BATCH_23,CI,23CI093
Bhavya Menon,2008-01-05,FEMALE,bhavya.menon@gmail.com,9038295536,BATCH_26,CI,26CI107
Isha Mishra,2006-09-28,MALE,isha.mishra11@gmail.com,9443861259,BATCH_23,CD,23CD104
Siddharth Desai,2006-08-25,MALE,siddharth_desai@gmail.com,9683487525,BATCH_25,EC,25EC114
Ira Malhotra,2008-03-29,MALE,ira.malhotra38@gmail.com,9314211253,BATCH_26,EE,26EE106
Nisha Gupta,2005-09-08,OTHER,nisha_gupta@gmail.com,9591710508,BATCH_23,EC,23EC102
Sanya Nair,2008-12-17,FEMALE,sanyanair317@gmail.com,9585064317,BATCH_25,EE,25EE102
Dhruv Chowdary,2006-09-27,OTHER,dhruv.chowdary@gmail.com,9745126193,BATCH_24,CD,24CD110
Priya Mishra,2009-09-27,OTHER,priya.mishra@hotmail.com,9943380536,BATCH_27,ME,27ME085
Zoya Chowdary,2004-07-30,MALE,zoya_chowdary@hotmail.com,9577122907,BATCH_22,ME,22ME095
Rohan Malhotra,2009-12-29,FEMALE,rohan.malhotra15@hotmail.com,9392207810,BATCH_27,CD,27CD108
Aryan Pillai,2008-03-08,MALE,aryanpillai785@gmail.com,9229783099,BATCH_27,EE,27EE088
Nikhil Devi,2009-11-08,MALE,nikhildevi493@gmail.com,9638453546,BATCH_27,EC,27EC103
Sanjay Naidu,2006-10-22,MALE,sanjay.naidu@gmail.com,9457031768,BATCH_24,CI,24CI110
Uday Kumar,2006-03-24,MALE,udaykumar826@gmail.com,9164201180,BATCH_24,CS,24CS088
Priya Singh,2006-01-11,MALE,priyasingh19@outlook.com,9460104131,BATCH_23,CC,23CC099
Tanvi Pandey,2005-12-26,MALE,tanvi.pandey@yahoo.com,9523558972,BATCH_23,EE,23EE099
Riya Pandey,2005-03-01,MALE,riyapandey165@gmail.com,9411159319,BATCH_23,CD,23CD105
Vivaan Devi,2004-09-06,MALE,vivaan.devi69@yahoo.com,9136225578,BATCH_22,CS,22CS094
Manish Joshi,2006-06-14,MALE,manish_joshi@hotmail.com,9176298334,BATCH_24,EE,24EE111
Lakshmi Prasad,2007-11-14,MALE,lakshmi.prasad50@gmail.com,9277140046,BATCH_24,CS,24CS089
Kavya Krishnan,2010-08-06,MALE,kavya.krishnan66@gmail.com,9684481179,BATCH_27,CS,27CS112
Arjun Pandey,2005-12-19,MALE,arjun.pandey25@gmail.com,9851732895,BATCH_22,CC,22CC091
Sai Chandra,2004-12-22,MALE,sai.chandra@yahoo.com,9622608195,BATCH_23,ME,23ME115
Naveen Rani,2007-03-16,FEMALE,nrani@hotmail.com,9507438203,BATCH_25,ME,25ME106
Riya Reddy,2004-10-04,MALE,riya.reddy64@outlook.com,9880700510,BATCH_22,EC,22EC093
Rohan Joshi,2008-05-14,MALE,rohan.joshi83@gmail.com,9651865153,BATCH_26,EC,26EC096
Tarun Kapoor,2007-07-01,MALE,tarun.kapoor@gmail.com,9200432091,BATCH_25,CM,25CM101
Kavya Prasad,2008-07-20,FEMALE,kavya_prasad@hotmail.com,9414022695,BATCH_26,CI,26CI108
Sanjay Goud,2007-02-06,FEMALE,sanjay_goud@gmail.com,9850120838,BATCH_26,EE,26EE107
Kavya Prasad,2006-03-01,MALE,kavya.prasad@outlook.com,9662966827,BATCH_24,CI,24CI111
Bhavya Rani,2004-05-05,MALE,bhavyarani785@gmail.com,9062743292,BATCH_22,ME,22ME096
Arjun Mohan,2007-02-04,FEMALE,arjunmohan567@gmail.com,9243616050,BATCH_25,ME,25ME107
Karthik Chowdary,2005-07-28,MALE,karthikchowdary123@yahoo.com,9965403568,BATCH_23,CS,23CS090
Aditya Sharma,2005-04-05,MALE,adityasharma@yahoo.com,9865505224,BATCH_22,CC,22CC092
Vivaan Nair,2006-09-11,MALE,vivaan.nair@gmail.com,9801561641,BATCH_23,ME,23ME116
Vihaan Prasad,2008-08-08,FEMALE,vihaan_prasad@outlook.com,9690632248,BATCH_25,CI,25CI102
Aarav Desai,2005-06-23,MALE,aarav_desai@gmail.com,9845450529,BATCH_24,CI,24CI112
Uday Devi,2007-06-29,FEMALE,uday_devi@yahoo.com,9696411350,BATCH_25,ME,25ME108
Diya Mohan,2010-03-01,OTHER,diyamohan999@outlook.com,9336721156,BATCH_27,CM,27CM111
Sanjay Iyer,2005-09-17,MALE,sanjay_iyer@gmail.com,9080136049,BATCH_23,EE,23EE100
Reyansh Babu,2007-08-23,FEMALE,reyanshbabu@gmail.com,9904475153,BATCH_25,CM,25CM102
Vivaan Goud,2007-06-01,OTHER,vivaangoud954@yahoo.com,9666298199,BATCH_26,EE,26EE108
Om Devi,2009-05-07,FEMALE,om_devi@gmail.com,9792806396,BATCH_27,CD,27CD109
Jyoti Goud,2007-05-24,MALE,jyoti.goud@yahoo.com,9223413242,BATCH_26,CI,26CI109
Bhavya Nair,2009-03-01,MALE,bhavya.nair@gmail.com,9120291381,BATCH_27,CC,27CC093
Naveen Yadav,2004-01-27,MALE,naveenyadav319@gmail.com,9334828991,BATCH_22,ME,22ME097
Tarun Goud,2009-05-26,MALE,tarungoud832@yahoo.com,9939805044,BATCH_26,CD,26CD105
Varun Sharma,2005-11-01,OTHER,varun_sharma@outlook.com,9176651221,BATCH_23,CM,23CM109
Divya Kumar,2009-10-01,MALE,divya.kumar@outlook.com,9039244254,BATCH_27,CS,27CS113
Gauri Mohan,2008-10-05,FEMALE,gauri.mohan@outlook.com,9157501543,BATCH_26,CS,26CS104
Krishna Rani,2007-05-08,FEMALE,krishna_rani@gmail.com,9008058899,BATCH_26,CM,26CM090
Reyansh Menon,2004-07-18,FEMALE,reyanshmenon141@gmail.com,9457227579,BATCH_22,EC,22EC094
Kavya Reddy,2009-06-11,OTHER,kavya.reddy62@gmail.com,9334956924,BATCH_27,EE,27EE089
Harini Singh,2008-10-10,OTHER,harini.singh@yahoo.com,9914631245,BATCH_26,EC,26EC097
Isha Pandey,2005-04-30,FEMALE,ishapandey963@gmail.com,9242566009,BATCH_23,CC,23CC100
Siddharth Goud,2010-03-21,FEMALE,siddharth_goud@outlook.com,9298358747,BATCH_27,EE,27EE090
Aditya Pandey,2004-01-20,FEMALE,adityapandey941@gmail.com,9886384196,BATCH_22,CS,22CS095
Tarun Rao,2004-04-07,FEMALE,tarun.rao@yahoo.com,9273112982,BATCH_22,CI,22CI098
Divya Verma,2005-07-23,FEMALE,divyaverma@gmail.com,9369076699,BATCH_24,CM,24CM093
Rakesh Naidu,2004-02-16,FEMALE,rakeshnaidu@gmail.com,9137495966,BATCH_22,ME,22ME098
Arjun Mishra,2005-11-27,MALE,arjunmishra698@hotmail.com,9672641879,BATCH_23,CC,23CC101
Vikram Rao,2006-05-05,FEMALE,vrao@outlook.com,9985298940,BATCH_24,EE,24EE112
Jyoti Prasad,2006-05-21,FEMALE,jyotiprasad505@yahoo.com,9743974292,BATCH_23,CM,23CM110
Om Raju,2004-10-15,MALE,omraju217@gmail.com,9988683452,BATCH_23,CM,23CM111
Om Pillai,2006-08-07,MALE,ompillai845@gmail.com,9275705964,BATCH_25,EE,25EE103
Riya Chowdary,2008-01-18,MALE,riyachowdary415@gmail.com,9761087082,BATCH_26,ME,26ME096
Harini Kumar,2006-10-17,FEMALE,harini_kumar@gmail.com,9181828197,BATCH_23,CM,23CM112
Lakshmi Prasad,2005-02-24,MALE,lakshmi.prasad16@gmail.com,9052650167,BATCH_23,CD,23CD106
Kavya Patel,2006-12-18,FEMALE,kavya.patel@gmail.com,9191112919,BATCH_25,CC,25CC110
Diya Mishra,2004-08-28,FEMALE,diyamishra@hotmail.com,9773031678,BATCH_22,EC,22EC095
Vihaan Babu,2006-08-09,FEMALE,vihaanbabu132@yahoo.com,9788516820,BATCH_24,CI,24CI113
Sai Singh,2010-05-23,FEMALE,sai.singh83@gmail.com,9361291516,BATCH_27,EE,27EE091
Divya Desai,2005-03-26,FEMALE,divyadesai284@gmail.com,9500004636,BATCH_24,CM,24CM094
Sai Babu,2007-03-07,OTHER,sai.babu27@gmail.com,9332002530,BATCH_26,EC,26EC098
Om Reddy,2005-12-27,FEMALE,oreddy@gmail.com,9944388269,BATCH_24,CD,24CD111
Nisha Naidu,2003-07-28,MALE,nisha_naidu@gmail.com,9214926142,BATCH_22,CI,22CI099
Aditya Babu,2006-11-29,FEMALE,adityababu388@gmail.com,9113989868,BATCH_24,EE,24EE113
Divya Chowdary,2009-02-04,MALE,divyachowdary@gmail.com,9220084842,BATCH_26,CC,26CC096
Jyoti Babu,2005-12-04,MALE,jyoti.babu19@outlook.com,9842599599,BATCH_24,EE,24EE114
Jyoti Verma,2007-04-30,FEMALE,jverma@gmail.com,9848761444,BATCH_25,ME,25ME109
Siddharth Kapoor,2005-05-29,MALE,siddharth.kapoor63@gmail.com,9432969142,BATCH_23,CC,23CC102
Aryan Verma,2008-01-23,MALE,aryan.verma1@gmail.com,9479476441,BATCH_26,EE,26EE109
Ishaan Iyer,2005-10-14,MALE,ishaan.iyer8@gmail.com,9557161768,BATCH_23,CD,23CD107
Vihaan Pandey,2009-08-25,FEMALE,vihaan.pandey@gmail.com,9707346031,BATCH_26,CM,26CM091
Ira Sharma,2009-12-24,FEMALE,ira_sharma@outlook.com,9373169275,BATCH_27,CI,27CI110
Varun Nair,2004-09-08,FEMALE,varun.nair99@gmail.com,9506368539,BATCH_22,CS,22CS096
Divya Pillai,2007-09-24,MALE,divyapillai67@yahoo.com,9167663420,BATCH_25,CD,25CD095
Nisha Mohan,2009-08-18,FEMALE,nishamohan@gmail.com,9001503431,BATCH_27,ME,27ME086
Tanvi Mohan,2006-05-28,MALE,tanvi_mohan@gmail.com,9754692632,BATCH_23,CD,23CD108
Harini Mohan,2009-11-06,FEMALE,harinimohan@outlook.com,9945106838,BATCH_27,CM,27CM112
Nisha Nair,2005-02-14,FEMALE,nishanair@gmail.com,9402153080,BATCH_22,CS,22CS097
Aditi Goud,2004-08-23,MALE,aditi.goud31@gmail.com,9852491416,BATCH_23,CM,23CM113
Harini Prasad,2007-10-25,MALE,hprasad@gmail.com,9599274033,BATCH_26,CI,26CI110
Rakesh Nair,2007-11-16,MALE,rakesh_nair@outlook.com,9490444742,BATCH_24,CD,24CD112
Tarun Gupta,2005-12-15,FEMALE,tarun_gupta@gmail.com,9271832240,BATCH_23,CC,23CC103
Nikhil Mishra,2004-08-25,MALE,nikhil_mishra@outlook.com,9762369663,BATCH_22,CS,22CS098
Krishna Gupta,2010-04-01,MALE,krishnagupta65@yahoo.com,9235960658,BATCH_27,ME,27ME087
Naveen Naidu,2004-10-16,MALE,naveen_naidu@hotmail.com,9519062944,BATCH_23,EE,23EE101
Reyansh Patel,2005-07-09,FEMALE,reyanshpatel776@gmail.com,9767765766,BATCH_23,CC,23CC104
Rahul Yadav,2006-08-21,FEMALE,rahulyadav819@outlook.com,9653970548,BATCH_23,CM,23CM114
Riya Iyer,2007-05-08,FEMALE,riyaiyer509@outlook.com,9856905362,BATCH_25,CC,25CC111
Kabir Rao,2007-07-07,MALE,krao@gmail.com,9935646005,BATCH_26,CD,26CD106
Priya Reddy,2007-08-30,FEMALE,priya_reddy@yahoo.com,9829614730,BATCH_24,EC,24EC090
Yash Desai,2004-12-23,MALE,yash.desai@gmail.com,9961901692,BATCH_22,CI,22CI100
Lakshmi Prasad,2004-05-10,MALE,lakshmi.prasad93@yahoo.com,9611738635,BATCH_22,CM,22CM094
Rohan Rao,2007-01-04,FEMALE,rohanrao@gmail.com,9484951105,BATCH_26,EE,26EE110
Chitra Prasad,2009-01-04,MALE,chitraprasad863@gmail.com,9459992071,BATCH_26,EC,26EC099
Arjun Devi,2005-03-14,FEMALE,arjun.devi46@gmail.com,9585346581,BATCH_22,EC,22EC096
Reyansh Devi,2004-03-21,FEMALE,reyanshdevi@gmail.com,9252756002,BATCH_22,EC,22EC097
Ira Joshi,2004-12-17,MALE,ira.joshi44@gmail.com,9542289743,BATCH_22,CD,22CD101
Ananya Mishra,2008-06-30,FEMALE,ananya.mishra69@yahoo.com,9701430276,BATCH_26,CI,26CI111
Meera Mohan,2003-01-06,MALE,meeramohan17@gmail.com,9254853626,BATCH_22,CC,22CC093
Pranav Desai,2007-11-17,FEMALE,pranav.desai@outlook.com,9780913431,BATCH_25,EE,25EE104
Isha Sharma,2004-07-01,FEMALE,isha.sharma@gmail.com,9062985923,BATCH_22,ME,22ME099
Aryan Iyer,2008-04-07,FEMALE,aryaniyer@gmail.com,9554690336,BATCH_26,CS,26CS105
Arjun Verma,2009-11-22,MALE,arjun.verma@gmail.com,9703414775,BATCH_27,CM,27CM113
Vihaan Gupta,2005-07-01,FEMALE,vihaangupta941@gmail.com,9992224924,BATCH_24,EC,24EC091
Aditi Raju,2009-06-13,MALE,aditiraju659@gmail.com,9329998391,BATCH_27,EC,27EC104
Isha Nair,2009-02-22,MALE,isha_nair@outlook.com,9091753373,BATCH_27,CS,27CS114
Karthik Pillai,2009-06-04,FEMALE,karthik.pillai@outlook.com,9867115395,BATCH_27,EE,27EE092
Arjun Prasad,2008-11-27,MALE,arjunprasad@yahoo.com,9813537642,BATCH_26,CM,26CM092
Jyoti Yadav,2007-12-04,FEMALE,jyotiyadav284@gmail.com,9438983640,BATCH_24,ME,24ME097
Meera Prasad,2007-12-24,FEMALE,meera.prasad97@gmail.com,9396360576,BATCH_25,EE,25EE105
Meera Kumar,2009-04-10,MALE,meera.kumar28@yahoo.com,9634443946,BATCH_26,CC,26CC097
Harini Babu,2008-06-16,FEMALE,harinibabu91@outlook.com,9239674999,BATCH_26,CM,26CM093
Karthik Patel,2009-07-08,MALE,karthik.patel@gmail.com,9434539727,BATCH_27,CS,27CS115
Riya Mishra,2006-08-30,FEMALE,riya_mishra@gmail.com,9510424258,BATCH_24,CS,24CS090
Divya Yadav,2003-02-13,MALE,divyayadav@yahoo.com,9226000144,BATCH_22,CC,22CC094
Zoya Prasad,2007-04-11,FEMALE,zoyaprasad643@gmail.com,9715766053,BATCH_24,EE,24EE115
Meera Mishra,2007-04-30,MALE,mmishra@gmail.com,9477496337,BATCH_25,EC,25EC115
Reyansh Mishra,2007-08-04,MALE,reyansh.mishra23@gmail.com,9641728855,BATCH_26,CI,26CI112
Meera Prasad,2006-02-11,MALE,meeraprasad232@gmail.com,9677269608,BATCH_23,CM,23CM115
Priya Joshi,2005-07-14,MALE,pjoshi@gmail.com,9093141818,BATCH_23,CD,23CD109
Rakesh Rani,2004-04-09,FEMALE,rakesh.rani81@gmail.com,9662062724,BATCH_22,CS,22CS099
Sanya Pandey,2005-01-23,FEMALE,sanyapandey@gmail.com,9171991065,BATCH_23,CS,23CS091
Aditya Kumar,2003-12-03,MALE,aditya.kumar@gmail.com,9655510611,BATCH_22,CM,22CM095
Aditya Chandra,2009-03-13,MALE,aditya.chandra88@gmail.com,9835571427,BATCH_27,EC,27EC105
Ira Kapoor,2007-01-15,MALE,ira.kapoor@gmail.com,9124955289,BATCH_25,CS,25CS102
Gauri Rani,2005-03-18,MALE,grani@gmail.com,9108144093,BATCH_23,CS,23CS092
Tanvi Prasad,2008-06-24,MALE,tanviprasad731@yahoo.com,9764554590,BATCH_26,CM,26CM094
Sanya Rao,2007-04-07,MALE,sanyarao544@yahoo.com,9746863984,BATCH_26,EE,26EE111
Aarav Kumar,2007-01-22,FEMALE,aarav.kumar75@outlook.com,9814033405,BATCH_26,CM,26CM095
Vikram Nair,2005-05-26,FEMALE,vikramnair546@gmail.com,9751340749,BATCH_24,CD,24CD113
Sai Pillai,2009-09-09,FEMALE,saipillai@gmail.com,9445203027,BATCH_27,CC,27CC094
Ira Gupta,2006-09-19,FEMALE,ira_gupta@gmail.com,9767384315,BATCH_24,CD,24CD114
Kavya Reddy,2007-03-24,FEMALE,kavya.reddy28@gmail.com,9816836257,BATCH_25,ME,25ME110
Nikhil Yadav,2007-12-09,FEMALE,nikhil.yadav99@gmail.com,9736090857,BATCH_25,ME,25ME111
Harini Verma,2007-11-01,FEMALE,hverma@outlook.com,9196909136,BATCH_25,ME,25ME112
Meera Babu,2009-09-01,MALE,meerababu236@gmail.com,9508019630,BATCH_26,ME,26ME097
Tarun Rani,2004-08-28,FEMALE,tarun.rani15@outlook.com,9067349960,BATCH_23,CM,23CM116
Diya Desai,2007-06-22,FEMALE,diyadesai@gmail.com,9022774690,BATCH_25,CM,25CM103
Rohan Rao,2006-04-16,MALE,rohan.rao@gmail.com,9704503860,BATCH_24,EC,24EC092
Kabir Menon,2006-04-06,MALE,kabir.menon@gmail.com,9239724843,BATCH_24,CS,24CS091
Lakshmi Joshi,2007-04-28,FEMALE,lakshmi_joshi@gmail.com,9930395395,BATCH_26,CM,26CM096
Varun Prasad,2005-12-11,FEMALE,varun_prasad@gmail.com,9150618538,BATCH_24,EE,24EE116
Gauri Pandey,2006-08-15,MALE,gauri.pandey18@gmail.com,9883758754,BATCH_23,ME,23ME117
Jyoti Pillai,2006-10-10,MALE,jyotipillai@gmail.com,9707155348,BATCH_25,CI,25CI103
Reyansh Goud,2003-03-24,FEMALE,reyanshgoud@gmail.com,9769722460,BATCH_22,ME,22ME100
Sanya Rao,2006-01-14,FEMALE,sanyarao433@gmail.com,9229400975,BATCH_24,CC,24CC113
Uday Yadav,2008-03-30,FEMALE,uday.yadav98@gmail.com,9620672400,BATCH_25,EE,25EE106
Nikhil Sharma,2008-06-05,MALE,nikhil_sharma@gmail.com,9802989088,BATCH_27,CC,27CC095
Siddharth Verma,2006-09-22,MALE,siddharth.verma@gmail.com,9944846312,BATCH_24,ME,24ME098
Bhavya Malhotra,2006-02-25,MALE,bmalhotra@yahoo.com,9286503841,BATCH_24,EC,24EC093
Vihaan Prasad,2008-05-22,MALE,vihaanprasad169@gmail.com,9728289540,BATCH_26,ME,26ME098
Arjun Mohan,2010-06-26,MALE,arjun.mohan89@gmail.com,9621000471,BATCH_27,ME,27ME088
Divya Babu,2007-08-21,FEMALE,divyababu450@hotmail.com,9996736720,BATCH_25,CD,25CD096
Sanjay Pillai,2004-06-26,FEMALE,sanjaypillai807@gmail.com,9225765007,BATCH_22,CI,22CI101
Lakshmi Pillai,2008-03-21,OTHER,lakshmi_pillai@gmail.com,9266315430,BATCH_26,CS,26CS106
Aryan Rao,2006-10-05,MALE,aryanrao814@gmail.com,9870901081,BATCH_24,CM,24CM095
Tanvi Babu,2004-09-23,FEMALE,tanvibabu300@gmail.com,9814112874,BATCH_22,CC,22CC095
Abhinav Menon,2007-08-19,MALE,abhinavmenon685@yahoo.com,9836268494,BATCH_25,CM,25CM104
Naveen Yadav,2008-03-11,MALE,naveenyadav503@gmail.com,9772711356,BATCH_26,CD,26CD107
Rakesh Naidu,2009-03-14,FEMALE,rakeshnaidu@outlook.com,9890823710,BATCH_27,ME,27ME089
Isha Desai,2007-10-24,OTHER,ishadesai514@outlook.com,9807027292,BATCH_24,CD,24CD115
Kabir Singh,2006-03-22,MALE,kabir.singh41@yahoo.com,9743832622,BATCH_25,CM,25CM105
Gauri Gupta,2009-04-08,MALE,gaurigupta479@gmail.com,9453931742,BATCH_27,CD,27CD110
Meera Pillai,2008-05-05,MALE,meerapillai@gmail.com,9701945391,BATCH_26,CC,26CC098
Sanya Yadav,2009-12-19,FEMALE,sanya_yadav@gmail.com,9886263956,BATCH_26,CC,26CC099
Sanya Kapoor,2009-09-13,MALE,sanya.kapoor36@yahoo.com,9057420500,BATCH_27,CD,27CD111
Jyoti Kumar,2006-09-11,MALE,jyoti.kumar16@gmail.com,9325900739,BATCH_23,EC,23EC103
Uday Naidu,2004-10-16,MALE,unaidu@gmail.com,9979851246,BATCH_22,EE,22EE101
Jyoti Naidu,2008-03-18,FEMALE,jyotinaidu@gmail.com,9839068400,BATCH_26,CI,26CI113
Aditya Gupta,2010-03-01,MALE,aditya.gupta@yahoo.com,9175173358,BATCH_27,CI,27CI111
Esha Mohan,2006-07-07,MALE,esha.mohan6@gmail.com,9918463865,BATCH_24,ME,24ME099
Arjun Babu,2003-02-27,FEMALE,arjun.babu27@gmail.com,9521380225,BATCH_22,ME,22ME101
Isha Raju,2005-08-21,MALE,isha.raju79@gmail.com,9853242642,BATCH_23,CM,23CM117
Krishna Gupta,2008-06-22,FEMALE,krishnagupta791@gmail.com,9737393250,BATCH_26,EE,26EE112
Bhavya Mishra,2009-09-25,MALE,bhavya.mishra@yahoo.com,9697421736,BATCH_27,CC,27CC096
Manish Babu,2005-04-10,FEMALE,manish.babu@gmail.com,9133484587,BATCH_23,CM,23CM118
Ishaan Malhotra,2006-12-10,MALE,ishaanmalhotra855@outlook.com,9614811769,BATCH_23,ME,23ME118
Naveen Krishnan,2006-01-09,FEMALE,naveenkrishnan938@gmail.com,9703456215,BATCH_24,CS,24CS092
Isha Mishra,2005-11-18,MALE,imishra@yahoo.com,9879201482,BATCH_24,CC,24CC114
Reyansh Nair,2009-12-12,FEMALE,reyanshnair182@gmail.com,9992331289,BATCH_27,CD,27CD112
Meera Rao,2003-12-10,MALE,meerarao@outlook.com,9926026249,BATCH_22,CI,22CI102
Tarun Malhotra,2006-09-17,MALE,tarunmalhotra736@gmail.com,9417867939,BATCH_24,CS,24CS093
Bhavya Menon,2008-10-26,OTHER,bhavya.menon52@gmail.com,9282313197,BATCH_27,EE,27EE093
Isha Menon,2004-08-08,FEMALE,ishamenon@gmail.com,9592054888,BATCH_22,CS,22CS100
Naveen Prasad,2006-02-27,MALE,naveen_prasad@gmail.com,9298266570,BATCH_25,CS,25CS103
Abhinav Nair,2006-03-26,MALE,abhinavnair@gmail.com,9228556931,BATCH_24,CI,24CI114
Divya Raju,2010-05-22,MALE,divyaraju@outlook.com,9456759818,BATCH_27,CD,27CD113
Kavya Naidu,2009-08-27,FEMALE,kavyanaidu866@gmail.com,9470324264,BATCH_27,CS,27CS116
Sanya Naidu,2008-07-21,FEMALE,sanya_naidu@gmail.com,9736316330,BATCH_26,CM,26CM097
Jyoti Pillai,2008-08-11,MALE,jyoti.pillai6@gmail.com,9942505562,BATCH_26,EE,26EE113
Harini Gupta,2006-07-26,FEMALE,harinigupta@gmail.com,9891105930,BATCH_23,ME,23ME119
Riya Prasad,2008-03-19,MALE,riya_prasad@gmail.com,9082607598,BATCH_26,EE,26EE114
Priya Rao,2004-11-28,FEMALE,priya.rao6@outlook.com,9015269744,BATCH_22,EC,22EC098
Tanvi Kumar,2004-03-07,MALE,tanvi_kumar@yahoo.com,9021299075,BATCH_22,ME,22ME102
Abhinav Nair,2008-11-01,FEMALE,abhinav_nair@gmail.com,9580504505,BATCH_26,CC,26CC100
Riya Chowdary,2007-03-24,FEMALE,riya.chowdary@gmail.com,9450514904,BATCH_26,CS,26CS107
Priya Prasad,2004-09-13,FEMALE,priya_prasad@gmail.com,9502155383,BATCH_22,EC,22EC099
Aditi Singh,2008-05-03,FEMALE,aditisingh590@outlook.com,9639170138,BATCH_27,EC,27EC106
Rahul Rao,2007-05-28,FEMALE,rahul.rao@gmail.com,9204179395,BATCH_24,CS,24CS094
Rakesh Mishra,2003-12-09,MALE,rakeshmishra715@gmail.com,9756744363,BATCH_22,CD,22CD102
Chitra Patel,2004-06-03,MALE,cpatel@gmail.com,9390815973,BATCH_22,EE,22EE102
Krishna Naidu,2005-02-04,FEMALE,knaidu@hotmail.com,9285246484,BATCH_23,CM,23CM119
Ira Naidu,2004-03-12,OTHER,ira_naidu@gmail.com,9032735712,BATCH_23,CC,23CC105
Sai Pandey,2003-01-18,FEMALE,sai_pandey@gmail.com,9403348015,BATCH_22,EC,22EC100
Tarun Nair,2004-06-26,MALE,tarunnair@gmail.com,9070860442,BATCH_22,CM,22CM096
Ishaan Verma,2008-12-26,FEMALE,ishaan_verma@outlook.com,9866905946,BATCH_27,CC,27CC097
Nisha Singh,2004-01-12,MALE,nsingh@outlook.com,9679133843,BATCH_22,EE,22EE103
Ananya Rao,2003-04-26,MALE,ananya.rao@gmail.com,9269446431,BATCH_22,CS,22CS101
Vivaan Malhotra,2009-02-05,FEMALE,vivaan.malhotra92@gmail.com,9754016379,BATCH_27,CM,27CM114
Vikram Krishnan,2006-03-19,FEMALE,vikram.krishnan@gmail.com,9349727908,BATCH_24,CM,24CM096
Aditya Joshi,2008-09-19,MALE,adityajoshi@gmail.com,9269313241,BATCH_26,EE,26EE115
Tanvi Rao,2004-02-17,MALE,tanvi.rao81@gmail.com,9408286631,BATCH_22,CI,22CI103
Priya Rao,2007-07-30,MALE,priya_rao@gmail.com,9897028385,BATCH_25,EE,25EE107
Jyoti Naidu,2007-07-05,MALE,jyoti.naidu6@hotmail.com,9285870630,BATCH_25,EC,25EC116
Vivaan Patel,2005-03-18,FEMALE,vivaan.patel@outlook.com,9422131550,BATCH_23,CI,23CI094
Reyansh Kumar,2010-01-06,OTHER,reyanshkumar780@outlook.com,9748838268,BATCH_27,EC,27EC107
Pranav Devi,2004-02-20,FEMALE,pranav.devi42@gmail.com,9941210315,BATCH_22,CI,22CI104
Diya Kumar,2007-11-05,MALE,diyakumar798@hotmail.com,9412456212,BATCH_24,EC,24EC094
Uday Gupta,2007-02-02,MALE,uday.gupta@yahoo.com,9691358816,BATCH_24,CM,24CM097
Jyoti Goud,2005-06-10,MALE,jyoti.goud@gmail.com,9177188874,BATCH_22,EE,22EE104
Kavya Chowdary,2006-05-05,FEMALE,kavya.chowdary@hotmail.com,9734151773,BATCH_24,EE,24EE117
Uday Iyer,2007-09-24,MALE,udayiyer115@gmail.com,9935953828,BATCH_25,CI,25CI104
Karthik Yadav,2005-03-28,MALE,karthik.yadav@gmail.com,9150648909,BATCH_24,ME,24ME100
Tarun Patel,2006-11-17,FEMALE,tarun.patel49@gmail.com,9363926495,BATCH_25,CS,25CS104
Priya Patel,2008-11-28,MALE,priya_patel@gmail.com,9474221991,BATCH_26,EE,26EE116
Sanjay Pandey,2007-10-10,FEMALE,spandey@outlook.com,9920302875,BATCH_26,CM,26CM098
Nikhil Pandey,2004-05-24,MALE,nikhilpandey904@outlook.com,9164443358,BATCH_23,CI,23CI095
Vihaan Devi,2008-01-24,MALE,vihaandevi377@gmail.com,9831742744,BATCH_26,CD,26CD108
Arjun Gupta,2009-06-18,FEMALE,arjun.gupta@yahoo.com,9312645696,BATCH_27,EC,27EC108
Abhinav Goud,2006-02-05,FEMALE,abhinav.goud@gmail.com,9627765029,BATCH_25,CM,25CM106
Tanvi Reddy,2004-07-26,FEMALE,tanvireddy791@outlook.com,9100770177,BATCH_22,EC,22EC101
Aditi Desai,2004-04-12,FEMALE,aditi.desai70@gmail.com,9484333362,BATCH_23,CS,23CS093
Uday Gupta,2006-02-28,MALE,uday.gupta@gmail.com,9067287286,BATCH_24,EE,24EE118
Gauri Rani,2004-09-05,MALE,gaurirani418@gmail.com,9680203472,BATCH_22,EE,22EE105
Chitra Pillai,2009-08-22,OTHER,chitra.pillai19@gmail.com,9618677066,BATCH_27,CM,27CM115
Vivaan Iyer,2007-03-28,OTHER,vivaan.iyer@gmail.com,9940993751,BATCH_25,CM,25CM107
Divya Nair,2007-11-20,FEMALE,dnair@gmail.com,9963346746,BATCH_25,CD,25CD097
Nikhil Menon,2005-09-14,MALE,nikhilmenon134@outlook.com,9902248493,BATCH_22,CM,22CM097
Nikhil Raju,2010-04-01,MALE,nikhil_raju@gmail.com,9207215980,BATCH_27,ME,27ME090
Om Krishnan,2009-08-28,FEMALE,om.krishnan44@gmail.com,9379395795,BATCH_27,CC,27CC098
Sai Gupta,2006-09-15,FEMALE,sgupta@outlook.com,9770332570,BATCH_23,CC,23CC106
Nisha Raju,2008-11-16,MALE,nisha.raju@gmail.com,9778134145,BATCH_26,EC,26EC100
Gauri Pillai,2009-08-29,MALE,gauri.pillai@yahoo.com,9262803364,BATCH_26,CM,26CM099
Naveen Verma,2006-06-26,MALE,naveen.verma@outlook.com,9289226801,BATCH_25,EE,25EE108
Priya Goud,2007-09-18,MALE,priya.goud27@gmail.com,9243648517,BATCH_25,ME,25ME113
Lakshmi Rani,2008-06-29,FEMALE,lakshmi.rani@gmail.com,9339431916,BATCH_26,ME,26ME099
Isha Iyer,2003-10-03,FEMALE,isha.iyer88@gmail.com,9521789559,BATCH_22,EC,22EC102
Vivaan Nair,2005-10-08,FEMALE,vivaannair447@gmail.com,9510021824,BATCH_23,CC,23CC107
Aditya Rani,2008-12-15,FEMALE,aditya.rani81@gmail.com,9951648497,BATCH_25,CD,25CD098
Naveen Yadav,2007-03-30,MALE,naveenyadav@gmail.com,9182247922,BATCH_25,ME,25ME114
Aarav Goud,2004-02-07,MALE,aarav_goud@gmail.com,9843451792,BATCH_23,ME,23ME120
Jyoti Kumar,2009-09-10,FEMALE,jyotikumar@gmail.com,9122276433,BATCH_26,ME,26ME100
Vikram Devi,2009-12-02,FEMALE,vikramdevi6@gmail.com,9447867428,BATCH_26,CC,26CC101
Riya Menon,2007-06-06,FEMALE,riya_menon@hotmail.com,9838966536,BATCH_25,CC,25CC112
Rahul Verma,2004-03-11,FEMALE,rahulverma935@gmail.com,9526022169,BATCH_22,EC,22EC103
Nisha Chowdary,2007-06-07,MALE,nisha.chowdary68@yahoo.com,9982468967,BATCH_25,CD,25CD099
Sai Devi,2006-04-18,MALE,saidevi661@gmail.com,9422037703,BATCH_24,CM,24CM098
Rohan Sharma,2006-09-22,MALE,rsharma@yahoo.com,9699041379,BATCH_24,ME,24ME101
Gauri Reddy,2004-01-26,MALE,gauri.reddy@gmail.com,9237718430,BATCH_22,CC,22CC096
Bhavya Singh,2007-06-07,FEMALE,bhavya_singh@gmail.com,9258074221,BATCH_24,CS,24CS095
Rahul Gupta,2005-02-20,FEMALE,rahul.gupta@hotmail.com,9978601625,BATCH_23,EC,23EC104
Lakshmi Naidu,2004-01-06,MALE,lakshminaidu@yahoo.com,9712113871,BATCH_22,CI,22CI105
Sai Iyer,2008-03-15,FEMALE,sai_iyer@outlook.com,9690187363,BATCH_26,CI,26CI114
Kabir Pillai,2008-05-18,FEMALE,kabirpillai413@gmail.com,9287223130,BATCH_26,CD,26CD109
Divya Singh,2007-09-17,FEMALE,divya.singh80@yahoo.com,9955713198,BATCH_25,EC,25EC117
Bhavya Chowdary,2005-07-22,FEMALE,bhavya.chowdary74@yahoo.com,9374845398,BATCH_23,CM,23CM120
Uday Devi,2005-12-17,MALE,udaydevi304@outlook.com,9391221904,BATCH_23,EE,23EE102
Bhavya Desai,2009-09-27,MALE,bhavya.desai98@gmail.com,9267828275,BATCH_27,CD,27CD114
Abhinav Kumar,2005-05-15,MALE,abhinavkumar@gmail.com,9490230771,BATCH_24,CI,24CI115
Rohan Sharma,2009-12-12,MALE,rohan.sharma47@gmail.com,9298871232,BATCH_27,CC,27CC099
Naveen Chandra,2008-04-07,FEMALE,naveenchandra@gmail.com,9205000943,BATCH_26,CI,26CI115
Siddharth Patel,2007-01-28,MALE,siddharthpatel302@gmail.com,9636985167,BATCH_25,ME,25ME115
Chitra Naidu,2004-07-17,MALE,chitranaidu@outlook.com,9804918727,BATCH_23,CM,23CM121
Vikram Reddy,2004-05-03,MALE,vikramreddy@hotmail.com,9714227690,BATCH_22,EE,22EE106
Reyansh Yadav,2008-11-20,FEMALE,reyanshyadav@outlook.com,9018607429,BATCH_26,CC,26CC102
Chitra Nair,2007-04-20,MALE,chitranair414@yahoo.com,9462264240,BATCH_25,CC,25CC113
Aditi Menon,2006-01-26,MALE,aditimenon418@gmail.com,9099843361,BATCH_23,EC,23EC105
Chitra Mohan,2005-09-29,MALE,chitramohan@gmail.com,9522329623,BATCH_22,ME,22ME103
Bhavya Prasad,2006-12-22,MALE,bhavya.prasad16@gmail.com,9929955620,BATCH_24,ME,24ME102
Vikram Babu,2006-11-13,FEMALE,vikram.babu4@hotmail.com,9665285141,BATCH_24,EC,24EC095
Rahul Mishra,2009-07-07,FEMALE,rahulmishra317@gmail.com,9816022377,BATCH_27,EE,27EE094
Vihaan Singh,2005-12-15,MALE,vihaansingh234@outlook.com,9519717182,BATCH_23,CI,23CI096
Vivaan Devi,2009-04-30,MALE,vivaandevi687@gmail.com,9599192157,BATCH_27,ME,27ME091
Zoya Krishnan,2009-01-13,MALE,zoyakrishnan250@outlook.com,9151200393,BATCH_27,CC,27CC100
Bhavya Reddy,2008-08-29,FEMALE,bhavya.reddy@gmail.com,9272029455,BATCH_27,EE,27EE095
Ira Naidu,2005-10-05,MALE,ira.naidu@outlook.com,9395768538,BATCH_22,CS,22CS102
Rohan Desai,2005-10-21,MALE,rdesai@outlook.com,9381735984,BATCH_23,CM,23CM122
Aditi Singh,2009-01-24,MALE,asingh@gmail.com,9322607347,BATCH_26,EC,26EC101
Aditi Joshi,2004-04-30,FEMALE,aditijoshi350@gmail.com,9032718438,BATCH_22,CM,22CM098
Aditi Singh,2009-09-18,FEMALE,aditisingh416@yahoo.com,9943269834,BATCH_26,CC,26CC103
Kabir Prasad,2005-11-06,FEMALE,kabirprasad@yahoo.com,9750148218,BATCH_23,CI,23CI097
Pranav Chandra,2007-04-24,MALE,pranavchandra96@gmail.com,9335104096,BATCH_25,CI,25CI105
Meera Singh,2007-01-31,MALE,meera.singh@gmail.com,9815959043,BATCH_25,EC,25EC118
Tarun Sharma,2007-05-18,FEMALE,tarunsharma16@outlook.com,9672007342,BATCH_26,CC,26CC104
Riya Joshi,2006-01-11,FEMALE,riyajoshi101@gmail.com,9184457661,BATCH_24,CD,24CD116
Meera Desai,2005-01-18,MALE,meera.desai@gmail.com,9488252679,BATCH_23,EE,23EE103
Ira Raju,2009-01-30,FEMALE,ira_raju@gmail.com,9549522249,BATCH_27,EE,27EE096
Divya Chandra,2006-05-08,MALE,divyachandra247@gmail.com,9416518275,BATCH_24,ME,24ME103
Kavya Mishra,2004-08-01,FEMALE,kavyamishra871@yahoo.com,9826069280,BATCH_23,EE,23EE104
Naveen Kapoor,2008-12-13,MALE,naveen.kapoor6@gmail.com,9148550702,BATCH_26,CM,26CM100
Sanjay Pillai,2004-12-04,FEMALE,spillai@yahoo.com,9184761240,BATCH_22,EE,22EE107
Aryan Krishnan,2008-04-03,FEMALE,aryan.krishnan56@outlook.com,9486131103,BATCH_27,EC,27EC109
Kabir Gupta,2006-06-16,MALE,kabir.gupta@outlook.com,9550269450,BATCH_25,CM,25CM108
Gauri Mishra,2005-01-25,MALE,gaurimishra397@gmail.com,9647715910,BATCH_24,EE,24EE119
Varun Patel,2005-04-30,MALE,varunpatel@gmail.com,9415148881,BATCH_23,CD,23CD110
Rahul Babu,2009-01-19,MALE,rahul.babu@yahoo.com,9241551758,BATCH_26,CS,26CS108
Naveen Singh,2004-07-04,FEMALE,naveensingh385@gmail.com,9274704657,BATCH_22,CD,22CD103
Isha Krishnan,2005-06-04,MALE,isha.krishnan@gmail.com,9694683397,BATCH_24,CM,24CM099
Kavya Kumar,2007-10-26,FEMALE,kavya_kumar@gmail.com,9409749930,BATCH_25,EE,25EE109
Aditi Yadav,2006-04-21,FEMALE,aditiyadav@gmail.com,9928310915,BATCH_24,EC,24EC096
Harini Naidu,2006-04-25,FEMALE,harininaidu201@outlook.com,9560229351,BATCH_25,CM,25CM109
Jyoti Sharma,2004-07-08,FEMALE,jsharma@outlook.com,9896268384,BATCH_22,CC,22CC097
Siddharth Gupta,2006-10-31,FEMALE,siddharthgupta@gmail.com,9020607136,BATCH_23,CC,23CC108
Naveen Mishra,2007-04-02,MALE,naveen.mishra35@gmail.com,9509618303,BATCH_26,EE,26EE117
Tanvi Joshi,2008-11-28,FEMALE,tanvi.joshi77@gmail.com,9117371238,BATCH_27,CS,27CS117
Vivaan Desai,2003-09-11,MALE,vivaan.desai92@gmail.com,9035491575,BATCH_22,CI,22CI106
Ira Krishnan,2005-07-19,FEMALE,ira.krishnan93@outlook.com,9266568042,BATCH_23,CS,23CS094
Kavya Iyer,2008-12-07,MALE,kavyaiyer141@gmail.com,9132452756,BATCH_26,CM,26CM101
Aarav Mohan,2007-03-21,FEMALE,aarav.mohan96@yahoo.com,9492018435,BATCH_24,CC,24CC115
Ishaan Krishnan,2007-01-20,MALE,ishaan.krishnan61@yahoo.com,9133278091,BATCH_26,EE,26EE118
Rakesh Iyer,2009-05-04,MALE,riyer@outlook.com,9179854900,BATCH_26,CC,26CC105
Vihaan Pillai,2005-09-01,MALE,vihaan_pillai@outlook.com,9888999498,BATCH_24,EC,24EC097
Aryan Pandey,2007-10-22,MALE,aryanpandey691@gmail.com,9346676650,BATCH_24,ME,24ME104
Manish Pillai,2005-11-24,MALE,manish.pillai25@gmail.com,9740274067,BATCH_22,CC,22CC098
Isha Desai,2006-01-06,FEMALE,idesai@gmail.com,9434948159,BATCH_24,EC,24EC098
Sanjay Krishnan,2008-09-24,MALE,sanjay.krishnan26@outlook.com,9397847916,BATCH_27,CD,27CD115
Karthik Naidu,2008-04-10,FEMALE,karthik.naidu70@gmail.com,9125177698,BATCH_26,EE,26EE119
Aarav Malhotra,2006-04-16,MALE,aarav.malhotra@gmail.com,9090729485,BATCH_24,CI,24CI116
Priya Mishra,2006-06-25,MALE,priya.mishra21@gmail.com,9973586794,BATCH_25,CD,25CD100
Lakshmi Menon,2007-08-11,FEMALE,lakshmimenon@gmail.com,9542438269,BATCH_26,CC,26CC106
Karthik Babu,2009-04-13,FEMALE,karthikbabu@outlook.com,9613626398,BATCH_26,CD,26CD110
Ananya Babu,2005-07-23,FEMALE,ananya_babu@gmail.com,9223088615,BATCH_23,CI,23CI098
Sai Mishra,2003-04-03,MALE,sai.mishra25@gmail.com,9420512532,BATCH_22,CI,22CI107
Ira Rani,2005-06-27,FEMALE,ira_rani@gmail.com,9116436902,BATCH_23,EC,23EC106
Aryan Sharma,2007-10-10,FEMALE,aryansharma@gmail.com,9617808713,BATCH_24,EC,24EC099
Zoya Rao,2004-04-11,FEMALE,zoyarao@outlook.com,9265732759,BATCH_23,CM,23CM123
Manish Krishnan,2008-11-23,MALE,manish.krishnan38@outlook.com,9800000133,BATCH_26,EC,26EC102
Esha Reddy,2009-05-07,MALE,esha.reddy7@gmail.com,9367812155,BATCH_27,ME,27ME092
Manish Raju,2008-05-31,MALE,manish.raju@gmail.com,9271713756,BATCH_27,CD,27CD116
Lakshmi Kumar,2007-02-05,FEMALE,lakshmikumar@gmail.com,9917595214,BATCH_25,CC,25CC114
Rakesh Kapoor,2008-11-20,MALE,rakesh.kapoor95@outlook.com,9329563427,BATCH_26,ME,26ME101
Harini Rani,2009-06-06,MALE,harinirani@gmail.com,9111094989,BATCH_26,EE,26EE120
Vihaan Goud,2006-04-20,FEMALE,vihaan.goud21@gmail.com,9369224947,BATCH_23,ME,23ME121
Dhruv Prasad,2008-01-02,FEMALE,dhruv.prasad@outlook.com,9984164377,BATCH_25,CD,25CD101
Diya Nair,2006-04-03,MALE,diya.nair34@gmail.com,9257423675,BATCH_24,CM,24CM100
Arjun Rani,2008-01-15,FEMALE,arjun.rani70@gmail.com,9583534581,BATCH_26,CC,26CC107
Arjun Kapoor,2007-03-22,MALE,arjun.kapoor88@yahoo.com,9784980841,BATCH_25,EE,25EE110
Vikram Kapoor,2004-07-08,MALE,vikramkapoor@gmail.com,9380966414,BATCH_22,CC,22CC099
Tanvi Kumar,2004-10-06,MALE,tanvi.kumar@outlook.com,9111809816,BATCH_23,EE,23EE105
Chitra Chandra,2004-02-04,FEMALE,cchandra@outlook.com,9527873048,BATCH_23,EC,23EC107
Aditya Raju,2008-08-10,MALE,aditya_raju@hotmail.com,9499104716,BATCH_27,CI,27CI112
Reyansh Babu,2009-02-01,MALE,reyansh.babu97@gmail.com,9563474382,BATCH_26,CD,26CD111
Naveen Menon,2004-08-09,FEMALE,nmenon@yahoo.com,9571688972,BATCH_22,CS,22CS103
Riya Rani,2007-07-19,MALE,riya.rani@gmail.com,9225193356,BATCH_25,CM,25CM110
Aarav Malhotra,2006-04-19,MALE,aarav.malhotra90@gmail.com,9295689865,BATCH_24,CC,24CC116
Sai Prasad,2007-02-11,MALE,sai.prasad64@outlook.com,9982771795,BATCH_24,CS,24CS096
Riya Kumar,2005-03-26,OTHER,riya_kumar@gmail.com,9356778265,BATCH_23,CD,23CD111
Vihaan Nair,2004-01-13,MALE,vihaannair@yahoo.com,9870330246,BATCH_22,CS,22CS104
Vikram Sharma,2007-10-13,MALE,vikram.sharma22@gmail.com,9616022274,BATCH_25,CC,25CC115
Esha Prasad,2009-10-02,FEMALE,esha_prasad@gmail.com,9972073827,BATCH_26,CC,26CC108
Harini Chowdary,2006-10-24,FEMALE,harini_chowdary@gmail.com,9234268344,BATCH_24,EE,24EE120
Chitra Sharma,2007-11-24,MALE,chitra.sharma@gmail.com,9016856471,BATCH_26,CC,26CC109
Sanjay Chowdary,2009-01-16,FEMALE,sanjaychowdary@gmail.com,9249116993,BATCH_27,EC,27EC110
Krishna Kapoor,2003-04-06,MALE,krishna_kapoor@gmail.com,9486114163,BATCH_22,CD,22CD104
Sanya Nair,2009-05-13,FEMALE,sanyanair774@gmail.com,9816614987,BATCH_27,EE,27EE097
Vikram Pandey,2005-10-24,FEMALE,vikrampandey605@hotmail.com,9808156439,BATCH_22,ME,22ME104
Rohan Desai,2003-12-03,MALE,rohan.desai35@yahoo.com,9331542306,BATCH_22,CC,22CC100
Divya Mishra,2010-01-13,FEMALE,divyamishra296@gmail.com,9977297130,BATCH_27,CS,27CS118
Pranav Joshi,2006-01-11,FEMALE,pranav.joshi@outlook.com,9490278742,BATCH_25,EE,25EE111
Nikhil Verma,2004-02-11,MALE,nikhilverma975@outlook.com,9664445074,BATCH_22,EE,22EE108
Aarav Mishra,2008-07-27,MALE,aaravmishra679@gmail.com,9388698475,BATCH_25,CC,25CC116
Chitra Iyer,2005-06-19,MALE,chitra_iyer@gmail.com,9486691425,BATCH_23,CS,23CS095
Lakshmi Reddy,2004-07-01,FEMALE,lakshmireddy@gmail.com,9955900953,BATCH_22,CM,22CM099
Ishaan Mohan,2005-02-05,FEMALE,ishaanmohan346@gmail.com,9512048507,BATCH_23,EC,23EC108
Harini Kumar,2007-03-25,MALE,hkumar@gmail.com,9971506662,BATCH_25,CI,25CI106
Ananya Raju,2006-08-25,FEMALE,ananyaraju463@gmail.com,9313121312,BATCH_24,CI,24CI117
Isha Devi,2007-01-28,FEMALE,isha.devi@gmail.com,9722884993,BATCH_25,CM,25CM111
Vikram Goud,2004-10-01,MALE,vikram_goud@gmail.com,9647868623,BATCH_23,EC,23EC109
Nisha Naidu,2005-11-29,FEMALE,nishanaidu917@outlook.com,9187937593,BATCH_24,CS,24CS097
Chitra Devi,2003-01-12,MALE,chitradevi@gmail.com,9140809912,BATCH_22,ME,22ME105
Aditya Babu,2006-03-29,MALE,aditya.babu@gmail.com,9816458081,BATCH_24,CS,24CS098
Zoya Raju,2008-04-27,MALE,zoya.raju58@outlook.com,9909880253,BATCH_25,CC,25CC117
Diya Verma,2007-08-01,MALE,dverma@yahoo.com,9258273902,BATCH_25,CS,25CS105
Ananya Desai,2005-01-05,FEMALE,ananyadesai507@gmail.com,9387212151,BATCH_23,CC,23CC109
Karthik Prasad,2006-03-15,MALE,karthikprasad555@gmail.com,9091479081,BATCH_24,CM,24CM101
Vihaan Reddy,2007-07-13,FEMALE,vihaan.reddy56@gmail.com,9551584826,BATCH_25,CI,25CI107
Rakesh Sharma,2009-12-11,FEMALE,rakeshsharma@yahoo.com,9663100945,BATCH_27,EC,27EC111
Tarun Rao,2010-07-15,FEMALE,tarun.rao74@gmail.com,9298604278,BATCH_27,CM,27CM116
Kavya Joshi,2005-06-18,FEMALE,kjoshi@hotmail.com,9958281902,BATCH_23,EC,23EC110
Sanya Babu,2007-04-11,MALE,sanya.babu@gmail.com,9424916263,BATCH_25,ME,25ME116
Ananya Krishnan,2008-11-04,MALE,ananya.krishnan24@gmail.com,9904636919,BATCH_26,CS,26CS109
Rohan Devi,2004-04-30,MALE,rohan.devi80@gmail.com,9913225560,BATCH_22,EE,22EE109
Sai Patel,2005-02-20,MALE,sai.patel@gmail.com,9655578645,BATCH_22,CC,22CC101
Naveen Chowdary,2007-03-01,MALE,nchowdary@gmail.com,9067109179,BATCH_26,EC,26EC103
Yash Prasad,2006-08-28,FEMALE,yashprasad275@gmail.com,9059944617,BATCH_24,CC,24CC117
Dhruv Chandra,2009-05-25,MALE,dhruv_chandra@gmail.com,9047941612,BATCH_26,EE,26EE121
Pranav Singh,2008-03-16,FEMALE,pranavsingh@outlook.com,9237091442,BATCH_26,CI,26CI116
Dhruv Rao,2008-02-15,FEMALE,drao@gmail.com,9049880694,BATCH_26,CI,26CI117
Rakesh Pillai,2008-09-23,MALE,rakesh_pillai@gmail.com,9986061065,BATCH_26,CC,26CC110
Aarav Sharma,2005-08-27,FEMALE,aaravsharma@yahoo.com,9829419976,BATCH_23,CS,23CS096
Rakesh Kumar,2007-08-10,FEMALE,rakesh.kumar@gmail.com,9795410727,BATCH_24,EE,24EE121
Abhinav Joshi,2004-11-06,MALE,abhinav.joshi@gmail.com,9616050503,BATCH_22,EE,22EE110
Ira Chowdary,2008-06-23,MALE,irachowdary192@gmail.com,9752966471,BATCH_25,ME,25ME117
Rakesh Verma,2007-07-24,FEMALE,rakesh.verma93@yahoo.com,9898511881,BATCH_24,CI,24CI118
Arjun Joshi,2008-07-21,MALE,arjunjoshi399@gmail.com,9518871148,BATCH_26,CC,26CC111
Gauri Kumar,2009-11-14,FEMALE,gkumar@gmail.com,9645996822,BATCH_26,EC,26EC104
Sanjay Kapoor,2009-04-11,MALE,skapoor@gmail.com,9654519160,BATCH_27,EC,27EC112
Aarav Devi,2006-11-14,MALE,aaravdevi882@gmail.com,9496172150,BATCH_25,CD,25CD102
Siddharth Kumar,2008-01-17,FEMALE,siddharth_kumar@gmail.com,9693588249,BATCH_26,ME,26ME102
Isha Malhotra,2010-08-06,FEMALE,ishamalhotra502@gmail.com,9350232314,BATCH_27,CS,27CS119
Pranav Desai,2009-09-29,FEMALE,pranavdesai973@gmail.com,9623422342,BATCH_27,EC,27EC113
Vikram Rao,2009-01-31,MALE,vikram.rao79@gmail.com,9123162575,BATCH_27,CI,27CI113
Chitra Mishra,2004-11-19,MALE,chitra_mishra@yahoo.com,9545380069,BATCH_22,CM,22CM100
Rahul Reddy,2008-12-09,FEMALE,rahulreddy314@gmail.com,9045199081,BATCH_26,CS,26CS110
Ishaan Verma,2007-07-05,MALE,ishaanverma916@gmail.com,9690927557,BATCH_25,EE,25EE112
Sanya Chowdary,2006-06-04,FEMALE,sanya.chowdary@outlook.com,9813866675,BATCH_24,EE,24EE122
Rakesh Kumar,2009-01-29,MALE,rakeshkumar@outlook.com,9444156630,BATCH_26,EC,26EC105
Om Raju,2006-01-02,MALE,oraju@gmail.com,9273226992,BATCH_24,CC,24CC118
Arjun Rao,2004-06-02,FEMALE,arjun.rao@gmail.com,9149253164,BATCH_22,EC,22EC104
Reyansh Sharma,2005-06-19,FEMALE,reyansh.sharma47@gmail.com,9316156678,BATCH_24,EC,24EC100
Aryan Mishra,2006-12-11,MALE,aryan.mishra42@gmail.com,9877169472,BATCH_24,ME,24ME105
Sai Menon,2004-04-18,OTHER,sai.menon@gmail.com,9294292840,BATCH_22,CD,22CD105
Ishaan Reddy,2008-10-10,FEMALE,ishaanreddy375@gmail.com,9157806190,BATCH_26,CC,26CC112
Vikram Rani,2004-09-21,FEMALE,vrani@outlook.com,9703817174,BATCH_22,CS,22CS105
Rakesh Babu,2004-06-29,MALE,rakeshbabu@outlook.com,9521808595,BATCH_22,CD,22CD106
Dhruv Pillai,2003-05-17,MALE,dhruv_pillai@yahoo.com,9884489473,BATCH_22,CM,22CM101
Arjun Chowdary,2006-05-06,FEMALE,arjunchowdary@gmail.com,9952150164,BATCH_23,EC,23EC111
Sanya Singh,2008-08-10,FEMALE,sanya_singh@gmail.com,9224947641,BATCH_27,CM,27CM117
Yash Desai,2006-03-03,FEMALE,yash_desai@hotmail.com,9631873280,BATCH_23,CM,23CM124
Gauri Devi,2007-05-18,MALE,gauridevi631@gmail.com,9858078361,BATCH_24,ME,24ME106
Krishna Patel,2005-10-26,MALE,krishnapatel713@outlook.com,9755634000,BATCH_22,CM,22CM102
Kavya Rao,2008-02-19,FEMALE,kavyarao62@gmail.com,9475488061,BATCH_26,CI,26CI118
Zoya Sharma,2006-06-11,FEMALE,zoya.sharma17@yahoo.com,9334304982,BATCH_24,CD,24CD117
Ishaan Raju,2006-09-17,MALE,ishaanraju133@gmail.com,9504485260,BATCH_24,CD,24CD118
Esha Malhotra,2006-03-04,FEMALE,esha.malhotra99@gmail.com,9308483972,BATCH_24,CC,24CC119
Siddharth Raju,2006-07-28,FEMALE,siddharth_raju@gmail.com,9462969054,BATCH_24,CS,24CS099
Esha Singh,2007-02-11,MALE,esha.singh@gmail.com,9959772168,BATCH_26,ME,26ME103
Priya Malhotra,2006-09-29,FEMALE,priyamalhotra598@hotmail.com,9810503916,BATCH_24,CD,24CD119
Aarav Verma,2010-02-18,FEMALE,aaravverma461@gmail.com,9451672626,BATCH_27,CS,27CS120
Uday Kapoor,2009-11-14,MALE,udaykapoor@gmail.com,9506354167,BATCH_27,CD,27CD117
Abhinav Babu,2006-08-23,FEMALE,abhinavbabu346@gmail.com,9761920297,BATCH_24,CS,24CS100
Vivaan Pillai,2006-06-11,FEMALE,vpillai@gmail.com,9900581983,BATCH_24,CI,24CI119
Divya Mishra,2007-02-24,MALE,dmishra@gmail.com,9456253030,BATCH_25,ME,25ME118
Nisha Patel,2008-12-04,MALE,nisha_patel@gmail.com,9351999721,BATCH_26,EC,26EC106
Krishna Mohan,2008-06-08,FEMALE,krishnamohan@yahoo.com,9471334181,BATCH_26,CI,26CI119
Ishaan Patel,2005-10-06,MALE,ishaanpatel981@gmail.com,9406612450,BATCH_24,CI,24CI120
Yash Menon,2003-10-16,MALE,ymenon@outlook.com,9021772074,BATCH_22,CD,22CD107
Om Desai,2004-10-26,MALE,odesai@gmail.com,9838853426,BATCH_22,ME,22ME106
Tarun Babu,2006-09-04,MALE,tarunbabu@gmail.com,9184461732,BATCH_24,CC,24CC120
Siddharth Malhotra,2005-10-18,MALE,siddharth.malhotra@gmail.com,9466950841,BATCH_23,ME,23ME122
Kavya Raju,2007-07-23,MALE,kavyaraju@yahoo.com,9512674907,BATCH_25,CM,25CM112
Kabir Reddy,2005-01-12,FEMALE,kabirreddy493@gmail.com,9816348110,BATCH_23,EE,23EE106
Nisha Naidu,2005-08-31,FEMALE,nishanaidu436@gmail.com,9353340620,BATCH_23,CC,23CC110
Tarun Iyer,2010-09-09,MALE,tarun_iyer@yahoo.com,9232882392,BATCH_27,ME,27ME093
Kavya Rao,2005-04-07,MALE,kavyarao538@gmail.com,9605079181,BATCH_23,CM,23CM125
Aditya Pandey,2004-10-14,FEMALE,aditya.pandey76@gmail.com,9678265150,BATCH_23,ME,23ME123
Ananya Pandey,2004-03-01,MALE,ananyapandey@gmail.com,9809820533,BATCH_22,EE,22EE111
Uday Babu,2003-04-03,MALE,uday.babu82@gmail.com,9604859131,BATCH_22,CM,22CM103
Aryan Patel,2004-01-03,FEMALE,aryan.patel38@yahoo.com,9091417625,BATCH_22,CM,22CM104
Tarun Kumar,2006-11-02,FEMALE,tarun_kumar@gmail.com,9102290147,BATCH_25,EE,25EE113
Tanvi Chowdary,2006-07-20,MALE,tanvichowdary@outlook.com,9282509942,BATCH_25,CC,25CC118
Sanjay Gupta,2007-05-09,MALE,sanjay.gupta@outlook.com,9886008017,BATCH_26,ME,26ME104
Rohan Malhotra,2005-01-07,OTHER,rohanmalhotra725@gmail.com,9003056619,BATCH_23,EC,23EC112
Priya Raju,2008-10-29,MALE,priyaraju@yahoo.com,9085050487,BATCH_26,CM,26CM102
Ananya Rao,2007-04-16,MALE,ananyarao@gmail.com,9977397327,BATCH_24,EE,24EE123
Rohan Pillai,2006-03-18,FEMALE,rohan_pillai@gmail.com,9146133547,BATCH_24,EC,24EC101
Uday Rani,2004-10-11,FEMALE,uday.rani@gmail.com,9877792560,BATCH_22,CC,22CC102
Aryan Chowdary,2009-02-14,FEMALE,aryan.chowdary67@outlook.com,9894510885,BATCH_27,CI,27CI114
Sanjay Sharma,2008-11-13,MALE,ssharma@gmail.com,9551562392,BATCH_26,ME,26ME105
Nikhil Devi,2008-09-17,MALE,nikhildevi25@gmail.com,9650074435,BATCH_26,EC,26EC107
Nisha Chandra,2006-10-07,MALE,nishachandra414@gmail.com,9750942169,BATCH_25,CC,25CC119
Vikram Iyer,2007-04-04,FEMALE,vikramiyer@yahoo.com,9595888557,BATCH_24,CC,24CC121
Uday Rao,2007-04-28,FEMALE,uday.rao45@yahoo.com,9721386589,BATCH_24,ME,24ME107
Om Prasad,2010-12-21,FEMALE,om_prasad@gmail.com,9975066991,BATCH_27,CI,27CI115
Rakesh Naidu,2006-01-20,MALE,rakesh.naidu35@gmail.com,9861021305,BATCH_24,EC,24EC102
Esha Menon,2007-11-04,MALE,eshamenon965@gmail.com,9437481268,BATCH_26,CM,26CM103
Priya Raju,2009-08-25,FEMALE,priya.raju86@gmail.com,9061050091,BATCH_27,ME,27ME094
Chitra Naidu,2007-08-22,MALE,cnaidu@gmail.com,9054911406,BATCH_25,CM,25CM113
Om Rani,2007-03-30,FEMALE,omrani@gmail.com,9785854973,BATCH_25,EE,25EE114
Kavya Raju,2006-01-30,FEMALE,kavya.raju16@yahoo.com,9905424310,BATCH_24,CM,24CM102
Esha Singh,2009-12-20,MALE,eshasingh@gmail.com,9013398930,BATCH_26,CS,26CS111
Esha Kumar,2008-01-27,MALE,eshakumar@gmail.com,9179920770,BATCH_25,CC,25CC120
Manish Rao,2006-11-19,MALE,manishrao@outlook.com,9023878930,BATCH_24,CI,24CI121
Jyoti Krishnan,2007-10-14,FEMALE,jyotikrishnan@hotmail.com,9587770750,BATCH_24,CD,24CD120
Divya Mohan,2006-04-11,FEMALE,divyamohan979@gmail.com,9607984870,BATCH_25,CI,25CI108
Priya Yadav,2004-09-01,MALE,priya.yadav28@outlook.com,9546284061,BATCH_22,CI,22CI108
Divya Naidu,2005-06-16,FEMALE,divya.naidu13@outlook.com,9485211215,BATCH_24,CS,24CS101
Varun Chandra,2007-08-13,MALE,varunchandra875@yahoo.com,9710932480,BATCH_25,EE,25EE115
Harini Pandey,2004-08-04,MALE,harinipandey242@gmail.com,9640163295,BATCH_22,CC,22CC103
Rahul Verma,2005-08-18,MALE,rahul_verma@gmail.com,9177517016,BATCH_24,ME,24ME108
Nikhil Pandey,2006-11-18,FEMALE,nikhilpandey@gmail.com,9759479109,BATCH_24,CD,24CD121
Yash Singh,2004-11-13,MALE,yash_singh@yahoo.com,9472076953,BATCH_22,CM,22CM105
Om Desai,2007-06-18,FEMALE,om.desai40@gmail.com,9593502767,BATCH_25,CD,25CD103
Tanvi Pillai,2008-03-11,FEMALE,tanvi.pillai93@gmail.com,9539685276,BATCH_26,CS,26CS112
Siddharth Nair,2005-08-05,FEMALE,siddharthnair@yahoo.com,9810548510,BATCH_23,CD,23CD112
Tanvi Joshi,2007-04-02,FEMALE,tanvi.joshi@yahoo.com,9449392318,BATCH_26,CD,26CD112
Kavya Malhotra,2009-04-12,MALE,kavya_malhotra@gmail.com,9564140771,BATCH_27,CD,27CD118
Rohan Kapoor,2009-07-16,FEMALE,rohankapoor@gmail.com,9673290457,BATCH_26,ME,26ME106
Zoya Singh,2005-02-06,FEMALE,zoyasingh845@outlook.com,9932844382,BATCH_23,CI,23CI099
Siddharth Chowdary,2009-01-10,MALE,siddharth.chowdary24@gmail.com,9437968680,BATCH_26,ME,26ME107
Sanya Mishra,2005-04-01,FEMALE,sanyamishra@gmail.com,9319617258,BATCH_24,CI,24CI122
Reyansh Naidu,2006-08-24,MALE,reyanshnaidu480@gmail.com,9874876329,BATCH_24,CM,24CM103
Yash Iyer,2009-01-29,FEMALE,yashiyer@outlook.com,9708063139,BATCH_27,CM,27CM118
Esha Singh,2004-10-04,MALE,eshasingh142@gmail.com,9536717653,BATCH_23,CS,23CS097
Harini Joshi,2010-11-23,MALE,harinijoshi@hotmail.com,9121532388,BATCH_27,EC,27EC114
Meera Desai,2006-01-22,MALE,meeradesai@gmail.com,9176501280,BATCH_24,CM,24CM104
Diya Pandey,2007-12-31,FEMALE,dpandey@yahoo.com,9693714787,BATCH_25,ME,25ME119
Ananya Goud,2006-12-03,MALE,ananyagoud@outlook.com,9482721550,BATCH_23,CS,23CS098
Karthik Goud,2006-04-17,MALE,karthikgoud272@gmail.com,9588418343,BATCH_24,EE,24EE124
Krishna Mohan,2006-04-25,MALE,krishna.mohan88@gmail.com,9606340513,BATCH_24,CS,24CS102
Sai Devi,2006-11-10,FEMALE,saidevi885@gmail.com,9268602592,BATCH_25,CS,25CS106
Sanya Mishra,2004-07-20,MALE,sanyamishra216@gmail.com,9599920123,BATCH_23,EC,23EC113
Isha Babu,2007-08-17,MALE,ishababu653@gmail.com,9828075359,BATCH_26,CD,26CD113
Aditya Malhotra,2009-09-25,FEMALE,aditya.malhotra@gmail.com,9058935967,BATCH_26,CS,26CS113
Nisha Malhotra,2003-12-06,MALE,nishamalhotra@gmail.com,9680561062,BATCH_22,CD,22CD108
Yash Gupta,2008-04-08,MALE,yashgupta84@outlook.com,9989137054,BATCH_26,CC,26CC113
Aarav Raju,2008-07-17,FEMALE,aarav.raju@outlook.com,9144529964,BATCH_25,CD,25CD104
Om Singh,2004-09-07,MALE,omsingh@gmail.com,9676391710,BATCH_22,EE,22EE112
Arjun Reddy,2005-10-20,FEMALE,arjun.reddy@hotmail.com,9649673794,BATCH_23,CM,23CM126
Nisha Nair,2005-02-06,FEMALE,nishanair659@gmail.com,9847606937,BATCH_23,CS,23CS099
Uday Prasad,2006-05-09,FEMALE,udayprasad965@gmail.com,9777538817,BATCH_24,EC,24EC103
Rohan Verma,2007-05-27,FEMALE,rohan_verma@yahoo.com,9645331649,BATCH_25,EC,25EC119
Rohan Nair,2005-04-09,FEMALE,rohannair670@gmail.com,9282286441,BATCH_23,ME,23ME124
Divya Nair,2007-10-12,FEMALE,divyanair@gmail.com,9891787915,BATCH_26,ME,26ME108
Rohan Sharma,2009-03-08,MALE,rohan.sharma74@outlook.com,9232713209,BATCH_26,CD,26CD114
Vikram Iyer,2009-09-13,FEMALE,vikram.iyer88@gmail.com,9167532163,BATCH_26,CC,26CC114
Manish Mohan,2004-04-06,MALE,manish.mohan15@gmail.com,9651562387,BATCH_23,ME,23ME125
Nikhil Krishnan,2005-11-18,MALE,nikhil.krishnan@gmail.com,9074299074,BATCH_23,EC,23EC114
Kabir Chowdary,2008-01-28,OTHER,kchowdary@gmail.com,9446658952,BATCH_27,CC,27CC101
Krishna Joshi,2005-12-08,MALE,krishna.joshi59@outlook.com,9525486150,BATCH_23,EE,23EE107
Aarav Verma,2007-03-03,MALE,aaravverma55@yahoo.com,9994574051,BATCH_25,EC,25EC120
Reyansh Chandra,2008-12-18,FEMALE,reyansh.chandra87@yahoo.com,9271513194,BATCH_27,ME,27ME095
Naveen Pandey,2004-12-01,FEMALE,naveenpandey@gmail.com,9182070669,BATCH_22,CC,22CC104
Ishaan Naidu,2005-02-17,MALE,ishaan.naidu@gmail.com,9193600608,BATCH_23,EC,23EC115
Varun Devi,2007-02-11,FEMALE,varundevi352@gmail.com,9906594013,BATCH_25,EE,25EE116
Dhruv Krishnan,2009-05-05,FEMALE,dhruvkrishnan203@yahoo.com,9759097228,BATCH_27,CC,27CC102
Vihaan Menon,2008-09-09,MALE,vihaan_menon@yahoo.com,9326630562,BATCH_26,CI,26CI120
Om Pandey,2007-03-29,MALE,ompandey@gmail.com,9348749391,BATCH_25,CD,25CD105
Esha Desai,2008-04-15,FEMALE,esha.desai85@gmail.com,9104979140,BATCH_25,EC,25EC121
Bhavya Babu,2008-10-31,MALE,bhavyababu831@gmail.com,9640009256,BATCH_25,ME,25ME120
Varun Chandra,2007-06-15,FEMALE,varunchandra@gmail.com,9516932405,BATCH_25,ME,25ME121
Aditi Malhotra,2004-09-02,OTHER,aditimalhotra24@gmail.com,9672323290,BATCH_22,CI,22CI109
Jyoti Sharma,2004-10-14,FEMALE,jyotisharma@gmail.com,9539313895,BATCH_22,CI,22CI110
Sanjay Pillai,2007-02-06,FEMALE,spillai@outlook.com,9349361832,BATCH_25,EE,25EE117
Aditya Verma,2006-05-27,MALE,adityaverma154@gmail.com,9269883209,BATCH_24,CS,24CS103
Dhruv Sharma,2004-02-19,FEMALE,dhruvsharma18@gmail.com,9220638707,BATCH_22,CI,22CI111
Arjun Goud,2007-12-11,MALE,arjun.goud47@gmail.com,9824740794,BATCH_24,EC,24EC104
Siddharth Rao,2009-12-23,MALE,srao@outlook.com,9628372372,BATCH_27,CC,27CC103
Tanvi Chowdary,2007-11-30,FEMALE,tanvichowdary@yahoo.com,9277933335,BATCH_24,CD,24CD122
Om Pillai,2007-01-26,MALE,om_pillai@yahoo.com,9698720506,BATCH_24,ME,24ME109
Reyansh Patel,2008-11-02,MALE,reyansh.patel89@gmail.com,9703864732,BATCH_26,EC,26EC108
Vihaan Malhotra,2008-12-26,MALE,vihaan.malhotra13@outlook.com,9282485802,BATCH_26,CI,26CI121
Abhinav Mohan,2006-02-02,MALE,abhinav.mohan36@gmail.com,9632285563,BATCH_24,CI,24CI123
Divya Kapoor,2008-04-19,MALE,divyakapoor335@outlook.com,9085067209,BATCH_27,CS,27CS121
Diya Sharma,2006-06-18,MALE,diyasharma@gmail.com,9168447314,BATCH_24,CM,24CM105
Nikhil Joshi,2009-05-22,FEMALE,nikhil.joshi4@gmail.com,9528789999,BATCH_26,CS,26CS114
Aditya Raju,2008-04-27,FEMALE,aditya_raju@outlook.com,9377997931,BATCH_26,CI,26CI122
Rahul Pandey,2005-05-13,FEMALE,rahulpandey237@gmail.com,9554272447,BATCH_24,CC,24CC122
Rahul Patel,2005-12-21,MALE,rahulpatel171@gmail.com,9576207266,BATCH_22,CS,22CS106
Sanya Iyer,2007-06-20,MALE,sanya.iyer57@gmail.com,9658090538,BATCH_26,EE,26EE122
Ishaan Naidu,2003-05-05,FEMALE,ishaan.naidu76@gmail.com,9280065564,BATCH_22,EE,22EE113
Isha Singh,2006-09-25,FEMALE,isha_singh@gmail.com,9512765289,BATCH_24,EE,24EE125
Reyansh Rani,2005-12-18,FEMALE,reyansh_rani@gmail.com,9825222991,BATCH_23,ME,23ME126
Bhavya Babu,2008-08-22,MALE,bbabu@gmail.com,9311149633,BATCH_27,CI,27CI116
Siddharth Sharma,2006-08-31,FEMALE,siddharth.sharma@gmail.com,9891367161,BATCH_24,CI,24CI124
Reyansh Prasad,2007-05-16,MALE,reyanshprasad18@gmail.com,9495742188,BATCH_26,CM,26CM104
Lakshmi Malhotra,2004-09-30,FEMALE,lakshmi.malhotra52@gmail.com,9520232091,BATCH_22,CC,22CC105
Bhavya Desai,2006-06-14,MALE,bhavya.desai99@gmail.com,9354083866,BATCH_24,ME,24ME110
Isha Pandey,2004-11-24,MALE,isha.pandey@gmail.com,9641967896,BATCH_22,EC,22EC105
Manish Devi,2006-04-06,MALE,manish_devi@gmail.com,9919304201,BATCH_24,EC,24EC105
Pranav Mohan,2008-11-05,MALE,pranav_mohan@gmail.com,9265173281,BATCH_26,CC,26CC115
Nisha Devi,2005-02-06,OTHER,nisha_devi@gmail.com,9062471656,BATCH_24,EC,24EC106
Abhinav Malhotra,2006-04-08,MALE,abhinav.malhotra@gmail.com,9181312547,BATCH_25,CM,25CM114
Manish Kumar,2006-08-15,MALE,manishkumar122@gmail.com,9182327388,BATCH_23,CI,23CI100
Manish Rao,2003-09-08,FEMALE,mrao@gmail.com,9502910697,BATCH_22,ME,22ME107
Divya Patel,2005-04-19,OTHER,divya.patel@yahoo.com,9690362891,BATCH_23,CD,23CD113
Diya Raju,2008-01-02,FEMALE,diya.raju@gmail.com,9861993145,BATCH_26,ME,26ME109
Arjun Chowdary,2004-06-15,MALE,arjun.chowdary@gmail.com,9122444189,BATCH_22,CC,22CC106
Riya Chowdary,2007-10-01,FEMALE,riya.chowdary67@gmail.com,9648646659,BATCH_26,EE,26EE123
Bhavya Rani,2008-07-15,MALE,bhavya.rani76@gmail.com,9910407629,BATCH_27,CM,27CM119
Nikhil Mohan,2006-09-10,FEMALE,nikhil.mohan66@gmail.com,9338004143,BATCH_24,EC,24EC107
Om Joshi,2006-06-20,MALE,om.joshi32@gmail.com,9928223312,BATCH_25,EC,25EC122
Aryan Pillai,2005-12-19,FEMALE,aryan.pillai@yahoo.com,9959730912,BATCH_22,EC,22EC106
Harini Devi,2007-07-29,FEMALE,harinidevi370@yahoo.com,9876190750,BATCH_25,CM,25CM115
Ishaan Rani,2007-09-28,FEMALE,ishaanrani@hotmail.com,9058777701,BATCH_25,CD,25CD106
Dhruv Mishra,2005-12-20,FEMALE,dmishra@yahoo.com,9394570394,BATCH_23,CM,23CM127
Kavya Chowdary,2009-03-11,FEMALE,kavya.chowdary3@gmail.com,9230706594,BATCH_27,CC,27CC104
Divya Malhotra,2008-03-13,FEMALE,divyamalhotra881@gmail.com,9459198781,BATCH_27,ME,27ME096
Esha Mohan,2005-03-03,FEMALE,emohan@gmail.com,9104476149,BATCH_23,EE,23EE108
Pranav Chowdary,2007-01-10,FEMALE,pranav.chowdary@gmail.com,9101460193,BATCH_25,EC,25EC123
Rakesh Prasad,2006-06-23,MALE,rakeshprasad@gmail.com,9789632067,BATCH_24,CM,24CM106
Meera Malhotra,2004-03-18,FEMALE,meera.malhotra26@hotmail.com,9559948482,BATCH_23,EE,23EE109
Ira Kapoor,2008-04-09,FEMALE,ira_kapoor@gmail.com,9083344470,BATCH_26,ME,26ME110
Manish Nair,2006-01-12,FEMALE,manishnair@outlook.com,9912569525,BATCH_24,CM,24CM107
Jyoti Nair,2007-12-16,OTHER,jyotinair66@gmail.com,9758437402,BATCH_25,CC,25CC121
Riya Verma,2009-07-25,MALE,riya.verma18@gmail.com,9574808437,BATCH_27,CM,27CM120
Sanya Rani,2009-02-10,FEMALE,sanya.rani8@gmail.com,9159132684,BATCH_26,CS,26CS115
Kavya Mohan,2004-07-01,FEMALE,kavya_mohan@gmail.com,9346058119,BATCH_22,CD,22CD109
Isha Babu,2007-11-24,FEMALE,isha.babu4@gmail.com,9236133760,BATCH_26,ME,26ME111
Manish Babu,2004-04-21,FEMALE,manish_babu@gmail.com,9126528100,BATCH_22,CS,22CS107
Sanjay Sharma,2004-06-08,MALE,sanjay_sharma@gmail.com,9807738345,BATCH_22,EE,22EE114
Karthik Mishra,2007-04-29,FEMALE,karthikmishra787@gmail.com,9316166974,BATCH_25,ME,25ME122
Arjun Chandra,2005-03-20,FEMALE,arjun_chandra@gmail.com,9877638253,BATCH_23,CI,23CI101
Tanvi Nair,2005-12-05,MALE,tnair@gmail.com,9289611223,BATCH_23,CD,23CD114
Pranav Menon,2008-09-25,MALE,pranavmenon@hotmail.com,9935440711,BATCH_26,CM,26CM105
Gauri Babu,2004-09-21,MALE,gauribabu624@gmail.com,9615553513,BATCH_23,CS,23CS100
Naveen Desai,2008-06-12,MALE,naveendesai305@gmail.com,9878066866,BATCH_27,EE,27EE098
Siddharth Verma,2005-03-26,MALE,siddharthverma803@outlook.com,9678879661,BATCH_23,CS,23CS101
Jyoti Babu,2008-02-26,FEMALE,jyotibabu@gmail.com,9710065626,BATCH_26,CS,26CS116
Rohan Verma,2005-07-29,FEMALE,rohanverma475@gmail.com,9350214210,BATCH_22,CS,22CS108
Arjun Goud,2006-07-20,MALE,arjun.goud16@gmail.com,9129451055,BATCH_23,ME,23ME127
Diya Sharma,2004-05-17,FEMALE,diya.sharma@gmail.com,9454995259,BATCH_22,CM,22CM106
Nikhil Goud,2009-02-23,FEMALE,nikhil.goud@gmail.com,9960250927,BATCH_27,CM,27CM121
Dhruv Gupta,2006-05-28,OTHER,dhruv.gupta63@gmail.com,9268396995,BATCH_24,CI,24CI125
Dhruv Raju,2006-02-12,MALE,dhruvraju@gmail.com,9123829657,BATCH_25,CS,25CS107
Meera Nair,2005-08-19,MALE,meeranair@outlook.com,9714254633,BATCH_23,CS,23CS102
Aarav Rani,2004-05-03,FEMALE,aaravrani991@gmail.com,9710031539,BATCH_22,EE,22EE115
Zoya Reddy,2006-01-02,MALE,zoyareddy297@gmail.com,9811000778,BATCH_25,CM,25CM116
Aditya Pillai,2005-05-03,FEMALE,aditya.pillai15@gmail.com,9566572625,BATCH_23,CI,23CI102
Jyoti Mohan,2005-04-15,FEMALE,jyoti_mohan@yahoo.com,9618637159,BATCH_23,CD,23CD115
Ishaan Devi,2008-03-09,FEMALE,ishaandevi@gmail.com,9619549029,BATCH_26,CM,26CM106
Tanvi Rao,2008-04-26,FEMALE,tanvirao53@gmail.com,9858009998,BATCH_26,CS,26CS117
Meera Pandey,2008-08-02,MALE,meerapandey@gmail.com,9540165995,BATCH_26,ME,26ME112
Vihaan Reddy,2008-09-30,MALE,vihaanreddy@gmail.com,9087563449,BATCH_26,EC,26EC109
Kavya Yadav,2005-03-15,MALE,kyadav@gmail.com,9076836253,BATCH_23,CM,23CM128
Vikram Iyer,2008-08-17,FEMALE,vikram.iyer@yahoo.com,9156756650,BATCH_26,CC,26CC116
Reyansh Sharma,2009-11-24,MALE,reyansh.sharma@outlook.com,9452050099,BATCH_27,ME,27ME097
Aryan Desai,2007-03-12,MALE,aryandesai719@gmail.com,9233060463,BATCH_25,CS,25CS108
Sanya Rani,2007-10-03,MALE,sanyarani517@gmail.com,9338848792,BATCH_25,CS,25CS109
Aditya Chandra,2009-12-22,FEMALE,aditya.chandra@gmail.com,9056358699,BATCH_26,CM,26CM107
Rakesh Menon,2004-06-06,MALE,rakeshmenon986@gmail.com,9435108683,BATCH_23,CI,23CI103
Karthik Raju,2004-03-02,MALE,karthikraju988@gmail.com,9266620685,BATCH_22,CS,22CS109
Varun Pandey,2004-01-14,MALE,varunpandey994@gmail.com,9337449998,BATCH_22,EC,22EC107
Ananya Reddy,2008-02-12,FEMALE,ananyareddy312@outlook.com,9848994549,BATCH_27,CI,27CI117
Tarun Mohan,2006-11-29,MALE,tarun.mohan98@gmail.com,9744730981,BATCH_24,CC,24CC123
Zoya Kapoor,2005-04-23,MALE,zoyakapoor535@outlook.com,9949957202,BATCH_24,CS,24CS104
Nisha Joshi,2005-10-11,MALE,nisha.joshi30@yahoo.com,9498436241,BATCH_23,CD,23CD116
Krishna Singh,2003-08-20,FEMALE,krishna.singh@hotmail.com,9738546623,BATCH_22,CC,22CC107
Tarun Gupta,2005-01-27,FEMALE,tarungupta832@gmail.com,9978875439,BATCH_24,EE,24EE126
Chitra Rani,2009-08-04,MALE,chitra.rani61@gmail.com,9483427973,BATCH_26,CM,26CM108
Esha Menon,2004-08-30,FEMALE,esha.menon24@gmail.com,9358727299,BATCH_23,CC,23CC111
Vikram Mishra,2010-07-15,FEMALE,vikram.mishra39@gmail.com,9351685224,BATCH_27,CC,27CC105
Gauri Patel,2006-03-17,MALE,gauri.patel@gmail.com,9831672324,BATCH_24,CD,24CD123
Ananya Desai,2008-12-14,FEMALE,ananya.desai66@outlook.com,9397187072,BATCH_25,EE,25EE118
Varun Yadav,2008-06-05,FEMALE,varunyadav277@gmail.com,9529999143,BATCH_25,CC,25CC122
Aarav Kapoor,2009-02-02,FEMALE,aaravkapoor926@gmail.com,9463910274,BATCH_27,ME,27ME098
Jyoti Verma,2005-06-04,MALE,jyoti.verma93@gmail.com,9627181100,BATCH_23,ME,23ME128
Abhinav Menon,2009-10-16,FEMALE,abhinav.menon86@gmail.com,9476121893,BATCH_27,CC,27CC106
Tanvi Joshi,2004-04-25,FEMALE,tanvijoshi274@gmail.com,9815228820,BATCH_22,ME,22ME108
Riya Goud,2006-12-02,OTHER,riya.goud@gmail.com,9436145501,BATCH_24,EC,24EC108
Sanya Pillai,2005-05-05,FEMALE,sanya_pillai@yahoo.com,9670619750,BATCH_24,CC,24CC124
Naveen Sharma,2009-12-16,MALE,naveensharma922@gmail.com,9738890761,BATCH_27,CD,27CD119
Harini Patel,2008-05-13,FEMALE,harini_patel@gmail.com,9775316279,BATCH_26,CI,26CI123
Harini Naidu,2007-11-21,MALE,harininaidu567@gmail.com,9412220387,BATCH_26,CD,26CD115
Sanya Mishra,2010-05-22,FEMALE,sanya.mishra@gmail.com,9082824649,BATCH_27,CM,27CM122
Sanya Sharma,2007-12-09,MALE,sanya.sharma59@yahoo.com,9168897803,BATCH_25,CC,25CC123
Sanya Nair,2006-12-13,MALE,sanyanair47@gmail.com,9370632300,BATCH_24,CI,24CI126
Tanvi Sharma,2005-11-21,FEMALE,tanvi_sharma@outlook.com,9363998651,BATCH_24,CS,24CS105
Ishaan Desai,2004-06-16,MALE,ishaandesai393@outlook.com,9960530261,BATCH_22,CC,22CC108
Gauri Reddy,2009-08-04,FEMALE,gaurireddy959@gmail.com,9029748057,BATCH_27,CD,27CD120
Divya Chandra,2005-12-18,OTHER,divyachandra464@gmail.com,9660612405,BATCH_23,ME,23ME129
Rahul Chowdary,2010-12-11,FEMALE,rahul.chowdary@gmail.com,9029845582,BATCH_27,CD,27CD121
Sai Menon,2008-12-01,MALE,sai.menon44@gmail.com,9328116599,BATCH_26,ME,26ME113
Gauri Devi,2006-03-13,FEMALE,gauridevi@gmail.com,9155732573,BATCH_23,CM,23CM129
Esha Goud,2005-12-30,FEMALE,eshagoud282@outlook.com,9864178256,BATCH_23,CC,23CC112
Divya Babu,2008-05-23,OTHER,divyababu515@gmail.com,9390390920,BATCH_25,EC,25EC124
Lakshmi Reddy,2005-03-07,MALE,lakshmireddy273@hotmail.com,9094341023,BATCH_23,EE,23EE110
Vikram Babu,2003-11-19,MALE,vikrambabu@gmail.com,9945311029,BATCH_22,CI,22CI112
Meera Rani,2005-06-02,OTHER,meera.rani56@gmail.com,9921518260,BATCH_23,CD,23CD117
Chitra Yadav,2003-01-14,MALE,chitra.yadav97@gmail.com,9616824979,BATCH_22,CC,22CC109
Vihaan Rani,2008-06-11,FEMALE,vihaan.rani@gmail.com,9867342575,BATCH_25,CS,25CS110
Bhavya Gupta,2009-02-04,MALE,bhavya_gupta@gmail.com,9050474410,BATCH_27,CS,27CS122
Vikram Raju,2006-08-17,MALE,vikramraju@gmail.com,9399305616,BATCH_24,ME,24ME111
Isha Singh,2010-03-08,MALE,ishasingh@gmail.com,9981352833,BATCH_27,EE,27EE099
Sanjay Mishra,2004-08-14,FEMALE,sanjay.mishra27@hotmail.com,9148030073,BATCH_22,EC,22EC108
Sanjay Kapoor,2005-10-26,MALE,sanjay.kapoor28@gmail.com,9874955910,BATCH_24,CD,24CD124
Arjun Mohan,2005-07-19,FEMALE,arjunmohan@outlook.com,9102014505,BATCH_22,ME,22ME109
Meera Malhotra,2009-05-19,MALE,meeramalhotra329@gmail.com,9894667465,BATCH_27,CD,27CD122
Uday Desai,2009-03-19,MALE,udaydesai@gmail.com,9111189098,BATCH_27,ME,27ME099
Siddharth Gupta,2007-09-13,MALE,siddharth_gupta@gmail.com,9456449485,BATCH_25,CS,25CS111
Bhavya Joshi,2006-10-04,MALE,bhavyajoshi128@gmail.com,9618382559,BATCH_24,EC,24EC109
Lakshmi Raju,2005-10-12,FEMALE,lakshmiraju@gmail.com,9660709419,BATCH_22,CS,22CS110
Reyansh Desai,2007-12-26,MALE,reyanshdesai29@gmail.com,9959617088,BATCH_26,CI,26CI124
Aarav Mohan,2004-10-20,MALE,aarav.mohan9@gmail.com,9405980260,BATCH_22,CC,22CC110
Tanvi Babu,2006-03-30,MALE,tanvibabu67@outlook.com,9808551729,BATCH_23,EE,23EE111
Uday Kapoor,2009-01-07,MALE,udaykapoor609@gmail.com,9960647245,BATCH_27,CC,27CC107
Ananya Kapoor,2007-01-31,MALE,ananyakapoor646@gmail.com,9800003810,BATCH_25,CC,25CC124
Uday Desai,2007-08-11,MALE,uday.desai94@gmail.com,9939290600,BATCH_25,CS,25CS112
Lakshmi Patel,2006-02-22,MALE,lakshmi.patel@gmail.com,9600804435,BATCH_24,CS,24CS106
Dhruv Krishnan,2004-03-15,OTHER,dhruv.krishnan57@gmail.com,9727514214,BATCH_22,CD,22CD110
Reyansh Rao,2006-12-21,FEMALE,reyansh_rao@gmail.com,9472700318,BATCH_23,CS,23CS103
Siddharth Menon,2008-10-28,FEMALE,siddharth.menon51@gmail.com,9378866364,BATCH_25,EC,25EC125
Bhavya Pillai,2004-04-26,FEMALE,bhavyapillai433@outlook.com,9876798976,BATCH_22,CD,22CD111
Tanvi Kapoor,2004-09-06,MALE,tkapoor@gmail.com,9351090933,BATCH_23,EE,23EE112
Gauri Iyer,2008-04-05,FEMALE,gauriiyer714@hotmail.com,9708345730,BATCH_25,CC,25CC125
Aditi Malhotra,2007-05-23,FEMALE,aditimalhotra953@gmail.com,9553095276,BATCH_26,CD,26CD116
Aditi Babu,2005-05-18,FEMALE,aditibabu706@gmail.com,9800203287,BATCH_24,CS,24CS107
Varun Desai,2006-05-08,FEMALE,varundesai823@gmail.com,9253672946,BATCH_24,ME,24ME112
Reyansh Yadav,2009-12-26,MALE,reyanshyadav@gmail.com,9057769850,BATCH_27,CS,27CS123
Bhavya Raju,2008-10-01,FEMALE,bhavya.raju88@gmail.com,9344049639,BATCH_25,CS,25CS113
Karthik Goud,2007-06-04,FEMALE,karthik.goud32@hotmail.com,9618499261,BATCH_24,ME,24ME113
Manish Mohan,2005-06-16,FEMALE,manish.mohan@outlook.com,9078490296,BATCH_23,CI,23CI104
Nisha Patel,2008-05-26,MALE,nisha.patel@gmail.com,9486711881,BATCH_25,ME,25ME123
Rahul Malhotra,2009-07-25,FEMALE,rahulmalhotra551@gmail.com,9935107385,BATCH_27,CD,27CD123
Kabir Reddy,2009-04-02,MALE,kabir_reddy@yahoo.com,9066729836,BATCH_27,ME,27ME100
Bhavya Rani,2005-01-14,MALE,bhavyarani@gmail.com,9077898196,BATCH_24,CI,24CI127
Priya Nair,2006-07-10,FEMALE,priyanair267@gmail.com,9728261867,BATCH_24,CM,24CM108
Reyansh Devi,2006-06-17,FEMALE,reyansh.devi@gmail.com,9775041190,BATCH_23,CI,23CI105
Bhavya Desai,2006-04-06,MALE,bhavyadesai667@gmail.com,9442360256,BATCH_23,EE,23EE113
Pranav Kapoor,2007-10-05,MALE,pranavkapoor306@gmail.com,9119797507,BATCH_24,CM,24CM109
Gauri Mohan,2005-10-02,FEMALE,gauri.mohan@hotmail.com,9438684438,BATCH_24,EC,24EC110
Arjun Patel,2005-07-17,MALE,apatel@gmail.com,9888139901,BATCH_22,CI,22CI113
Reyansh Reddy,2008-12-16,MALE,reyanshreddy883@outlook.com,9087798087,BATCH_25,CC,25CC126
Harini Rao,2007-02-19,MALE,harini.rao56@gmail.com,9747733294,BATCH_25,CS,25CS114
Yash Devi,2005-02-27,MALE,yashdevi@gmail.com,9521738101,BATCH_22,CS,22CS111
Nikhil Chandra,2004-11-11,MALE,nikhil.chandra40@gmail.com,9140545681,BATCH_22,CM,22CM107
Nisha Naidu,2006-11-26,MALE,nisha.naidu63@outlook.com,9459908027,BATCH_23,CM,23CM130
Kabir Iyer,2004-02-02,MALE,kabir.iyer4@gmail.com,9746564260,BATCH_22,CC,22CC111
Lakshmi Singh,2008-09-29,MALE,lakshmi_singh@yahoo.com,9744123599,BATCH_26,CM,26CM109
Om Mohan,2008-09-26,MALE,ommohan801@hotmail.com,9926137150,BATCH_25,CS,25CS115
Rohan Goud,2005-04-02,FEMALE,rohangoud@yahoo.com,9132041042,BATCH_23,EC,23EC116
Zoya Mishra,2006-12-08,FEMALE,zoya.mishra48@gmail.com,9955870425,BATCH_24,CI,24CI128
Divya Devi,2009-05-25,MALE,ddevi@outlook.com,9491320237,BATCH_27,CS,27CS124
Aryan Chowdary,2007-09-29,FEMALE,aryan_chowdary@gmail.com,9197543734,BATCH_25,CI,25CI109
Rakesh Naidu,2004-10-14,MALE,rakeshnaidu648@gmail.com,9431295431,BATCH_22,EE,22EE116
Tarun Yadav,2007-04-17,MALE,tarun.yadav@gmail.com,9264478937,BATCH_25,CD,25CD107
Dhruv Raju,2004-07-07,MALE,dhruv_raju@gmail.com,9221850932,BATCH_22,ME,22ME110
Yash Verma,2004-01-15,FEMALE,yash.verma98@gmail.com,9539009058,BATCH_22,CI,22CI114
Pranav Patel,2008-08-30,FEMALE,pranav.patel62@gmail.com,9086502136,BATCH_26,CD,26CD117
Harini Nair,2007-05-29,MALE,harininair783@gmail.com,9627123933,BATCH_25,EC,25EC126
Aditya Iyer,2009-03-18,MALE,adityaiyer107@gmail.com,9026269303,BATCH_27,CC,27CC108
Vikram Singh,2009-09-03,FEMALE,vikramsingh547@yahoo.com,9777055037,BATCH_27,EE,27EE100
Gauri Prasad,2009-07-04,MALE,gauriprasad7@gmail.com,9422162654,BATCH_26,ME,26ME114
Kavya Pillai,2008-11-27,MALE,kavyapillai603@gmail.com,9707554538,BATCH_27,CD,27CD124
Aditya Goud,2004-01-23,FEMALE,aditya.goud62@hotmail.com,9727809085,BATCH_23,CS,23CS104
Kabir Patel,2007-08-27,FEMALE,kabir.patel@hotmail.com,9151602529,BATCH_24,EE,24EE127
Harini Patel,2009-10-05,FEMALE,harini.patel77@gmail.com,9636025368,BATCH_27,CM,27CM123
Vihaan Devi,2008-02-11,FEMALE,vihaan_devi@outlook.com,9686744786,BATCH_25,CM,25CM117
Abhinav Yadav,2005-09-25,MALE,abhinav_yadav@gmail.com,9894921475,BATCH_23,CS,23CS105
Lakshmi Menon,2008-05-15,FEMALE,lakshmi.menon82@outlook.com,9747979782,BATCH_26,CD,26CD118
Ananya Babu,2005-01-31,FEMALE,ananya.babu@gmail.com,9766798899,BATCH_23,CS,23CS106
Gauri Sharma,2006-09-26,MALE,gsharma@gmail.com,9114921643,BATCH_24,ME,24ME114
Pranav Rani,2005-04-18,MALE,pranavrani@yahoo.com,9625123115,BATCH_23,CC,23CC113
Aditya Chowdary,2008-10-04,MALE,aditya.chowdary90@gmail.com,9017046226,BATCH_25,EE,25EE119
Lakshmi Malhotra,2006-10-31,MALE,lakshmi.malhotra69@outlook.com,9905809870,BATCH_24,CM,24CM110
Kavya Iyer,2006-10-28,MALE,kavyaiyer173@gmail.com,9614990941,BATCH_24,CD,24CD125
Nikhil Mohan,2005-02-23,MALE,nikhilmohan127@gmail.com,9789969860,BATCH_23,CM,23CM131
Vikram Menon,2004-02-29,MALE,vikram.menon@gmail.com,9593675359,BATCH_23,CS,23CS107
Karthik Kapoor,2005-10-29,MALE,karthik_kapoor@gmail.com,9986515902,BATCH_23,EC,23EC117
Priya Chowdary,2006-05-02,FEMALE,priya.chowdary37@gmail.com,9155254178,BATCH_24,CS,24CS108
Divya Chandra,2006-09-07,FEMALE,divyachandra@gmail.com,9032248913,BATCH_24,CC,24CC125
Priya Reddy,2006-08-26,FEMALE,priyareddy@outlook.com,9949382328,BATCH_23,ME,23ME130
Kabir Pandey,2007-01-08,FEMALE,kpandey@outlook.com,9229557693,BATCH_26,EC,26EC110
Aryan Raju,2009-06-10,FEMALE,aryanraju789@hotmail.com,9528337287,BATCH_27,CC,27CC109
Zoya Sharma,2007-06-10,FEMALE,zoya.sharma95@gmail.com,9699988081,BATCH_25,CS,25CS116
Sanjay Rao,2008-07-05,MALE,sanjay.rao80@gmail.com,9121698323,BATCH_26,CS,26CS118
Sai Pillai,2006-12-03,MALE,sai_pillai@gmail.com,9049577625,BATCH_25,CD,25CD108
Krishna Chowdary,2010-02-02,MALE,krishna.chowdary87@gmail.com,9702544965,BATCH_27,CI,27CI118
Ananya Babu,2007-02-07,MALE,ananyababu889@gmail.com,9129490401,BATCH_26,CI,26CI125
Aarav Mohan,2004-12-10,MALE,aarav.mohan@gmail.com,9944532217,BATCH_22,CD,22CD112
Rohan Patel,2008-02-28,MALE,rohan.patel@outlook.com,9759701190,BATCH_27,EE,27EE101
Aditya Iyer,2007-08-20,MALE,adityaiyer821@gmail.com,9731205886,BATCH_25,ME,25ME124
Rohan Reddy,2007-12-03,MALE,rohan.reddy@yahoo.com,9825320831,BATCH_26,CC,26CC117
Rakesh Mohan,2005-01-01,MALE,rakeshmohan@gmail.com,9750491684,BATCH_23,CI,23CI106
Jyoti Chowdary,2005-08-19,FEMALE,jyoti_chowdary@gmail.com,9640782993,BATCH_24,CM,24CM111
Karthik Pillai,2004-10-09,MALE,karthikpillai@yahoo.com,9802225962,BATCH_22,ME,22ME111
Tarun Chowdary,2008-08-30,MALE,tarunchowdary@gmail.com,9934048693,BATCH_27,CD,27CD125
Dhruv Verma,2007-03-23,FEMALE,dhruv.verma@outlook.com,9343542495,BATCH_24,CM,24CM112
Vihaan Goud,2006-01-09,OTHER,vihaan.goud92@gmail.com,9580935118,BATCH_24,EE,24EE128
Rahul Yadav,2007-08-18,FEMALE,rahulyadav294@gmail.com,9073485675,BATCH_25,CC,25CC127
Bhavya Nair,2007-01-24,FEMALE,bhavyanair@outlook.com,9017977660,BATCH_24,EC,24EC111
Aditi Iyer,2008-01-15,FEMALE,aditi.iyer33@gmail.com,9721734024,BATCH_26,CC,26CC118
Tarun Kumar,2007-09-07,FEMALE,tarunkumar216@gmail.com,9919409610,BATCH_25,CS,25CS117
Divya Mohan,2006-06-19,FEMALE,divya.mohan89@outlook.com,9999497320,BATCH_24,EE,24EE129
Tarun Pandey,2008-08-23,MALE,tarunpandey462@gmail.com,9079472052,BATCH_27,EE,27EE102
Sanya Patel,2005-07-27,FEMALE,sanyapatel@gmail.com,9472598568,BATCH_23,EE,23EE114
Chitra Kumar,2010-11-26,FEMALE,chitrakumar151@gmail.com,9564598034,BATCH_27,ME,27ME101
Harini Kapoor,2008-06-04,MALE,harinikapoor525@gmail.com,9833279307,BATCH_27,CS,27CS125
Nikhil Menon,2005-04-06,MALE,nikhilmenon582@yahoo.com,9388187169,BATCH_24,CC,24CC126
Tarun Naidu,2006-08-09,MALE,tarunnaidu541@gmail.com,9736540197,BATCH_24,CC,24CC127
Sanya Naidu,2004-01-23,MALE,sanyanaidu708@yahoo.com,9701765636,BATCH_23,CD,23CD118
Divya Patel,2007-02-27,FEMALE,divyapatel493@gmail.com,9215603871,BATCH_25,CD,25CD109
Harini Verma,2005-06-02,MALE,harini_verma@yahoo.com,9117309850,BATCH_24,EE,24EE130
Reyansh Babu,2005-04-28,MALE,reyansh_babu@outlook.com,9659050417,BATCH_23,CC,23CC114
Arjun Pandey,2007-09-10,MALE,arjunpandey830@gmail.com,9872390371,BATCH_25,ME,25ME125
Manish Iyer,2008-01-26,MALE,manish_iyer@gmail.com,9882309258,BATCH_26,CM,26CM110
Isha Naidu,2007-05-05,MALE,ishanaidu@gmail.com,9241568807,BATCH_26,CD,26CD119
Zoya Kumar,2007-09-17,FEMALE,zoyakumar232@outlook.com,9599735882,BATCH_24,CM,24CM113
Gauri Kapoor,2004-10-18,FEMALE,gaurikapoor242@gmail.com,9805682017,BATCH_22,CC,22CC112
Ananya Pandey,2008-07-26,MALE,ananyapandey116@yahoo.com,9280550774,BATCH_26,ME,26ME115
Dhruv Rani,2009-04-28,FEMALE,dhruvrani@gmail.com,9090533019,BATCH_27,EC,27EC115
Om Kumar,2005-11-03,MALE,omkumar@outlook.com,9502097002,BATCH_23,CD,23CD119
Zoya Desai,2006-08-22,FEMALE,zoya.desai@gmail.com,9336828765,BATCH_24,CD,24CD126
Jyoti Goud,2007-09-27,FEMALE,jyotigoud@yahoo.com,9566948993,BATCH_26,CC,26CC119
Kabir Verma,2006-10-02,MALE,kabirverma@gmail.com,9415771291,BATCH_25,EC,25EC127
Rohan Yadav,2010-08-03,FEMALE,rohanyadav17@gmail.com,9515995274,BATCH_27,CM,27CM124
Chitra Yadav,2004-02-02,MALE,chitra.yadav@gmail.com,9921029957,BATCH_22,CM,22CM108
Dhruv Chandra,2010-07-23,FEMALE,dhruvchandra521@gmail.com,9962498956,BATCH_27,ME,27ME102
Sanya Chowdary,2007-02-21,FEMALE,sanya.chowdary72@gmail.com,9770690533,BATCH_24,CS,24CS109
Karthik Malhotra,2007-07-07,FEMALE,karthikmalhotra12@yahoo.com,9927125663,BATCH_25,CS,25CS118
Varun Rao,2007-12-04,MALE,varun.rao38@gmail.com,9820700159,BATCH_25,CS,25CS119
Nisha Mishra,2007-02-02,MALE,nmishra@yahoo.com,9517827335,BATCH_26,CI,26CI126
Varun Babu,2007-12-24,FEMALE,varun_babu@gmail.com,9682119569,BATCH_25,CD,25CD110
Ishaan Mishra,2006-05-31,MALE,ishaan.mishra@gmail.com,9887820282,BATCH_24,CS,24CS110
Siddharth Reddy,2007-07-26,MALE,siddharth.reddy97@gmail.com,9665600762,BATCH_25,CD,25CD111
Abhinav Goud,2006-05-03,MALE,abhinavgoud785@gmail.com,9912235630,BATCH_24,CM,24CM114
Rohan Chowdary,2010-03-04,MALE,rohan_chowdary@gmail.com,9442305665,BATCH_27,EC,27EC116
Riya Mohan,2004-10-07,MALE,riya.mohan@gmail.com,9676511171,BATCH_22,ME,22ME112
Riya Reddy,2003-10-18,MALE,riya.reddy26@gmail.com,9865830983,BATCH_22,CI,22CI115
Reyansh Joshi,2007-07-21,FEMALE,reyanshjoshi@outlook.com,9020962868,BATCH_25,CC,25CC128
Meera Joshi,2007-11-13,MALE,meerajoshi967@gmail.com,9054417105,BATCH_25,CM,25CM118
Ananya Iyer,2006-11-04,FEMALE,ananya.iyer@gmail.com,9788166809,BATCH_25,CM,25CM119
Ananya Malhotra,2009-03-26,MALE,ananya.malhotra6@outlook.com,9578321684,BATCH_27,EE,27EE103
Vikram Mohan,2009-11-05,MALE,vikram.mohan86@hotmail.com,9266263951,BATCH_27,EC,27EC117
Siddharth Gupta,2006-08-26,FEMALE,sgupta@gmail.com,9718074922,BATCH_24,EC,24EC112
Vivaan Pandey,2003-06-05,MALE,vivaan.pandey@gmail.com,9384851596,BATCH_22,CD,22CD113
Bhavya Pandey,2004-08-27,MALE,bhavyapandey@yahoo.com,9271783332,BATCH_23,CD,23CD120
Rohan Krishnan,2004-03-01,FEMALE,rohan.krishnan1@hotmail.com,9228161823,BATCH_23,CI,23CI107
Naveen Patel,2005-06-29,FEMALE,naveenpatel409@gmail.com,9612206671,BATCH_22,CI,22CI116
Kavya Sharma,2007-11-09,MALE,kavyasharma276@yahoo.com,9466527523,BATCH_26,ME,26ME116
Zoya Desai,2009-08-20,OTHER,zoya_desai@gmail.com,9140344545,BATCH_27,CC,27CC110
Chitra Joshi,2005-07-22,FEMALE,chitra.joshi98@yahoo.com,9825170245,BATCH_23,EE,23EE115
Diya Malhotra,2005-09-24,MALE,diyamalhotra302@gmail.com,9164416101,BATCH_23,EC,23EC118
Reyansh Pillai,2010-04-12,MALE,reyanshpillai744@gmail.com,9611892605,BATCH_27,CC,27CC111
Harini Pillai,2009-01-12,FEMALE,harini.pillai52@gmail.com,9462506929,BATCH_26,CC,26CC120
Gauri Kumar,2007-06-07,FEMALE,gaurikumar@gmail.com,9230412027,BATCH_25,CI,25CI110
Naveen Verma,2005-11-11,FEMALE,naveenverma569@gmail.com,9422150574,BATCH_22,ME,22ME113
Vivaan Kapoor,2009-10-19,FEMALE,vivaan.kapoor73@outlook.com,9420680282,BATCH_27,CS,27CS126
Aditi Patel,2005-09-12,FEMALE,aditi.patel88@gmail.com,9829268898,BATCH_22,EE,22EE117
Ishaan Sharma,2004-10-07,FEMALE,ishaan.sharma@yahoo.com,9107693813,BATCH_22,CM,22CM109
Gauri Verma,2007-09-21,MALE,gauri.verma76@gmail.com,9395311695,BATCH_24,CI,24CI129
Tarun Babu,2007-03-07,MALE,tarun.babu73@outlook.com,9073970163,BATCH_24,CS,24CS111
Uday Chowdary,2006-04-22,MALE,udaychowdary@gmail.com,9243703919,BATCH_24,CD,24CD127
Aditi Desai,2006-01-27,FEMALE,aditi.desai12@gmail.com,9358217263,BATCH_24,CD,24CD128
Nikhil Patel,2009-05-30,MALE,nikhil.patel98@outlook.com,9741208180,BATCH_26,CM,26CM111
Karthik Naidu,2006-10-13,FEMALE,karthiknaidu535@outlook.com,9993659552,BATCH_25,CC,25CC129
Nisha Devi,2006-11-11,MALE,nisha.devi@gmail.com,9474230654,BATCH_23,ME,23ME131
Esha Raju,2007-06-03,FEMALE,esharaju567@gmail.com,9589225174,BATCH_26,CS,26CS119
Ananya Rani,2005-07-07,MALE,ananya.rani@gmail.com,9913375993,BATCH_24,CC,24CC128
Gauri Raju,2008-03-19,FEMALE,gauriraju344@yahoo.com,9878265003,BATCH_26,CI,26CI127
Nikhil Mohan,2007-01-18,FEMALE,nikhil.mohan16@gmail.com,9462933741,BATCH_25,ME,25ME126
Aditi Joshi,2007-02-22,FEMALE,aditi.joshi91@gmail.com,9775343374,BATCH_26,CD,26CD120
Aditi Babu,2006-06-14,FEMALE,aditibabu190@gmail.com,9731441583,BATCH_24,EE,24EE131
Chitra Patel,2004-07-10,FEMALE,chitra_patel@gmail.com,9787255877,BATCH_23,CD,23CD121
Rakesh Prasad,2008-06-11,MALE,rakesh.prasad92@gmail.com,9490476639,BATCH_26,CD,26CD121
Ira Gupta,2009-08-01,MALE,iragupta@outlook.com,9619667601,BATCH_27,CM,27CM125
Vivaan Singh,2005-02-14,FEMALE,vivaan.singh78@gmail.com,9479605623,BATCH_24,CI,24CI130
Naveen Rao,2007-12-18,MALE,naveen.rao76@gmail.com,9884813120,BATCH_26,EC,26EC111
Ishaan Menon,2009-01-22,MALE,ishaan_menon@gmail.com,9954108429,BATCH_26,CI,26CI128
Kabir Reddy,2007-11-13,FEMALE,kabirreddy@yahoo.com,9667637203,BATCH_26,CM,26CM112
Riya Gupta,2009-08-27,FEMALE,riya_gupta@gmail.com,9461616054,BATCH_27,CI,27CI119
Karthik Malhotra,2008-12-20,FEMALE,karthik.malhotra6@gmail.com,9945905375,BATCH_26,CI,26CI129
Bhavya Mohan,2003-10-19,MALE,bhavyamohan3@yahoo.com,9179164694,BATCH_22,CM,22CM110
Sai Raju,2007-04-06,MALE,sai.raju@gmail.com,9298766327,BATCH_25,CD,25CD112
Krishna Krishnan,2009-02-04,MALE,kkrishnan@yahoo.com,9426203708,BATCH_26,ME,26ME117
Bhavya Patel,2008-06-01,FEMALE,bhavyapatel@gmail.com,9208600219,BATCH_26,CI,26CI130
Sanya Prasad,2007-03-25,FEMALE,sanya.prasad@outlook.com,9072662925,BATCH_25,CI,25CI111
Gauri Malhotra,2004-01-29,FEMALE,gauri.malhotra28@gmail.com,9638346611,BATCH_22,CD,22CD114
Ira Devi,2009-09-26,FEMALE,iradevi167@hotmail.com,9079810513,BATCH_27,CD,27CD126
Vikram Naidu,2005-01-14,FEMALE,vikram.naidu93@gmail.com,9368346916,BATCH_23,ME,23ME132
Karthik Kumar,2009-07-16,FEMALE,karthikkumar@gmail.com,9932874342,BATCH_27,CD,27CD127
Jyoti Yadav,2006-10-26,FEMALE,jyotiyadav@gmail.com,9516289084,BATCH_24,CD,24CD129
Manish Reddy,2008-08-02,FEMALE,manish.reddy54@gmail.com,9600540757,BATCH_27,CS,27CS127
Tanvi Menon,2005-05-12,MALE,tanvi_menon@outlook.com,9922073556,BATCH_23,CS,23CS108
Ishaan Iyer,2004-01-23,MALE,ishaaniyer61@gmail.com,9298415091,BATCH_22,ME,22ME114
Jyoti Devi,2004-10-16,FEMALE,jyoti.devi@gmail.com,9179998908,BATCH_22,ME,22ME115
Harini Yadav,2009-12-19,FEMALE,harini.yadav@gmail.com,9438817676,BATCH_26,CM,26CM113
Ishaan Pandey,2007-09-18,FEMALE,ishaan.pandey@gmail.com,9525456847,BATCH_24,CM,24CM115
Rahul Yadav,2008-10-18,FEMALE,rahul_yadav@hotmail.com,9491286728,BATCH_27,CM,27CM126
Meera Naidu,2008-09-12,FEMALE,meera.naidu@gmail.com,9939334891,BATCH_26,EC,26EC112
Gauri Malhotra,2006-03-05,MALE,gauri.malhotra30@yahoo.com,9412478261,BATCH_25,EE,25EE120
Nisha Joshi,2006-10-03,MALE,nishajoshi@gmail.com,9445705589,BATCH_24,CM,24CM116
Dhruv Goud,2006-02-08,MALE,dhruv.goud60@gmail.com,9895473820,BATCH_23,CD,23CD122
Rakesh Gupta,2004-07-23,FEMALE,rakesh.gupta88@gmail.com,9931103100,BATCH_22,ME,22ME116
Rakesh Gupta,2009-11-13,MALE,rakeshgupta850@gmail.com,9682924590,BATCH_27,EE,27EE104
Vivaan Naidu,2007-06-29,FEMALE,vivaan_naidu@gmail.com,9998900111,BATCH_25,CC,25CC130
Vihaan Joshi,2008-10-14,FEMALE,vihaanjoshi831@gmail.com,9706983292,BATCH_27,EC,27EC118
Riya Rao,2008-11-01,FEMALE,riyarao608@gmail.com,9388953115,BATCH_25,EC,25EC128
Vikram Naidu,2005-10-15,FEMALE,vikramnaidu@gmail.com,9943191009,BATCH_23,CM,23CM132
Meera Prasad,2007-07-24,FEMALE,meera.prasad36@gmail.com,9253522938,BATCH_24,CS,24CS112
Lakshmi Chowdary,2006-12-31,FEMALE,lchowdary@yahoo.com,9647583356,BATCH_24,CC,24CC129
Abhinav Pandey,2006-12-05,MALE,abhinavpandey813@gmail.com,9418625652,BATCH_24,ME,24ME115
Siddharth Verma,2006-08-31,MALE,siddharth_verma@outlook.com,9414402211,BATCH_24,CM,24CM117
Aditi Malhotra,2005-04-12,FEMALE,amalhotra@yahoo.com,9723766041,BATCH_23,CC,23CC115
Jyoti Goud,2006-07-04,MALE,jyoti_goud@yahoo.com,9732222326,BATCH_24,CS,24CS113
Tarun Rao,2008-12-10,MALE,tarunrao794@gmail.com,9504043333,BATCH_25,CI,25CI112
Reyansh Rao,2007-07-04,FEMALE,reyansh.rao52@gmail.com,9595995924,BATCH_24,CI,24CI131
Sanjay Sharma,2006-09-21,FEMALE,ssharma@outlook.com,9853768361,BATCH_24,CM,24CM118
Kabir Raju,2008-08-11,MALE,kabirraju@gmail.com,9906155026,BATCH_26,CM,26CM114
Arjun Mishra,2007-03-07,FEMALE,arjunmishra431@gmail.com,9782489638,BATCH_25,EE,25EE121
Chitra Raju,2008-04-02,FEMALE,chitra.raju35@gmail.com,9408710066,BATCH_26,CC,26CC121
Reyansh Rani,2008-06-23,MALE,reyanshrani459@gmail.com,9340388333,BATCH_25,EC,25EC129
Karthik Kumar,2009-12-20,FEMALE,karthik_kumar@gmail.com,9839625774,BATCH_27,ME,27ME103
Sai Krishnan,2006-08-12,MALE,saikrishnan200@outlook.com,9044042414,BATCH_24,EC,24EC113
Bhavya Malhotra,2009-06-11,FEMALE,bhavya.malhotra23@gmail.com,9760670012,BATCH_26,EE,26EE124
Tanvi Verma,2006-07-31,FEMALE,tanvi_verma@outlook.com,9769519491,BATCH_24,CM,24CM119
Kabir Nair,2005-02-23,FEMALE,kabir.nair18@gmail.com,9350248552,BATCH_23,EE,23EE116
Naveen Mishra,2005-07-14,MALE,naveen.mishra@yahoo.com,9323047725,BATCH_24,CD,24CD130
Divya Kumar,2003-10-24,FEMALE,divya_kumar@gmail.com,9381352462,BATCH_22,CD,22CD115
Priya Rao,2006-12-13,FEMALE,priya.rao47@gmail.com,9837895264,BATCH_23,CI,23CI108
Esha Kumar,2005-09-01,MALE,ekumar@gmail.com,9575146954,BATCH_22,CI,22CI117
Sai Verma,2009-03-01,FEMALE,saiverma35@outlook.com,9580851115,BATCH_27,ME,27ME104
Abhinav Raju,2005-04-07,OTHER,abhinav.raju@outlook.com,9578354211,BATCH_22,CS,22CS112
Rahul Rani,2005-03-14,FEMALE,rahul_rani@gmail.com,9342678703,BATCH_23,CC,23CC116
Rakesh Chandra,2009-10-03,FEMALE,rakesh.chandra@yahoo.com,9829145470,BATCH_27,CD,27CD128
Harini Chandra,2007-10-29,FEMALE,harini.chandra@outlook.com,9286867149,BATCH_25,CC,25CC131
Sanjay Babu,2006-04-24,MALE,sanjaybabu798@hotmail.com,9007341527,BATCH_24,CS,24CS114
Ananya Raju,2004-01-08,MALE,ananya.raju@outlook.com,9334826452,BATCH_23,ME,23ME133
Vikram Kumar,2009-08-15,MALE,vikram.kumar38@gmail.com,9451160895,BATCH_27,CC,27CC112
Yash Gupta,2008-09-07,FEMALE,ygupta@gmail.com,9809783028,BATCH_26,CC,26CC122
Uday Pandey,2009-05-16,MALE,uday.pandey82@gmail.com,9717944059,BATCH_27,CS,27CS128
Rohan Rani,2003-12-23,FEMALE,rohanrani@yahoo.com,9765301770,BATCH_22,CM,22CM111
Vikram Raju,2007-02-21,FEMALE,vikram.raju@gmail.com,9193539103,BATCH_25,ME,25ME127
Siddharth Desai,2007-01-18,FEMALE,siddharthdesai@gmail.com,9580670914,BATCH_25,EC,25EC130
Isha Malhotra,2006-05-26,MALE,ishamalhotra804@gmail.com,9802335235,BATCH_24,CS,24CS115
Tarun Nair,2004-05-20,MALE,tarun.nair8@gmail.com,9433278855,BATCH_22,EE,22EE118
Esha Desai,2008-07-28,FEMALE,esha.desai@yahoo.com,9965776543,BATCH_26,EC,26EC113
Nisha Singh,2008-06-11,FEMALE,nishasingh@gmail.com,9775448160,BATCH_26,CD,26CD122
Gauri Patel,2005-05-11,MALE,gauri_patel@outlook.com,9778948963,BATCH_23,CM,23CM133
Vivaan Malhotra,2004-01-21,MALE,vmalhotra@hotmail.com,9130376049,BATCH_22,CS,22CS113
Divya Rao,2007-07-11,FEMALE,divyarao649@gmail.com,9335526202,BATCH_25,CD,25CD113
Sanjay Babu,2004-04-29,MALE,sanjay.babu@gmail.com,9186830291,BATCH_22,CC,22CC113
Nisha Rao,2008-01-04,FEMALE,nisha.rao64@hotmail.com,9284052185,BATCH_26,CS,26CS120
Aarav Malhotra,2006-04-06,OTHER,aaravmalhotra475@yahoo.com,9994232554,BATCH_24,CC,24CC130
Vivaan Krishnan,2005-07-15,FEMALE,vkrishnan@gmail.com,9838903091,BATCH_23,CD,23CD123
Yash Iyer,2005-08-01,MALE,yash.iyer@gmail.com,9521790053,BATCH_24,CD,24CD131
Siddharth Mohan,2004-05-01,MALE,siddharth.mohan@outlook.com,9427497847,BATCH_23,EE,23EE117
Lakshmi Joshi,2009-08-03,FEMALE,ljoshi@gmail.com,9484624314,BATCH_26,EE,26EE125
Pranav Prasad,2007-09-04,FEMALE,pprasad@gmail.com,9141633565,BATCH_24,ME,24ME116
Krishna Rani,2007-12-29,MALE,krishnarani919@gmail.com,9422212421,BATCH_25,ME,25ME128
Riya Desai,2006-07-25,MALE,riya.desai@gmail.com,9468677524,BATCH_23,CM,23CM134
Abhinav Prasad,2007-07-16,MALE,abhinavprasad47@outlook.com,9481335782,BATCH_24,CI,24CI132
Rohan Raju,2005-03-04,MALE,rohanraju292@gmail.com,9376037548,BATCH_23,CD,23CD124
Ananya Kapoor,2007-12-06,MALE,ananya_kapoor@gmail.com,9278066448,BATCH_24,CS,24CS116
Riya Yadav,2006-03-05,FEMALE,riyayadav@outlook.com,9114762073,BATCH_24,CD,24CD132
Yash Desai,2004-04-16,MALE,yashdesai@hotmail.com,9789265495,BATCH_23,CI,23CI109
Rahul Goud,2007-09-26,MALE,rahul_goud@outlook.com,9892554665,BATCH_25,EE,25EE122
Diya Patel,2007-10-20,FEMALE,diya.patel@gmail.com,9962914504,BATCH_25,CS,25CS120
Priya Singh,2009-11-18,FEMALE,priya.singh53@gmail.com,9164022612,BATCH_27,ME,27ME105
Ira Kumar,2004-09-10,MALE,ira.kumar@gmail.com,9661830858,BATCH_22,CC,22CC114
Arjun Joshi,2005-09-30,FEMALE,arjunjoshi966@gmail.com,9026691419,BATCH_22,EC,22EC109
Vihaan Raju,2008-06-23,FEMALE,vihaan.raju70@gmail.com,9014275526,BATCH_27,EE,27EE105
Harini Rani,2005-10-12,MALE,harini.rani6@gmail.com,9664391326,BATCH_23,CS,23CS109
Tanvi Rani,2006-11-06,MALE,tanvirani@gmail.com,9119941364,BATCH_24,CI,24CI133
Manish Raju,2006-09-17,FEMALE,manishraju@yahoo.com,9895899321,BATCH_24,CI,24CI134
Riya Mohan,2007-09-10,FEMALE,riyamohan315@gmail.com,9338780528,BATCH_25,CD,25CD114
Priya Sharma,2009-01-14,FEMALE,priyasharma@gmail.com,9989727405,BATCH_26,CS,26CS121
Vikram Desai,2008-05-03,MALE,vikram.desai51@gmail.com,9941854554,BATCH_26,CM,26CM115
Om Naidu,2007-09-24,MALE,om_naidu@gmail.com,9124211408,BATCH_25,CI,25CI113
Sanya Babu,2003-08-30,FEMALE,sanya_babu@gmail.com,9206881479,BATCH_22,CM,22CM112
Riya Sharma,2004-10-19,MALE,riyasharma@outlook.com,9052244133,BATCH_22,CC,22CC115
Nisha Sharma,2006-12-24,FEMALE,nishasharma@hotmail.com,9179286047,BATCH_24,CM,24CM120
Om Prasad,2008-03-25,MALE,om.prasad@outlook.com,9156639627,BATCH_26,CD,26CD123
Meera Joshi,2004-10-07,MALE,meerajoshi189@gmail.com,9127794917,BATCH_22,CS,22CS114
Aarav Goud,2009-08-22,MALE,aaravgoud678@gmail.com,9886951270,BATCH_27,CD,27CD129
Reyansh Chandra,2009-04-13,FEMALE,reyanshchandra@yahoo.com,9814900666,BATCH_27,EE,27EE106
Varun Singh,2008-02-07,FEMALE,varun.singh@gmail.com,9408579622,BATCH_26,CM,26CM116
Gauri Mohan,2008-07-05,OTHER,gauri.mohan@yahoo.com,9596841389,BATCH_26,EE,26EE126
Nisha Babu,2010-09-24,MALE,nisha.babu@gmail.com,9194448902,BATCH_27,ME,27ME106
Om Verma,2007-08-21,MALE,omverma653@gmail.com,9079148139,BATCH_26,CD,26CD124
Aarav Babu,2008-01-07,MALE,aaravbabu@gmail.com,9618175344,BATCH_25,CS,25CS121
Sanjay Babu,2010-06-06,FEMALE,sanjay.babu15@gmail.com,9295449669,BATCH_27,CC,27CC113
Rahul Pandey,2005-02-12,MALE,rahulpandey@gmail.com,9749713641,BATCH_22,CD,22CD116
Aditya Kapoor,2006-07-12,OTHER,aditya.kapoor1@gmail.com,9032296989,BATCH_23,CS,23CS110
Nikhil Chowdary,2005-12-31,MALE,nikhilchowdary570@gmail.com,9203667148,BATCH_23,CI,23CI110
Manish Kumar,2007-03-07,MALE,manishkumar@gmail.com,9342296428,BATCH_24,CM,24CM121
Nikhil Prasad,2005-01-01,FEMALE,nikhilprasad755@gmail.com,9131057169,BATCH_23,CS,23CS111
Kabir Reddy,2004-06-07,MALE,kabir.reddy40@yahoo.com,9863113433,BATCH_22,EE,22EE119
Kavya Nair,2009-04-07,MALE,kavyanair@gmail.com,9469297837,BATCH_27,EE,27EE107
Rahul Rao,2008-02-24,FEMALE,rahul.rao89@yahoo.com,9632870831,BATCH_25,EE,25EE123
Om Menon,2007-04-15,MALE,om.menon@gmail.com,9251448811,BATCH_25,CI,25CI114
Abhinav Joshi,2006-07-21,FEMALE,abhinavjoshi912@gmail.com,9100726076,BATCH_24,CC,24CC131
Dhruv Rao,2005-03-04,MALE,dhruv.rao@gmail.com,9093878812,BATCH_22,CI,22CI118
Vihaan Krishnan,2005-01-04,FEMALE,vkrishnan@yahoo.com,9729967224,BATCH_22,CS,22CS115
Sanya Devi,2008-10-15,FEMALE,sanyadevi@yahoo.com,9108839822,BATCH_25,EE,25EE124
Siddharth Menon,2006-07-19,MALE,smenon@gmail.com,9163952574,BATCH_25,EC,25EC131
Lakshmi Singh,2007-09-12,FEMALE,lakshmisingh@yahoo.com,9975649157,BATCH_25,CI,25CI115
Siddharth Singh,2009-02-02,MALE,siddharth.singh@gmail.com,9061664970,BATCH_27,CC,27CC114
Aarav Prasad,2008-05-29,FEMALE,aarav.prasad@gmail.com,9814944111,BATCH_26,EE,26EE127
Tarun Patel,2005-06-04,FEMALE,tarun.patel73@gmail.com,9975657833,BATCH_24,CD,24CD133
Varun Kapoor,2007-01-28,MALE,varun.kapoor15@gmail.com,9163587514,BATCH_26,EE,26EE128
Esha Singh,2005-10-18,FEMALE,eshasingh341@gmail.com,9688631240,BATCH_23,CC,23CC117
Vivaan Yadav,2007-01-03,MALE,vivaanyadav603@gmail.com,9988220925,BATCH_26,EC,26EC114
Rakesh Krishnan,2005-07-11,MALE,rakesh.krishnan89@yahoo.com,9346997990,BATCH_23,CM,23CM135
Aditya Nair,2007-06-20,FEMALE,aditya.nair89@gmail.com,9762055543,BATCH_25,CS,25CS122
Aarav Malhotra,2004-09-06,MALE,aarav_malhotra@gmail.com,9966758134,BATCH_22,CS,22CS116
Ishaan Prasad,2005-05-29,MALE,iprasad@outlook.com,9890082484,BATCH_23,EC,23EC119
Riya Babu,2008-02-09,MALE,riyababu69@gmail.com,9573376840,BATCH_26,CS,26CS122
Chitra Menon,2004-09-27,FEMALE,chitramenon@hotmail.com,9560669926,BATCH_22,EC,22EC110
Chitra Rani,2004-12-18,MALE,chitrarani492@gmail.com,9777842659,BATCH_22,CD,22CD117
Bhavya Rao,2006-07-18,MALE,bhavya.rao@gmail.com,9590888250,BATCH_24,CM,24CM122
Nisha Verma,2006-12-06,MALE,nisha.verma66@gmail.com,9555439878,BATCH_24,ME,24ME117
Yash Kumar,2008-06-15,FEMALE,yashkumar182@gmail.com,9309246430,BATCH_26,CS,26CS123
Sanya Pillai,2005-01-27,FEMALE,sanya.pillai38@gmail.com,9984469888,BATCH_23,CC,23CC118
Isha Goud,2004-04-10,FEMALE,ishagoud@hotmail.com,9604024517,BATCH_22,CD,22CD118
Sanya Prasad,2009-03-11,FEMALE,sanya.prasad68@outlook.com,9009003668,BATCH_27,CS,27CS129
Chitra Pandey,2008-03-25,FEMALE,chitrapandey592@hotmail.com,9734707246,BATCH_27,EE,27EE108
Naveen Kapoor,2005-02-03,MALE,nkapoor@yahoo.com,9467616472,BATCH_23,CI,23CI111
Harini Singh,2008-10-30,MALE,harini.singh@gmail.com,9315910518,BATCH_26,CI,26CI131
Arjun Gupta,2005-03-16,FEMALE,arjun.gupta@gmail.com,9152265576,BATCH_23,CD,23CD125
Abhinav Menon,2004-01-23,MALE,abhinavmenon@gmail.com,9674568652,BATCH_23,EC,23EC120
Om Joshi,2005-11-13,FEMALE,om.joshi17@gmail.com,9974185630,BATCH_23,EC,23EC121
Esha Nair,2008-04-05,MALE,esha.nair@gmail.com,9426647426,BATCH_25,CD,25CD115
Vihaan Pandey,2004-08-04,MALE,vihaanpandey199@gmail.com,9892337920,BATCH_23,CS,23CS112
Chitra Singh,2009-01-26,OTHER,chitra.singh43@gmail.com,9248910557,BATCH_27,CM,27CM127
Rahul Mishra,2004-10-17,FEMALE,rahul_mishra@gmail.com,9480373610,BATCH_23,ME,23ME134
Abhinav Verma,2003-09-17,MALE,abhinav.verma77@yahoo.com,9007192107,BATCH_22,CM,22CM113
Aditya Mohan,2004-02-07,MALE,adityamohan408@gmail.com,9346800369,BATCH_23,CI,23CI112
Karthik Pillai,2007-12-10,MALE,karthikpillai@gmail.com,9756661962,BATCH_24,EC,24EC114
Naveen Raju,2004-01-18,MALE,nraju@yahoo.com,9586919563,BATCH_23,CS,23CS113
Riya Kapoor,2007-03-19,MALE,riya.kapoor77@gmail.com,9870320320,BATCH_25,CS,25CS123
Siddharth Mishra,2008-09-15,FEMALE,siddharth.mishra88@gmail.com,9937707050,BATCH_27,CM,27CM128
Varun Patel,2005-07-11,FEMALE,varunpatel42@gmail.com,9749325114,BATCH_22,CC,22CC116
Kavya Joshi,2010-06-02,FEMALE,kavya.joshi@yahoo.com,9418500603,BATCH_27,CD,27CD130
Krishna Joshi,2006-11-24,MALE,krishnajoshi@outlook.com,9808766784,BATCH_24,CC,24CC132
Pranav Kapoor,2008-05-22,FEMALE,pranav.kapoor@outlook.com,9107911611,BATCH_27,CC,27CC115
Vikram Menon,2005-04-28,FEMALE,vikrammenon167@gmail.com,9537495252,BATCH_23,ME,23ME135
Manish Pillai,2007-05-04,FEMALE,manish.pillai@gmail.com,9343597369,BATCH_25,EC,25EC132
Pranav Chandra,2004-02-01,FEMALE,pranav.chandra@gmail.com,9154227095,BATCH_22,CS,22CS117
Abhinav Rani,2003-10-30,FEMALE,abhinav_rani@gmail.com,9829075515,BATCH_22,CC,22CC117
Sanya Kapoor,2005-11-24,FEMALE,sanya.kapoor54@hotmail.com,9684542772,BATCH_23,ME,23ME136
Kabir Yadav,2007-05-22,FEMALE,kabir.yadav@gmail.com,9974787067,BATCH_25,ME,25ME129
Naveen Rao,2007-11-17,FEMALE,naveenrao@gmail.com,9595129207,BATCH_26,CS,26CS124
Uday Reddy,2005-05-01,OTHER,uday.reddy66@gmail.com,9817781703,BATCH_23,ME,23ME137
Vihaan Malhotra,2004-05-16,FEMALE,vihaanmalhotra311@gmail.com,9574652320,BATCH_22,CM,22CM114
Om Nair,2005-12-17,FEMALE,om_nair@gmail.com,9282722992,BATCH_24,ME,24ME118
Sanjay Yadav,2004-11-08,MALE,sanjay.yadav5@gmail.com,9419715755,BATCH_22,EC,22EC111
Karthik Goud,2003-11-03,MALE,karthik_goud@gmail.com,9557553835,BATCH_22,CS,22CS118
Karthik Pillai,2004-09-21,MALE,karthikpillai735@gmail.com,9975287209,BATCH_22,CC,22CC118
Esha Yadav,2004-01-21,FEMALE,eshayadav310@gmail.com,9575410031,BATCH_22,CD,22CD119
Rohan Chandra,2008-02-20,MALE,rohanchandra@gmail.com,9422632621,BATCH_26,CS,26CS125
Vivaan Chandra,2004-08-22,MALE,vivaan.chandra50@outlook.com,9474859946,BATCH_23,EC,23EC122
Divya Mishra,2006-12-04,FEMALE,divya_mishra@outlook.com,9099290105,BATCH_24,CM,24CM123
Priya Kumar,2005-12-30,FEMALE,priya.kumar33@hotmail.com,9489877498,BATCH_23,CI,23CI113
Vikram Menon,2005-11-23,MALE,vikrammenon352@gmail.com,9959795823,BATCH_23,CS,23CS114
Uday Gupta,2009-09-16,MALE,udaygupta690@gmail.com,9111879619,BATCH_27,CS,27CS130
Meera Patel,2005-05-03,FEMALE,meera.patel@outlook.com,9858864078,BATCH_22,CC,22CC119
Kavya Mishra,2005-07-10,FEMALE,kavyamishra972@gmail.com,9287914881,BATCH_23,CS,23CS115
Vikram Rani,2007-10-23,MALE,vrani@hotmail.com,9392853202,BATCH_25,EC,25EC133
Ira Devi,2009-04-21,FEMALE,ira_devi@gmail.com,9688300483,BATCH_26,CC,26CC123
Siddharth Mishra,2004-07-27,MALE,smishra@outlook.com,9199890526,BATCH_22,CI,22CI119
Dhruv Gupta,2007-02-23,FEMALE,dhruv_gupta@gmail.com,9272592129,BATCH_25,ME,25ME130
Aditi Joshi,2005-02-27,MALE,aditi_joshi@gmail.com,9992724198,BATCH_23,EE,23EE118
Kavya Pandey,2007-03-13,MALE,kavya_pandey@outlook.com,9998663180,BATCH_24,CS,24CS117
Kavya Goud,2005-03-20,FEMALE,kavyagoud@gmail.com,9188345819,BATCH_23,EC,23EC123
Dhruv Rao,2003-03-16,MALE,dhruv_rao@gmail.com,9181315151,BATCH_22,ME,22ME117
Vikram Rao,2009-07-26,OTHER,vikram.rao68@outlook.com,9326739589,BATCH_27,EE,27EE109
Vivaan Menon,2006-11-07,FEMALE,vivaan.menon93@gmail.com,9103033799,BATCH_24,CC,24CC133
Aryan Menon,2009-06-12,MALE,amenon@yahoo.com,9279111108,BATCH_27,CC,27CC116
Rakesh Iyer,2006-03-22,MALE,rakesh_iyer@gmail.com,9851961159,BATCH_23,CD,23CD126
Reyansh Mohan,2007-04-12,MALE,rmohan@yahoo.com,9875955942,BATCH_24,CD,24CD134
Pranav Rao,2006-11-16,FEMALE,prao@outlook.com,9824741407,BATCH_24,EE,24EE132
Bhavya Prasad,2006-04-14,FEMALE,bhavya.prasad26@gmail.com,9268319013,BATCH_24,EE,24EE133
Isha Naidu,2007-07-19,FEMALE,isha_naidu@gmail.com,9857556442,BATCH_25,CM,25CM120
Pranav Babu,2009-08-11,MALE,pranavbabu609@gmail.com,9960383478,BATCH_27,CD,27CD131
Ishaan Mohan,2009-05-27,MALE,ishaanmohan@gmail.com,9722264728,BATCH_27,EC,27EC119
Ananya Naidu,2005-07-19,MALE,ananya_naidu@outlook.com,9333887000,BATCH_22,ME,22ME118
Jyoti Menon,2010-08-06,FEMALE,jmenon@gmail.com,9989582948,BATCH_27,CI,27CI120
Karthik Patel,2009-04-08,FEMALE,karthikpatel341@outlook.com,9385403369,BATCH_27,CC,27CC117
Karthik Babu,2003-04-02,FEMALE,karthik.babu@outlook.com,9104192245,BATCH_22,CM,22CM115
Abhinav Patel,2005-07-14,MALE,abhinav.patel24@yahoo.com,9604655866,BATCH_23,CM,23CM136
Gauri Singh,2007-07-26,MALE,gaurisingh806@gmail.com,9654862026,BATCH_25,CC,25CC132
Lakshmi Gupta,2008-04-18,MALE,lakshmi.gupta39@gmail.com,9708640259,BATCH_27,CS,27CS131
Pranav Babu,2007-12-13,FEMALE,pranav.babu31@gmail.com,9315032198,BATCH_25,CD,25CD116
Sanjay Chowdary,2005-02-16,FEMALE,sanjaychowdary@outlook.com,9246335157,BATCH_23,CM,23CM137
Krishna Gupta,2005-01-19,MALE,krishna.gupta@gmail.com,9565553040,BATCH_22,CS,22CS119
Siddharth Naidu,2006-05-25,MALE,siddharth_naidu@gmail.com,9258919959,BATCH_24,CC,24CC134
Ira Pandey,2008-11-03,FEMALE,irapandey977@gmail.com,9880409336,BATCH_25,ME,25ME131
Chitra Yadav,2007-03-11,MALE,chitrayadav@gmail.com,9584230227,BATCH_25,CM,25CM121
Bhavya Yadav,2006-05-29,FEMALE,bhavya_yadav@outlook.com,9076789973,BATCH_25,CS,25CS124
Dhruv Patel,2006-12-05,FEMALE,dhruv.patel@outlook.com,9638762157,BATCH_23,CC,23CC119
Dhruv Gupta,2006-07-10,MALE,dgupta@gmail.com,9274045645,BATCH_24,CS,24CS118
Meera Chandra,2003-08-21,MALE,mchandra@yahoo.com,9677600643,BATCH_22,EC,22EC112
Lakshmi Joshi,2006-10-03,FEMALE,ljoshi@outlook.com,9790133506,BATCH_24,CM,24CM124
Uday Rani,2006-01-27,FEMALE,udayrani508@gmail.com,9307108169,BATCH_24,CD,24CD135
Sanya Devi,2008-03-19,FEMALE,sanya.devi@outlook.com,9353422132,BATCH_26,CI,26CI132
Abhinav Goud,2006-10-01,FEMALE,abhinav.goud94@gmail.com,9511742614,BATCH_25,CM,25CM122
Gauri Chowdary,2008-08-24,MALE,gauri_chowdary@gmail.com,9127484677,BATCH_25,EE,25EE125
Chitra Pillai,2005-06-04,FEMALE,cpillai@gmail.com,9223543404,BATCH_23,EC,23EC124
Nisha Singh,2004-10-28,MALE,nishasingh444@gmail.com,9072674533,BATCH_22,CS,22CS120
Ira Iyer,2004-05-11,MALE,iiyer@yahoo.com,9126831822,BATCH_22,CM,22CM116
Gauri Iyer,2005-01-10,MALE,gauri.iyer@gmail.com,9545896019,BATCH_22,CS,22CS121
Gauri Pillai,2008-08-22,FEMALE,gpillai@gmail.com,9455848911,BATCH_26,EE,26EE129
Ananya Mishra,2004-01-12,OTHER,ananyamishra26@outlook.com,9577790554,BATCH_22,ME,22ME119
Kavya Devi,2004-05-01,FEMALE,kdevi@gmail.com,9836806014,BATCH_22,EC,22EC113
Divya Sharma,2004-10-26,FEMALE,divya.sharma29@outlook.com,9342051778,BATCH_22,CM,22CM117
Tanvi Chowdary,2008-10-11,MALE,tanvi.chowdary17@gmail.com,9018103068,BATCH_25,CI,25CI116
Harini Chowdary,2005-03-04,FEMALE,harini.chowdary42@gmail.com,9311015221,BATCH_24,CI,24CI135
Riya Nair,2004-12-15,FEMALE,riya.nair36@gmail.com,9494130249,BATCH_22,CM,22CM118
Aditya Krishnan,2006-10-16,FEMALE,aditya_krishnan@outlook.com,9360447070,BATCH_24,CS,24CS119
Chitra Chandra,2006-12-30,FEMALE,chitra.chandra@gmail.com,9158799684,BATCH_24,ME,24ME119
Chitra Desai,2009-01-04,MALE,cdesai@gmail.com,9931061735,BATCH_27,CD,27CD132
Kabir Verma,2007-11-04,FEMALE,kabir_verma@gmail.com,9987478122,BATCH_25,CI,25CI117
Kabir Verma,2008-07-29,MALE,kabir.verma60@gmail.com,9183073480,BATCH_27,CC,27CC118
Jyoti Verma,2004-11-17,FEMALE,jyotiverma233@gmail.com,9710248171,BATCH_23,CD,23CD127
Aryan Menon,2004-04-29,FEMALE,aryan.menon16@gmail.com,9485420986,BATCH_22,EE,22EE120
Kabir Joshi,2005-12-17,FEMALE,kabir.joshi@gmail.com,9864236455,BATCH_22,ME,22ME120
Priya Iyer,2005-12-23,MALE,priya.iyer@gmail.com,9720655194,BATCH_23,ME,23ME138
Aarav Nair,2007-02-23,FEMALE,aaravnair388@gmail.com,9715068524,BATCH_26,EC,26EC115
Ishaan Mishra,2009-01-04,MALE,ishaanmishra158@gmail.com,9376494133,BATCH_27,ME,27ME107
Abhinav Singh,2007-10-07,FEMALE,asingh@yahoo.com,9007924636,BATCH_25,EC,25EC134
Vikram Chowdary,2004-05-23,FEMALE,vikramchowdary191@gmail.com,9688501626,BATCH_22,ME,22ME121
Yash Gupta,2004-01-19,MALE,yashgupta@yahoo.com,9315915731,BATCH_22,EE,22EE121
Sanjay Malhotra,2007-03-06,MALE,sanjaymalhotra383@gmail.com,9060212886,BATCH_24,EE,24EE134
Karthik Joshi,2008-03-27,FEMALE,kjoshi@gmail.com,9146111055,BATCH_26,CI,26CI133
Jyoti Kapoor,2004-12-27,MALE,jkapoor@gmail.com,9864970350,BATCH_22,CC,22CC120
Krishna Menon,2006-02-19,FEMALE,krishnamenon618@gmail.com,9775657023,BATCH_24,CM,24CM125
Jyoti Raju,2007-02-09,FEMALE,jyoti.raju37@gmail.com,9611954062,BATCH_25,EC,25EC135
Vikram Nair,2005-01-16,MALE,vikram_nair@gmail.com,9756999449,BATCH_23,EC,23EC125
Vihaan Chandra,2009-04-12,FEMALE,vihaan.chandra30@gmail.com,9875359662,BATCH_26,EE,26EE130
Manish Raju,2006-05-03,FEMALE,manish.raju45@gmail.com,9343836404,BATCH_24,EE,24EE135
Rohan Rao,2008-11-25,MALE,rohan.rao7@gmail.com,9642116846,BATCH_25,EC,25EC136
Esha Reddy,2004-11-26,MALE,eshareddy399@gmail.com,9312441290,BATCH_23,EC,23EC126
Rakesh Rao,2007-04-30,FEMALE,rakeshrao783@gmail.com,9648002540,BATCH_24,CS,24CS120
Nisha Rao,2004-11-29,MALE,nisha.rao@yahoo.com,9749603358,BATCH_23,CM,23CM138
Nikhil Nair,2005-07-15,FEMALE,nikhil.nair63@gmail.com,9950087233,BATCH_23,CI,23CI114
Bhavya Prasad,2005-08-12,MALE,bhavyaprasad866@gmail.com,9345300470,BATCH_23,CI,23CI115
Vikram Gupta,2004-06-06,FEMALE,vikramgupta695@gmail.com,9443382854,BATCH_22,ME,22ME122
Karthik Kapoor,2008-12-21,FEMALE,karthik.kapoor24@gmail.com,9855279936,BATCH_26,CD,26CD125
Karthik Malhotra,2007-03-19,MALE,kmalhotra@gmail.com,9681868506,BATCH_24,CS,24CS121
Isha Nair,2004-11-20,MALE,isha_nair@yahoo.com,9664265197,BATCH_22,EE,22EE122
Aditya Sharma,2006-04-08,MALE,aditya_sharma@yahoo.com,9005563023,BATCH_24,CM,24CM126
Vihaan Goud,2005-12-26,MALE,vihaangoud@gmail.com,9403476334,BATCH_23,ME,23ME139
Abhinav Mohan,2007-03-31,FEMALE,abhinavmohan@gmail.com,9312342669,BATCH_25,CI,25CI118
Tarun Kumar,2009-05-01,MALE,tarunkumar942@gmail.com,9401026557,BATCH_27,CM,27CM129
Ira Rani,2008-08-12,MALE,irarani773@gmail.com,9628948063,BATCH_26,CI,26CI134
Abhinav Goud,2009-05-05,FEMALE,abhinavgoud355@gmail.com,9729545858,BATCH_26,CC,26CC124
Kavya Devi,2007-03-13,MALE,kavyadevi@hotmail.com,9370589578,BATCH_25,EE,25EE126
Vikram Krishnan,2009-04-17,MALE,vikramkrishnan@yahoo.com,9022517666,BATCH_27,CI,27CI121
Sanjay Naidu,2008-05-29,FEMALE,sanjay.naidu46@gmail.com,9050764871,BATCH_26,ME,26ME118
Yash Singh,2008-06-29,FEMALE,yash_singh@gmail.com,9742377204,BATCH_26,EE,26EE131
Dhruv Desai,2003-03-23,MALE,dhruv.desai50@gmail.com,9828834953,BATCH_22,CM,22CM119
Siddharth Chandra,2004-05-30,MALE,schandra@outlook.com,9390930527,BATCH_22,CM,22CM120
Aarav Singh,2008-08-02,FEMALE,aarav.singh8@gmail.com,9503240307,BATCH_26,EE,26EE132
Ira Mishra,2005-08-13,MALE,iramishra283@gmail.com,9964481755,BATCH_22,CS,22CS122
Rakesh Naidu,2005-12-17,MALE,rnaidu@outlook.com,9603089925,BATCH_22,CS,22CS123
Riya Joshi,2008-12-07,FEMALE,riya.joshi@gmail.com,9510857383,BATCH_26,CC,26CC125
Arjun Pillai,2005-06-05,MALE,arjun.pillai50@gmail.com,9568157436,BATCH_22,CM,22CM121
Yash Iyer,2004-09-09,FEMALE,yash_iyer@gmail.com,9924157127,BATCH_22,CC,22CC121
Manish Singh,2005-12-14,FEMALE,manish.singh30@gmail.com,9739769156,BATCH_23,CD,23CD128
Siddharth Devi,2009-05-01,FEMALE,siddharth_devi@gmail.com,9067416712,BATCH_27,EE,27EE110
Pranav Babu,2004-07-11,MALE,pranav_babu@yahoo.com,9097952552,BATCH_23,ME,23ME140
Vikram Menon,2009-04-17,MALE,vikram.menon73@gmail.com,9989701455,BATCH_27,CC,27CC119
Gauri Naidu,2005-02-05,FEMALE,gauri.naidu@hotmail.com,9305102719,BATCH_24,CI,24CI136
Aarav Mishra,2007-07-08,MALE,aarav.mishra87@gmail.com,9277586703,BATCH_26,CC,26CC126
Vivaan Kapoor,2006-04-09,FEMALE,vivaankapoor956@gmail.com,9627065381,BATCH_24,EC,24EC115
Diya Kapoor,2006-04-03,FEMALE,diyakapoor217@yahoo.com,9562860781,BATCH_24,CD,24CD136
Divya Chandra,2004-03-25,OTHER,divya_chandra@gmail.com,9210072040,BATCH_23,CC,23CC120
Sai Mohan,2007-04-12,FEMALE,sai.mohan@yahoo.com,9770296705,BATCH_25,ME,25ME132
Nisha Malhotra,2006-04-04,MALE,nishamalhotra@yahoo.com,9718301008,BATCH_23,EE,23EE119
Naveen Yadav,2006-08-06,MALE,naveenyadav683@gmail.com,9809648603,BATCH_24,CM,24CM127
Naveen Babu,2009-05-08,MALE,naveenbabu@outlook.com,9321259543,BATCH_27,CD,27CD133
Divya Goud,2008-09-04,FEMALE,divya_goud@yahoo.com,9161158668,BATCH_26,CC,26CC127
Uday Nair,2006-06-17,FEMALE,udaynair@gmail.com,9923258024,BATCH_24,CD,24CD137
Ira Mishra,2006-08-03,FEMALE,iramishra928@yahoo.com,9011085281,BATCH_24,CM,24CM128
Gauri Krishnan,2006-01-20,MALE,gkrishnan@gmail.com,9649693578,BATCH_24,EE,24EE136
Arjun Chowdary,2008-08-14,FEMALE,arjunchowdary580@gmail.com,9067043024,BATCH_27,CD,27CD134
Sai Chandra,2009-03-07,MALE,sai.chandra10@gmail.com,9731824383,BATCH_27,CS,27CS132
Aditi Raju,2006-01-27,MALE,aditi.raju@gmail.com,9313650249,BATCH_24,ME,24ME120
Kabir Mohan,2009-02-01,FEMALE,kabirmohan@yahoo.com,9226808146,BATCH_27,EE,27EE111
Bhavya Kumar,2005-04-30,FEMALE,bhavya.kumar@gmail.com,9959781554,BATCH_23,EC,23EC127
Esha Gupta,2007-03-20,FEMALE,eshagupta713@gmail.com,9932297254,BATCH_25,EC,25EC137
Siddharth Babu,2005-10-02,MALE,siddharth.babu69@hotmail.com,9314359892,BATCH_23,CD,23CD129
Sanya Rani,2008-10-10,OTHER,sanyarani361@gmail.com,9321867337,BATCH_26,CI,26CI135
Arjun Verma,2008-09-26,FEMALE,arjun_verma@outlook.com,9999068201,BATCH_26,CC,26CC128
Meera Iyer,2006-03-24,FEMALE,miyer@gmail.com,9199471136,BATCH_23,CM,23CM139
Abhinav Verma,2004-05-04,MALE,abhinavverma@yahoo.com,9700644885,BATCH_22,EC,22EC114
Arjun Joshi,2007-01-19,FEMALE,arjunjoshi689@gmail.com,9580307146,BATCH_25,CC,25CC133
Aditi Pandey,2007-09-04,MALE,aditi.pandey@gmail.com,9278576084,BATCH_25,CS,25CS125
Rohan Singh,2006-06-18,MALE,rohansingh124@gmail.com,9995397205,BATCH_24,CS,24CS122
Abhinav Menon,2006-03-31,MALE,abhinav_menon@gmail.com,9687056856,BATCH_25,EE,25EE127
Sai Naidu,2009-07-30,FEMALE,sai_naidu@gmail.com,9535474884,BATCH_27,CS,27CS133
Gauri Naidu,2007-10-03,FEMALE,gauri.naidu59@gmail.com,9218244682,BATCH_26,EC,26EC116
Om Joshi,2006-05-09,FEMALE,omjoshi@gmail.com,9713915596,BATCH_25,CS,25CS126
Krishna Nair,2009-03-25,MALE,krishna.nair72@gmail.com,9015297968,BATCH_27,CI,27CI122
Sai Sharma,2003-01-22,FEMALE,sai.sharma70@gmail.com,9061958730,BATCH_22,CD,22CD120
Om Desai,2009-01-23,FEMALE,om.desai39@gmail.com,9719103533,BATCH_26,EC,26EC117
Priya Prasad,2005-08-01,FEMALE,priya.prasad@gmail.com,9861814762,BATCH_22,CD,22CD121
Pranav Verma,2006-09-21,MALE,pranav.verma26@gmail.com,9160648422,BATCH_24,ME,24ME121
Ananya Naidu,2008-04-17,OTHER,ananya_naidu@gmail.com,9529013343,BATCH_26,CD,26CD126
Arjun Reddy,2003-05-04,FEMALE,arjunreddy@gmail.com,9092450049,BATCH_22,CI,22CI120
Vikram Sharma,2005-04-28,FEMALE,vikram.sharma5@gmail.com,9324125496,BATCH_22,CI,22CI121
Chitra Kapoor,2004-09-06,MALE,chitrakapoor437@hotmail.com,9089870920,BATCH_22,CC,22CC122
Aditya Reddy,2005-06-17,MALE,aditya.reddy@gmail.com,9777118372,BATCH_23,CD,23CD130
Abhinav Babu,2006-10-24,MALE,abhinav_babu@gmail.com,9118844014,BATCH_24,CI,24CI137
Lakshmi Singh,2008-05-19,MALE,lakshmisingh390@gmail.com,9492530581,BATCH_26,EE,26EE133
Rahul Prasad,2003-09-17,MALE,rahul_prasad@gmail.com,9494192289,BATCH_22,CI,22CI122
Sanya Joshi,2006-07-20,FEMALE,sanya.joshi21@gmail.com,9831897125,BATCH_24,CM,24CM129
Harini Nair,2007-08-08,FEMALE,harininair@gmail.com,9095396218,BATCH_25,EE,25EE128
Kavya Pandey,2007-01-05,MALE,kavya_pandey@hotmail.com,9889217108,BATCH_24,EC,24EC116
Karthik Sharma,2008-06-23,FEMALE,karthiksharma871@outlook.com,9352151734,BATCH_26,CS,26CS126
Vivaan Chowdary,2005-07-22,MALE,vivaanchowdary344@outlook.com,9144890659,BATCH_23,CS,23CS116
Esha Chandra,2008-11-16,FEMALE,esha.chandra37@gmail.com,9500915956,BATCH_26,CM,26CM117
Tarun Menon,2005-04-09,MALE,tarun_menon@gmail.com,9425073305,BATCH_23,CM,23CM140
Meera Malhotra,2007-05-14,FEMALE,meeramalhotra@outlook.com,9739473121,BATCH_25,EE,25EE129
Siddharth Krishnan,2007-09-01,FEMALE,siddharth.krishnan@gmail.com,9248492615,BATCH_26,EC,26EC118
Aryan Kumar,2005-06-02,FEMALE,aryan.kumar@yahoo.com,9658926963,BATCH_22,CI,22CI123
Uday Chowdary,2004-07-09,MALE,udaychowdary604@gmail.com,9543671077,BATCH_22,ME,22ME123
Diya Chowdary,2004-06-03,FEMALE,diyachowdary968@gmail.com,9227300636,BATCH_22,CS,22CS124
Diya Malhotra,2005-06-30,OTHER,diya.malhotra29@gmail.com,9983499566,BATCH_23,CI,23CI116
Pranav Nair,2009-08-03,MALE,pnair@gmail.com,9331071468,BATCH_27,CS,27CS134
Naveen Devi,2006-02-16,MALE,naveendevi@outlook.com,9771146726,BATCH_23,ME,23ME141
Arjun Goud,2004-06-26,FEMALE,arjungoud608@gmail.com,9956923183,BATCH_22,EE,22EE123
Abhinav Mishra,2009-05-29,MALE,abhinav.mishra78@gmail.com,9043842883,BATCH_27,EE,27EE112
Vihaan Goud,2005-08-27,MALE,vihaangoud590@yahoo.com,9816780664,BATCH_22,CC,22CC123
Rohan Gupta,2004-12-30,MALE,rohan_gupta@gmail.com,9722804369,BATCH_22,CS,22CS125
Rahul Pillai,2008-01-06,MALE,rahul.pillai@gmail.com,9471592912,BATCH_26,CD,26CD127
Ira Patel,2008-08-19,FEMALE,ira.patel98@hotmail.com,9956113935,BATCH_26,EE,26EE134
Sanya Kapoor,2008-07-12,FEMALE,sanya.kapoor@gmail.com,9468467194,BATCH_27,EE,27EE113
Vikram Chowdary,2004-11-09,FEMALE,vikram.chowdary98@outlook.com,9498128318,BATCH_23,EC,23EC128
Priya Mishra,2005-02-01,FEMALE,priyamishra@gmail.com,9686879374,BATCH_24,ME,24ME122
Nisha Verma,2005-07-02,MALE,nisha.verma91@gmail.com,9735548147,BATCH_23,CC,23CC121
Rohan Desai,2005-05-09,FEMALE,rohandesai820@gmail.com,9041535481,BATCH_22,EE,22EE124
Priya Rani,2008-11-11,MALE,priyarani@gmail.com,9927523710,BATCH_27,CI,27CI123
Reyansh Nair,2009-12-01,MALE,reyanshnair285@gmail.com,9305613111,BATCH_27,ME,27ME108
Rakesh Malhotra,2010-01-02,MALE,rakesh.malhotra@gmail.com,9986367828,BATCH_27,CM,27CM130
Zoya Patel,2009-08-21,MALE,zoyapatel229@gmail.com,9525723163,BATCH_27,CC,27CC120
Manish Kumar,2008-05-02,FEMALE,mkumar@gmail.com,9436509416,BATCH_26,EC,26EC119
Aditi Devi,2006-12-17,FEMALE,aditi.devi@outlook.com,9235913567,BATCH_24,CM,24CM130
Vihaan Patel,2006-12-19,FEMALE,vihaan.patel60@gmail.com,9206474055,BATCH_24,CS,24CS123
Tarun Patel,2008-05-27,FEMALE,tarunpatel724@outlook.com,9594450040,BATCH_26,CD,26CD128
Sanjay Malhotra,2006-02-24,FEMALE,sanjay_malhotra@gmail.com,9301132633,BATCH_23,EE,23EE120
Sai Rao,2005-01-15,FEMALE,sai.rao@gmail.com,9592294115,BATCH_23,EC,23EC129
Ishaan Reddy,2005-10-23,MALE,ishaan.reddy@gmail.com,9417371442,BATCH_22,CI,22CI124
Vihaan Mishra,2009-11-08,FEMALE,vihaan.mishra@outlook.com,9422852204,BATCH_26,EE,26EE135
Varun Gupta,2008-07-03,FEMALE,varun_gupta@gmail.com,9838516357,BATCH_26,CS,26CS127
Harini Singh,2007-04-02,MALE,harini.singh90@gmail.com,9380617445,BATCH_24,ME,24ME123
Uday Menon,2006-04-05,FEMALE,udaymenon75@gmail.com,9913203301,BATCH_25,CI,25CI119
Reyansh Kumar,2004-09-24,MALE,reyanshkumar@gmail.com,9964322469,BATCH_22,CS,22CS126
Riya Goud,2006-12-09,MALE,riya.goud24@gmail.com,9765172775,BATCH_24,CS,24CS124
Isha Krishnan,2010-03-22,FEMALE,isha_krishnan@gmail.com,9151009991,BATCH_27,EC,27EC120
Nisha Naidu,2009-10-20,MALE,nisha.naidu24@gmail.com,9867951431,BATCH_26,CD,26CD129
Ira Iyer,2005-12-24,MALE,ira.iyer14@gmail.com,9578648107,BATCH_22,CM,22CM122
Riya Kapoor,2005-07-11,MALE,riya.kapoor54@yahoo.com,9481214785,BATCH_23,CD,23CD131
Aditya Mohan,2004-04-21,MALE,aditya.mohan@yahoo.com,9181560542,BATCH_22,EC,22EC115
Manish Chowdary,2005-05-18,FEMALE,manishchowdary@gmail.com,9690015812,BATCH_24,CD,24CD138
Nisha Chandra,2007-06-23,FEMALE,nishachandra391@gmail.com,9371473204,BATCH_25,CD,25CD117
Siddharth Gupta,2009-10-29,FEMALE,siddharth.gupta@hotmail.com,9866763445,BATCH_27,CS,27CS135
Riya Kumar,2008-07-23,FEMALE,riya.kumar63@gmail.com,9775595735,BATCH_25,EC,25EC138
Chitra Sharma,2008-11-13,OTHER,chitrasharma@gmail.com,9341373454,BATCH_25,ME,25ME133
Chitra Reddy,2005-08-04,FEMALE,chitrareddy@outlook.com,9477016962,BATCH_24,EC,24EC117
Kavya Verma,2008-04-03,FEMALE,kavyaverma@gmail.com,9455337565,BATCH_26,CC,26CC129
Varun Nair,2004-04-07,FEMALE,varun_nair@gmail.com,9805334326,BATCH_22,CI,22CI125
Vihaan Malhotra,2009-04-29,FEMALE,vihaan.malhotra44@gmail.com,9786655719,BATCH_27,EC,27EC121
Aditya Malhotra,2005-11-13,MALE,adityamalhotra@yahoo.com,9958509115,BATCH_22,ME,22ME124
Bhavya Prasad,2005-07-13,MALE,bhavyaprasad533@gmail.com,9916462205,BATCH_23,ME,23ME142
Bhavya Kapoor,2004-10-09,MALE,bhavya.kapoor@yahoo.com,9201550675,BATCH_22,CI,22CI126
Isha Rani,2006-01-12,FEMALE,isha.rani52@gmail.com,9355081996,BATCH_25,EC,25EC139
Dhruv Kumar,2008-06-05,MALE,dkumar@gmail.com,9259792703,BATCH_25,CS,25CS127
Sanya Verma,2008-08-18,MALE,sanya.verma55@gmail.com,9397864516,BATCH_26,CD,26CD130
Manish Mishra,2005-01-24,FEMALE,manish.mishra2@gmail.com,9994471813,BATCH_24,EC,24EC118
Aryan Krishnan,2004-08-07,OTHER,aryankrishnan625@gmail.com,9175518870,BATCH_22,CC,22CC124
Aarav Devi,2006-12-18,FEMALE,aarav_devi@gmail.com,9356159514,BATCH_25,EE,25EE130
Zoya Prasad,2007-04-25,MALE,zoya.prasad@gmail.com,9478217389,BATCH_25,CC,25CC134
Lakshmi Devi,2007-05-31,MALE,lakshmidevi@outlook.com,9058008514,BATCH_25,CS,25CS128
Uday Reddy,2006-03-10,MALE,uday_reddy@yahoo.com,9187854270,BATCH_23,CS,23CS117
Gauri Goud,2008-01-16,FEMALE,gauri.goud@yahoo.com,9142866906,BATCH_25,EC,25EC140
Rakesh Kapoor,2006-04-25,FEMALE,rakeshkapoor@gmail.com,9926442209,BATCH_24,ME,24ME124
Meera Mishra,2005-05-05,FEMALE,meera.mishra70@gmail.com,9872395174,BATCH_23,CI,23CI117
Lakshmi Naidu,2009-01-25,FEMALE,lakshmi.naidu@gmail.com,9100697740,BATCH_27,CI,27CI124
Arjun Prasad,2009-08-04,FEMALE,arjunprasad@gmail.com,9018086752,BATCH_27,CI,27CI125
Sai Prasad,2009-10-11,MALE,sai.prasad@gmail.com,9822131723,BATCH_26,CI,26CI136
Ira Kumar,2004-03-18,MALE,ira.kumar8@outlook.com,9537742267,BATCH_22,CS,22CS127
Kavya Singh,2004-03-12,MALE,kavyasingh677@outlook.com,9033833790,BATCH_22,ME,22ME125
Uday Raju,2005-10-25,MALE,uday.raju14@gmail.com,9657542786,BATCH_23,CM,23CM141
Arjun Joshi,2008-08-12,MALE,arjun.joshi89@gmail.com,9231492049,BATCH_25,ME,25ME134
Varun Reddy,2003-12-09,FEMALE,varunreddy@gmail.com,9389833337,BATCH_22,CS,22CS128
Vivaan Rani,2006-10-31,MALE,vivaan_rani@outlook.com,9543173505,BATCH_23,CD,23CD132
Esha Menon,2006-04-08,FEMALE,esha.menon30@gmail.com,9920244407,BATCH_24,CD,24CD139
Vivaan Reddy,2004-04-02,MALE,vreddy@gmail.com,9526546067,BATCH_22,CI,22CI127
Aarav Pandey,2007-01-10,FEMALE,aarav.pandey@gmail.com,9118596897,BATCH_25,EC,25EC141
Lakshmi Mohan,2009-04-06,MALE,lakshmimohan614@gmail.com,9529644484,BATCH_27,CC,27CC121
Uday Kapoor,2008-12-16,FEMALE,uday.kapoor44@yahoo.com,9078907869,BATCH_25,EC,25EC142
Aryan Verma,2005-03-03,FEMALE,aryan_verma@yahoo.com,9002607721,BATCH_23,CC,23CC122
Naveen Menon,2004-10-05,FEMALE,naveenmenon@outlook.com,9692855162,BATCH_22,EC,22EC116
Krishna Reddy,2006-06-07,MALE,kreddy@outlook.com,9475124573,BATCH_24,CS,24CS125
Karthik Chandra,2009-07-22,FEMALE,karthik.chandra@gmail.com,9932380043,BATCH_27,CC,27CC122
Sai Naidu,2008-02-02,FEMALE,sai.naidu@yahoo.com,9283370790,BATCH_26,CD,26CD131
Meera Desai,2008-03-25,MALE,meeradesai123@gmail.com,9895134039,BATCH_26,CM,26CM118
Nikhil Goud,2006-12-11,FEMALE,nikhilgoud@gmail.com,9883527918,BATCH_23,EC,23EC130
Ishaan Prasad,2009-12-23,MALE,ishaan.prasad89@gmail.com,9603387885,BATCH_27,CC,27CC123
Priya Chandra,2006-12-10,FEMALE,priya.chandra@yahoo.com,9416511639,BATCH_25,CC,25CC135
Tanvi Chowdary,2006-11-04,MALE,tanvi.chowdary@gmail.com,9038498302,BATCH_25,CS,25CS129
Arjun Iyer,2004-10-07,FEMALE,aiyer@outlook.com,9709777795,BATCH_22,EC,22EC117
Aditya Nair,2005-03-10,MALE,adityanair@gmail.com,9605080184,BATCH_23,CM,23CM142
Gauri Verma,2005-01-09,MALE,gauriverma107@gmail.com,9147642789,BATCH_23,EC,23EC131
Riya Pandey,2006-02-01,FEMALE,rpandey@hotmail.com,9672466390,BATCH_23,CC,23CC123
Aditya Desai,2009-06-17,OTHER,aditya.desai77@gmail.com,9195730097,BATCH_27,EE,27EE114
Kavya Malhotra,2005-03-22,OTHER,kavya.malhotra23@gmail.com,9239898306,BATCH_23,CM,23CM143
Meera Patel,2006-04-16,MALE,meerapatel@outlook.com,9626804085,BATCH_24,EE,24EE137
Ira Desai,2009-12-04,FEMALE,iradesai@gmail.com,9752279294,BATCH_26,CM,26CM119
Tanvi Reddy,2006-04-14,OTHER,tanvi.reddy@gmail.com,9242415415,BATCH_24,ME,24ME125
Naveen Babu,2010-02-10,FEMALE,naveen_babu@gmail.com,9323502135,BATCH_27,CS,27CS136
Pranav Singh,2006-02-24,MALE,psingh@gmail.com,9865507846,BATCH_25,CI,25CI120
Gauri Naidu,2005-12-07,FEMALE,gaurinaidu@gmail.com,9103193981,BATCH_23,CI,23CI118
Riya Desai,2008-11-08,MALE,riyadesai709@yahoo.com,9105045961,BATCH_27,CI,27CI126
Varun Naidu,2010-07-03,FEMALE,varun_naidu@yahoo.com,9876509163,BATCH_27,CI,27CI127
Sanjay Babu,2007-03-28,FEMALE,sanjaybabu313@gmail.com,9551213830,BATCH_25,CC,25CC136
Yash Mohan,2006-11-09,OTHER,yashmohan521@outlook.com,9815556139,BATCH_24,CS,24CS126
Jyoti Gupta,2008-01-10,FEMALE,jyoti_gupta@gmail.com,9008416267,BATCH_27,CM,27CM131
Gauri Desai,2004-10-08,OTHER,gauridesai11@gmail.com,9878602039,BATCH_22,EC,22EC118
Jyoti Devi,2008-10-30,FEMALE,jdevi@gmail.com,9277885190,BATCH_25,CI,25CI121
Zoya Kumar,2007-07-08,MALE,zoya.kumar79@gmail.com,9839821570,BATCH_26,CI,26CI137
Ishaan Kumar,2004-03-01,OTHER,ishaan.kumar80@gmail.com,9895081648,BATCH_22,CD,22CD122
Aarav Rao,2004-05-03,OTHER,aaravrao215@gmail.com,9420222349,BATCH_22,CC,22CC125
Siddharth Kumar,2008-01-03,FEMALE,siddharth_kumar@yahoo.com,9299903037,BATCH_26,EE,26EE136
Riya Mishra,2005-03-08,FEMALE,riyamishra486@gmail.com,9176189898,BATCH_23,CC,23CC124
Arjun Reddy,2004-01-05,FEMALE,arjun.reddy54@gmail.com,9072182653,BATCH_22,EE,22EE125
Rohan Sharma,2008-03-15,FEMALE,rohansharma146@gmail.com,9099451016,BATCH_25,CS,25CS130
Harini Joshi,2006-05-20,FEMALE,harinijoshi378@gmail.com,9234839061,BATCH_24,CS,24CS127
Priya Reddy,2006-12-29,MALE,priyareddy155@yahoo.com,9420922597,BATCH_24,CS,24CS128
Vivaan Mohan,2004-02-28,OTHER,vivaan.mohan10@gmail.com,9373884958,BATCH_22,EE,22EE126
Abhinav Babu,2007-05-25,MALE,abhinavbabu606@gmail.com,9358621318,BATCH_26,CD,26CD132
Yash Desai,2005-08-05,MALE,yash.desai56@gmail.com,9845126527,BATCH_24,CS,24CS129
Dhruv Nair,2006-12-25,FEMALE,dhruv.nair20@gmail.com,9790155088,BATCH_24,CI,24CI138
Nisha Sharma,2004-04-02,MALE,nsharma@gmail.com,9632749256,BATCH_22,CM,22CM123
Tanvi Pillai,2010-11-19,FEMALE,tanvi.pillai24@yahoo.com,9794917906,BATCH_27,EC,27EC122
Esha Chandra,2005-04-20,MALE,esha_chandra@gmail.com,9351390143,BATCH_22,EC,22EC119
Diya Pillai,2006-11-01,MALE,diyapillai662@gmail.com,9224302320,BATCH_24,CD,24CD140
Kavya Nair,2005-10-27,FEMALE,kavya.nair@gmail.com,9611291093,BATCH_23,CD,23CD133
Jyoti Patel,2004-10-25,FEMALE,jyoti.patel@gmail.com,9296671496,BATCH_22,CM,22CM124
Rohan Joshi,2006-04-15,MALE,rohanjoshi548@gmail.com,9805719838,BATCH_24,ME,24ME126
Sai Reddy,2007-06-12,MALE,sai_reddy@gmail.com,9897824256,BATCH_25,ME,25ME135
Kavya Sharma,2008-12-01,FEMALE,kavya.sharma56@gmail.com,9348429814,BATCH_26,EE,26EE137
Uday Rao,2010-07-10,MALE,udayrao306@gmail.com,9030510001,BATCH_27,CS,27CS137
Diya Mishra,2007-11-29,MALE,diyamishra269@gmail.com,9449309982,BATCH_26,CI,26CI138
Tarun Chowdary,2007-06-27,MALE,tarun.chowdary@gmail.com,9038504486,BATCH_26,EE,26EE138
Vikram Chandra,2007-09-18,FEMALE,vikramchandra182@gmail.com,9524991960,BATCH_26,CM,26CM120
Ishaan Sharma,2007-09-05,MALE,isharma@outlook.com,9042259332,BATCH_25,ME,25ME136
Diya Sharma,2007-10-18,OTHER,diyasharma852@gmail.com,9253095587,BATCH_25,EC,25EC143
Riya Pillai,2009-02-07,MALE,riya.pillai95@gmail.com,9212498764,BATCH_27,EC,27EC123
Esha Raju,2007-02-10,MALE,esha.raju37@gmail.com,9537012424,BATCH_25,CI,25CI122
Kavya Naidu,2007-10-21,MALE,kavyanaidu122@yahoo.com,9138000307,BATCH_24,ME,24ME127
Siddharth Iyer,2007-01-26,FEMALE,siddharthiyer223@gmail.com,9697820993,BATCH_25,ME,25ME137
Rohan Kumar,2007-07-13,FEMALE,rohankumar@gmail.com,9044909252,BATCH_25,CC,25CC137
Aditya Kapoor,2008-01-01,MALE,aditya.kapoor@gmail.com,9257870909,BATCH_26,CS,26CS128
Chitra Desai,2008-04-15,FEMALE,chitra_desai@gmail.com,9195419666,BATCH_25,CI,25CI123
Aditya Singh,2008-03-12,FEMALE,adityasingh@gmail.com,9952635904,BATCH_26,CD,26CD133
Priya Singh,2007-08-22,MALE,psingh@yahoo.com,9390766675,BATCH_26,EC,26EC120
Sai Rani,2005-10-10,FEMALE,sairani940@gmail.com,9387970040,BATCH_22,CI,22CI128
Ananya Verma,2003-08-12,FEMALE,ananya.verma@yahoo.com,9013132107,BATCH_22,EE,22EE127
Aditi Yadav,2004-12-28,MALE,aditi.yadav79@gmail.com,9772443435,BATCH_22,EC,22EC120
Sanjay Goud,2005-11-29,FEMALE,sanjaygoud628@gmail.com,9123415775,BATCH_23,CI,23CI119
Priya Krishnan,2009-05-03,FEMALE,priyakrishnan@gmail.com,9121789406,BATCH_27,CI,27CI128
Karthik Gupta,2005-04-27,FEMALE,karthikgupta114@gmail.com,9802741485,BATCH_23,EC,23EC132
Gauri Reddy,2006-04-06,FEMALE,gauri.reddy29@gmail.com,9015812870,BATCH_23,CS,23CS118
Chitra Pandey,2004-05-20,MALE,cpandey@gmail.com,9240903678,BATCH_23,CD,23CD134
Ishaan Verma,2008-01-04,MALE,ishaan.verma@yahoo.com,9046879752,BATCH_25,CM,25CM123
Ananya Gupta,2009-02-19,FEMALE,ananyagupta766@gmail.com,9240360127,BATCH_27,EE,27EE115
Ananya Chandra,2007-08-21,MALE,ananyachandra@gmail.com,9654699158,BATCH_25,CM,25CM124
Ishaan Nair,2004-05-26,MALE,inair@outlook.com,9056771251,BATCH_22,EC,22EC121
Aditi Nair,2007-04-05,MALE,aditinair@gmail.com,9276075988,BATCH_26,ME,26ME119
Lakshmi Desai,2009-03-11,FEMALE,ldesai@outlook.com,9124139369,BATCH_26,ME,26ME120
Krishna Rani,2009-08-19,OTHER,krishnarani@gmail.com,9305976620,BATCH_27,CM,27CM132
Aditi Prasad,2004-07-27,FEMALE,aditiprasad176@outlook.com,9448487899,BATCH_22,CM,22CM125
Rohan Rao,2009-07-20,MALE,rohan.rao8@yahoo.com,9787067635,BATCH_26,CC,26CC130
Varun Rani,2009-10-16,MALE,varunrani@gmail.com,9191636950,BATCH_27,CM,27CM133
Meera Raju,2004-02-05,MALE,meeraraju@outlook.com,9064558200,BATCH_22,CS,22CS129
Sai Nair,2008-02-25,FEMALE,sainair865@outlook.com,9842932645,BATCH_26,EC,26EC121
Zoya Singh,2006-06-05,FEMALE,zoyasingh904@hotmail.com,9306577211,BATCH_24,CD,24CD141
Naveen Joshi,2007-12-03,MALE,naveenjoshi@gmail.com,9392669197,BATCH_25,CC,25CC138
Ira Patel,2006-09-09,FEMALE,ira.patel@gmail.com,9259984986,BATCH_24,CM,24CM131
Karthik Gupta,2008-09-11,FEMALE,karthikgupta117@gmail.com,9371220725,BATCH_25,ME,25ME138
Krishna Patel,2005-06-21,MALE,krishna.patel97@outlook.com,9029767064,BATCH_24,CC,24CC135
Aryan Chowdary,2008-12-01,MALE,aryanchowdary@gmail.com,9280315122,BATCH_27,ME,27ME109
Uday Rani,2004-11-17,MALE,udayrani989@gmail.com,9684708145,BATCH_23,CI,23CI120
Vihaan Singh,2010-02-08,OTHER,vihaansingh@yahoo.com,9975570826,BATCH_27,CM,27CM134
Chitra Pandey,2005-02-06,MALE,cpandey@yahoo.com,9436438130,BATCH_23,CM,23CM144
Abhinav Goud,2009-06-17,FEMALE,abhinavgoud@gmail.com,9594501192,BATCH_26,ME,26ME121
Vihaan Goud,2008-11-09,MALE,vihaangoud473@gmail.com,9911553901,BATCH_26,CD,26CD134
Reyansh Verma,2004-08-29,FEMALE,reyansh.verma9@yahoo.com,9473198740,BATCH_22,CI,22CI129
Rakesh Iyer,2008-04-11,FEMALE,rakesh.iyer@gmail.com,9125733405,BATCH_26,CD,26CD135
Krishna Krishnan,2005-11-24,MALE,krishna.krishnan62@gmail.com,9735154960,BATCH_23,EE,23EE121
Sanya Chowdary,2009-11-02,MALE,sanya_chowdary@gmail.com,9951103562,BATCH_26,EC,26EC122
Tarun Reddy,2006-09-30,MALE,treddy@outlook.com,9863931248,BATCH_24,CM,24CM132
Isha Raju,2009-10-24,MALE,isha.raju@outlook.com,9957216018,BATCH_27,CS,27CS138
Rakesh Kumar,2008-04-18,MALE,rakesh.kumar@outlook.com,9628862335,BATCH_26,CM,26CM121
Jyoti Nair,2008-08-07,FEMALE,jyoti.nair60@gmail.com,9969091023,BATCH_26,CI,26CI139
Esha Desai,2007-05-23,FEMALE,eshadesai472@hotmail.com,9565781744,BATCH_25,EC,25EC144
Ishaan Kapoor,2009-03-24,MALE,ishaankapoor994@gmail.com,9424305696,BATCH_27,EE,27EE116
Meera Rani,2005-03-06,MALE,meerarani659@gmail.com,9562928923,BATCH_23,ME,23ME143
Nisha Singh,2003-01-18,MALE,nisha.singh45@gmail.com,9043865268,BATCH_22,CI,22CI130
Ira Chowdary,2004-12-09,MALE,ira.chowdary87@gmail.com,9093331736,BATCH_22,ME,22ME126
Pranav Gupta,2009-07-30,MALE,pranav.gupta90@gmail.com,9394904651,BATCH_27,CI,27CI129
Ishaan Reddy,2008-07-31,FEMALE,ishaanreddy175@gmail.com,9250575214,BATCH_26,EE,26EE139
Zoya Babu,2006-12-19,MALE,zoya.babu@outlook.com,9794815758,BATCH_24,CS,24CS130
Kabir Malhotra,2004-12-27,FEMALE,kabirmalhotra210@gmail.com,9032467781,BATCH_22,CD,22CD123
Nisha Sharma,2004-11-07,MALE,nishasharma913@gmail.com,9064909703,BATCH_22,EC,22EC122
Priya Prasad,2008-07-17,MALE,priya.prasad56@gmail.com,9087496122,BATCH_27,CM,27CM135
Harini Menon,2009-11-17,MALE,harinimenon594@yahoo.com,9839093424,BATCH_26,CC,26CC131
Aryan Pandey,2004-03-22,MALE,aryan.pandey35@gmail.com,9765657076,BATCH_22,CS,22CS130
Isha Gupta,2009-08-22,FEMALE,isha.gupta80@gmail.com,9470237561,BATCH_27,EE,27EE117
Ira Rao,2007-09-22,FEMALE,ira.rao39@gmail.com,9874159492,BATCH_25,ME,25ME139
Chitra Naidu,2007-12-12,FEMALE,chitra.naidu@gmail.com,9920536504,BATCH_24,CD,24CD142
Zoya Mohan,2006-10-06,MALE,zoyamohan801@gmail.com,9271288263,BATCH_24,CC,24CC136
Aryan Menon,2007-03-26,MALE,aryan.menon88@gmail.com,9331081854,BATCH_24,EC,24EC119
Pranav Babu,2006-11-12,MALE,pranavbabu703@gmail.com,9190704451,BATCH_24,EC,24EC120
Esha Chandra,2005-10-10,MALE,esha_chandra@outlook.com,9724806566,BATCH_24,CM,24CM133
Vihaan Yadav,2004-07-25,FEMALE,vihaanyadav199@gmail.com,9642494182,BATCH_22,EE,22EE128
Kavya Krishnan,2008-11-12,FEMALE,kavya.krishnan39@yahoo.com,9902344238,BATCH_26,CS,26CS129
Arjun Devi,2005-11-10,MALE,arjun.devi37@gmail.com,9364590300,BATCH_24,CC,24CC137
Ananya Naidu,2006-07-09,MALE,ananyanaidu@gmail.com,9515624993,BATCH_23,EE,23EE122
Lakshmi Kumar,2005-12-23,FEMALE,lakshmikumar550@gmail.com,9601500858,BATCH_24,CI,24CI139
Kavya Babu,2005-09-23,MALE,kavyababu300@gmail.com,9589900277,BATCH_22,CC,22CC126
Uday Reddy,2009-02-24,MALE,uday_reddy@gmail.com,9586795240,BATCH_27,EC,27EC124
Ira Desai,2010-03-28,FEMALE,iradesai171@gmail.com,9829767220,BATCH_27,EC,27EC125
Jyoti Patel,2010-01-10,FEMALE,jyotipatel@yahoo.com,9021979764,BATCH_27,EC,27EC126
Uday Reddy,2006-05-06,FEMALE,uday.reddy5@gmail.com,9647238750,BATCH_25,CI,25CI124
Ira Devi,2004-10-08,FEMALE,ira.devi59@gmail.com,9205413728,BATCH_23,EE,23EE123
Jyoti Naidu,2003-09-18,MALE,jyoti.naidu@gmail.com,9334580969,BATCH_22,CI,22CI131
Rohan Reddy,2009-09-11,FEMALE,rohanreddy184@gmail.com,9266528246,BATCH_26,CC,26CC132
Kavya Raju,2007-02-07,MALE,kavya.raju@outlook.com,9321551305,BATCH_25,CI,25CI125
Kavya Devi,2005-02-09,FEMALE,kavyadevi570@yahoo.com,9414701235,BATCH_22,CC,22CC127
Vikram Verma,2008-12-22,MALE,vikram.verma@gmail.com,9835628753,BATCH_26,EC,26EC123
Arjun Singh,2010-12-30,MALE,arjunsingh683@gmail.com,9369004790,BATCH_27,CM,27CM136
Yash Rao,2006-07-20,MALE,yrao@gmail.com,9177045865,BATCH_24,CM,24CM134
Lakshmi Iyer,2008-07-20,MALE,lakshmiiyer109@gmail.com,9165047255,BATCH_25,ME,25ME140
Pranav Mishra,2008-04-20,FEMALE,pranavmishra@gmail.com,9216239265,BATCH_26,EE,26EE140
Isha Pillai,2009-08-31,FEMALE,isha_pillai@outlook.com,9176269672,BATCH_27,CD,27CD135
Vivaan Chowdary,2006-05-18,FEMALE,vivaanchowdary@outlook.com,9891382496,BATCH_23,CD,23CD135
Aarav Krishnan,2006-06-29,FEMALE,aarav.krishnan45@gmail.com,9326973112,BATCH_24,ME,24ME128
Ishaan Nair,2008-01-05,FEMALE,ishaannair105@yahoo.com,9833418715,BATCH_25,CM,25CM125
Divya Kumar,2010-02-21,FEMALE,dkumar@outlook.com,9855771707,BATCH_27,EC,27EC127
Diya Rani,2007-01-25,FEMALE,diya_rani@gmail.com,9225931227,BATCH_25,CM,25CM126
Nisha Kumar,2006-12-16,MALE,nishakumar786@gmail.com,9591461201,BATCH_24,EC,24EC121
Bhavya Devi,2007-03-19,FEMALE,bdevi@gmail.com,9672733262,BATCH_25,EC,25EC145
Aditya Kapoor,2010-06-23,FEMALE,aditya.kapoor38@outlook.com,9133209673,BATCH_27,CM,27CM137
Riya Rao,2009-06-14,FEMALE,riya.rao65@gmail.com,9621343357,BATCH_27,ME,27ME110
Ishaan Naidu,2004-12-10,MALE,ishaan.naidu@outlook.com,9119526653,BATCH_22,CD,22CD124
Aarav Krishnan,2008-04-30,MALE,aarav.krishnan@gmail.com,9371421374,BATCH_25,ME,25ME141
Krishna Malhotra,2005-09-11,FEMALE,krishnamalhotra@gmail.com,9222166548,BATCH_23,ME,23ME144
Uday Goud,2009-03-20,MALE,uday.goud@gmail.com,9824874323,BATCH_27,EE,27EE118
Sanjay Rani,2006-11-23,MALE,sanjayrani311@gmail.com,9981532010,BATCH_25,CC,25CC139
Ira Devi,2007-04-11,MALE,ira.devi6@gmail.com,9018718637,BATCH_25,CS,25CS131
Reyansh Raju,2008-09-19,MALE,reyansh.raju44@gmail.com,9016648023,BATCH_25,EC,25EC146
Nisha Rani,2006-11-24,FEMALE,nisha_rani@gmail.com,9362487848,BATCH_24,CM,24CM135
Esha Yadav,2008-03-30,OTHER,eshayadav@gmail.com,9423839728,BATCH_26,ME,26ME122
Rakesh Nair,2007-03-27,MALE,rakesh_nair@yahoo.com,9257207650,BATCH_24,EE,24EE138
Isha Mohan,2008-03-11,MALE,isha.mohan79@outlook.com,9700046661,BATCH_26,ME,26ME123
Kavya Babu,2004-06-07,MALE,kavya.babu18@outlook.com,9148777459,BATCH_22,CS,22CS131
Esha Naidu,2006-08-02,FEMALE,eshanaidu@yahoo.com,9988049198,BATCH_25,CC,25CC140
Naveen Menon,2008-12-05,MALE,naveenmenon@gmail.com,9229330742,BATCH_26,CI,26CI140
Sai Rao,2009-12-13,MALE,sai.rao82@gmail.com,9382987908,BATCH_26,EC,26EC124
Dhruv Gupta,2007-07-07,MALE,dhruv_gupta@yahoo.com,9936781367,BATCH_25,CI,25CI126
Kavya Reddy,2010-09-17,FEMALE,kavyareddy311@gmail.com,9209089242,BATCH_27,CS,27CS139
Aryan Chandra,2008-06-10,MALE,aryanchandra382@gmail.com,9741247687,BATCH_27,CS,27CS140
Gauri Sharma,2005-07-25,MALE,gauri.sharma@gmail.com,9196399076,BATCH_23,CD,23CD136
Abhinav Verma,2006-03-21,FEMALE,abhinavverma@outlook.com,9856914630,BATCH_24,ME,24ME129
Chitra Raju,2007-08-18,FEMALE,chitra.raju@gmail.com,9250933302,BATCH_24,CS,24CS131
Uday Chandra,2010-05-15,FEMALE,uchandra@hotmail.com,9702789027,BATCH_27,CM,27CM138
Siddharth Prasad,2009-09-22,FEMALE,siddharthprasad171@gmail.com,9057941133,BATCH_27,CS,27CS141
Meera Gupta,2004-06-27,MALE,meera.gupta95@gmail.com,9900170679,BATCH_22,EC,22EC123
Aarav Iyer,2003-05-22,MALE,aarav.iyer24@gmail.com,9074198387,BATCH_22,CI,22CI132
Aditi Raju,2004-09-27,MALE,aditi.raju82@gmail.com,9111041451,BATCH_22,CI,22CI133
Diya Raju,2005-08-15,MALE,diya_raju@gmail.com,9515238589,BATCH_24,CC,24CC138
Sai Chowdary,2009-08-11,FEMALE,saichowdary750@gmail.com,9079046600,BATCH_27,EC,27EC128
Bhavya Desai,2006-02-03,FEMALE,bhavyadesai730@gmail.com,9660648588,BATCH_24,CS,24CS132
Priya Pillai,2004-12-01,OTHER,ppillai@gmail.com,9789833732,BATCH_23,CS,23CS119
Priya Kumar,2006-01-22,FEMALE,priya_kumar@gmail.com,9337522964,BATCH_23,CC,23CC125
Zoya Rani,2005-07-31,FEMALE,zoya.rani41@gmail.com,9370082512,BATCH_23,CI,23CI121
Riya Joshi,2006-10-07,FEMALE,riya.joshi65@gmail.com,9989112814,BATCH_23,EE,23EE124
Jyoti Sharma,2007-12-19,FEMALE,jyoti.sharma@gmail.com,9566844823,BATCH_26,ME,26ME124
Dhruv Chandra,2009-11-16,MALE,dhruvchandra542@gmail.com,9812130088,BATCH_27,CC,27CC124
Rahul Joshi,2010-02-11,MALE,rahul_joshi@gmail.com,9582702452,BATCH_27,EE,27EE119
Varun Raju,2008-03-25,FEMALE,varun_raju@gmail.com,9730086966,BATCH_25,CI,25CI127
Jyoti Babu,2006-09-09,MALE,jyoti_babu@gmail.com,9478112826,BATCH_25,CD,25CD118
Riya Sharma,2008-06-25,MALE,riya_sharma@gmail.com,9633389234,BATCH_26,CM,26CM122
Arjun Singh,2005-06-29,MALE,arjun_singh@gmail.com,9698735269,BATCH_22,CM,22CM126
Reyansh Menon,2008-08-09,FEMALE,reyanshmenon826@gmail.com,9370727420,BATCH_25,CM,25CM127
Vivaan Mohan,2007-12-27,MALE,vivaanmohan297@gmail.com,9885166190,BATCH_25,ME,25ME142
Sanya Devi,2009-07-25,MALE,sanya.devi43@gmail.com,9671416826,BATCH_27,EC,27EC129
Vikram Mohan,2007-04-21,FEMALE,vikrammohan@gmail.com,9613959459,BATCH_25,EC,25EC147
Pranav Chandra,2007-08-29,MALE,pchandra@gmail.com,9901740397,BATCH_26,CD,26CD136
Gauri Sharma,2005-11-19,FEMALE,gaurisharma534@gmail.com,9135247871,BATCH_23,CD,23CD137
Aryan Krishnan,2005-10-23,MALE,aryan.krishnan@hotmail.com,9734715662,BATCH_23,CD,23CD138
Riya Verma,2008-07-27,FEMALE,riyaverma@gmail.com,9316312975,BATCH_26,CC,26CC133
Riya Patel,2003-11-30,MALE,riya_patel@yahoo.com,9264813122,BATCH_22,CI,22CI134
Nisha Goud,2009-12-09,MALE,nisha.goud62@yahoo.com,9312524587,BATCH_27,CI,27CI130
Aarav Reddy,2008-07-24,FEMALE,aaravreddy848@gmail.com,9589347597,BATCH_26,CC,26CC134
Meera Prasad,2005-10-31,FEMALE,meera_prasad@gmail.com,9134680606,BATCH_24,CC,24CC139
Abhinav Gupta,2007-05-09,FEMALE,abhinav.gupta57@gmail.com,9549065478,BATCH_24,CS,24CS133
Sai Babu,2003-12-23,FEMALE,sai_babu@gmail.com,9919817755,BATCH_22,EC,22EC124
Om Nair,2008-04-21,FEMALE,omnair832@yahoo.com,9659276611,BATCH_26,EE,26EE141
Aarav Rani,2008-09-22,FEMALE,aarav.rani@gmail.com,9436348615,BATCH_27,CD,27CD136
Siddharth Reddy,2009-07-28,MALE,siddharth_reddy@gmail.com,9477196151,BATCH_27,CS,27CS142
Sanjay Rani,2007-03-18,FEMALE,sanjay.rani49@gmail.com,9519736654,BATCH_26,CM,26CM123
Rakesh Krishnan,2005-01-08,MALE,rakeshkrishnan956@gmail.com,9868726419,BATCH_22,CM,22CM127
Om Mohan,2006-12-26,FEMALE,om.mohan@yahoo.com,9150267551,BATCH_24,EE,24EE139
Lakshmi Menon,2006-05-25,FEMALE,lakshmi.menon29@hotmail.com,9789117972,BATCH_23,EC,23EC133
Aditya Rani,2008-11-02,MALE,aditya_rani@gmail.com,9510636112,BATCH_26,CS,26CS130
Aditi Pillai,2010-03-07,MALE,aditi.pillai81@outlook.com,9892343714,BATCH_27,ME,27ME111
Harini Patel,2009-04-11,MALE,harinipatel54@gmail.com,9461789177,BATCH_27,EE,27EE120
Meera Devi,2008-08-18,MALE,meera.devi@gmail.com,9287024564,BATCH_27,ME,27ME112
Vihaan Desai,2004-08-23,FEMALE,vihaandesai50@gmail.com,9245712677,BATCH_22,ME,22ME127
Tanvi Raju,2006-12-17,MALE,tanviraju@gmail.com,9880732714,BATCH_24,EC,24EC122
Tarun Patel,2007-07-20,MALE,tarunpatel@gmail.com,9787388011,BATCH_25,ME,25ME143
Lakshmi Rao,2006-05-03,FEMALE,lakshmi_rao@outlook.com,9558857283,BATCH_24,CD,24CD143
Dhruv Rao,2005-12-06,MALE,dhruvrao88@gmail.com,9902915425,BATCH_23,EE,23EE125
Aditi Menon,2006-06-19,FEMALE,aditi.menon85@gmail.com,9582984933,BATCH_25,CI,25CI128
Om Rani,2005-11-24,MALE,omrani796@gmail.com,9670480383,BATCH_22,EE,22EE129
Rakesh Nair,2005-09-25,MALE,rakeshnair962@gmail.com,9632831682,BATCH_22,EE,22EE130
Sai Malhotra,2007-07-15,FEMALE,sai.malhotra75@yahoo.com,9505848414,BATCH_25,CM,25CM128
Tarun Devi,2007-12-18,FEMALE,tarun.devi48@gmail.com,9685098947,BATCH_24,CC,24CC140
Vihaan Pandey,2005-03-28,MALE,vihaanpandey585@gmail.com,9850796914,BATCH_22,CM,22CM128
Chitra Naidu,2003-05-29,OTHER,chitranaidu760@gmail.com,9871263426,BATCH_22,CI,22CI135
Tarun Mohan,2007-02-02,MALE,tarun.mohan19@gmail.com,9847870050,BATCH_25,CS,25CS132
Chitra Malhotra,2006-12-06,FEMALE,chitramalhotra749@yahoo.com,9186484121,BATCH_25,CM,25CM129
Nisha Mohan,2005-04-16,MALE,nisha_mohan@gmail.com,9983135490,BATCH_22,CC,22CC128
Riya Rani,2010-07-08,MALE,riyarani655@gmail.com,9345035816,BATCH_27,ME,27ME113
Aryan Devi,2008-04-18,FEMALE,aryan.devi@outlook.com,9253485297,BATCH_26,CS,26CS131
Ananya Pillai,2010-10-11,MALE,ananyapillai769@gmail.com,9911343485,BATCH_27,CC,27CC125
Vivaan Chowdary,2005-03-20,MALE,vivaan.chowdary34@gmail.com,9098196027,BATCH_24,EE,24EE140
Tanvi Menon,2006-08-24,FEMALE,tanvi.menon21@gmail.com,9977961208,BATCH_23,CM,23CM145
Sai Mohan,2007-06-08,FEMALE,saimohan@hotmail.com,9629148652,BATCH_25,EE,25EE131
Jyoti Malhotra,2008-01-17,FEMALE,jyotimalhotra@yahoo.com,9994414753,BATCH_27,CI,27CI131
Ananya Krishnan,2008-12-07,FEMALE,ananya.krishnan44@gmail.com,9562656504,BATCH_25,CS,25CS133
Arjun Sharma,2009-07-27,MALE,arjun.sharma@outlook.com,9003085973,BATCH_26,EE,26EE142
Aryan Mishra,2005-10-21,FEMALE,aryanmishra504@gmail.com,9416840615,BATCH_22,CI,22CI136
Zoya Menon,2008-06-16,MALE,zoya.menon@gmail.com,9822750446,BATCH_27,EE,27EE121
Om Goud,2008-01-22,MALE,omgoud756@outlook.com,9499809497,BATCH_26,ME,26ME125
Harini Mishra,2009-12-02,MALE,hmishra@gmail.com,9568590037,BATCH_27,ME,27ME114
Ira Nair,2005-04-21,MALE,ira.nair14@outlook.com,9880222786,BATCH_23,CI,23CI122
Aryan Chowdary,2005-12-25,FEMALE,aryanchowdary324@gmail.com,9167110079,BATCH_23,CS,23CS120
Kavya Patel,2005-02-07,FEMALE,kavyapatel@outlook.com,9230085789,BATCH_23,CC,23CC126
Isha Menon,2007-12-29,FEMALE,isha_menon@gmail.com,9502664273,BATCH_25,ME,25ME144
Ishaan Nair,2004-07-03,FEMALE,ishaan.nair@yahoo.com,9822043436,BATCH_22,CM,22CM129
Dhruv Kumar,2009-12-12,FEMALE,dkumar@yahoo.com,9943407162,BATCH_27,EC,27EC130
Sanya Naidu,2007-02-14,FEMALE,sanyanaidu@gmail.com,9551884422,BATCH_25,EE,25EE132
Varun Naidu,2009-05-14,MALE,varun.naidu@gmail.com,9069486175,BATCH_27,CM,27CM139
Aditi Sharma,2007-09-15,MALE,aditisharma807@gmail.com,9525317504,BATCH_25,EC,25EC148
Divya Verma,2009-03-29,MALE,divyaverma982@gmail.com,9438011803,BATCH_27,EE,27EE122
Aarav Kumar,2006-11-11,FEMALE,aarav.kumar@gmail.com,9176390296,BATCH_25,CC,25CC141
Naveen Krishnan,2009-05-30,FEMALE,naveenkrishnan44@gmail.com,9782337209,BATCH_26,CC,26CC135
Aditya Gupta,2007-01-05,FEMALE,adityagupta336@gmail.com,9381459097,BATCH_26,EE,26EE143
Aditya Yadav,2006-12-02,FEMALE,aditya.yadav@yahoo.com,9672210454,BATCH_23,EC,23EC134
Om Mishra,2005-04-17,MALE,ommishra@gmail.com,9277342176,BATCH_22,EE,22EE131
Aditya Desai,2004-10-27,MALE,aditya.desai92@gmail.com,9237298268,BATCH_22,CC,22CC129
Divya Reddy,2009-02-22,FEMALE,divyareddy956@gmail.com,9602274330,BATCH_27,CC,27CC126
Manish Gupta,2005-06-24,MALE,manish.gupta49@gmail.com,9358210728,BATCH_23,EC,23EC135
Chitra Krishnan,2004-06-29,MALE,chitrakrishnan@gmail.com,9017754750,BATCH_22,CS,22CS132
Kabir Raju,2005-04-10,MALE,kabirraju738@gmail.com,9236221690,BATCH_23,EC,23EC136
Naveen Singh,2009-06-07,MALE,naveen_singh@gmail.com,9682100370,BATCH_27,CC,27CC127
Vihaan Malhotra,2006-09-05,MALE,vihaan_malhotra@gmail.com,9238497916,BATCH_24,EE,24EE141
Vihaan Singh,2006-02-23,FEMALE,vihaan.singh97@gmail.com,9989902077,BATCH_24,EC,24EC123
Vikram Raju,2010-03-13,FEMALE,vikram.raju82@gmail.com,9320165198,BATCH_27,CM,27CM140
Vivaan Joshi,2003-02-20,OTHER,vivaan.joshi12@gmail.com,9890290181,BATCH_22,EE,22EE132
Aditya Chowdary,2008-12-28,MALE,aditya.chowdary31@outlook.com,9805877155,BATCH_27,CC,27CC128
Uday Patel,2010-01-14,FEMALE,uday.patel@gmail.com,9829656120,BATCH_27,CM,27CM141
Tarun Nair,2005-06-18,OTHER,tarun.nair38@gmail.com,9036988843,BATCH_23,EC,23EC137
Dhruv Iyer,2008-02-14,FEMALE,dhruviyer@hotmail.com,9532823320,BATCH_26,CI,26CI141
Vihaan Sharma,2008-11-03,MALE,vihaan.sharma31@outlook.com,9800847555,BATCH_26,EC,26EC125
Vikram Gupta,2006-02-04,MALE,vikramgupta876@gmail.com,9751713528,BATCH_24,CD,24CD144
Ananya Mishra,2004-11-05,MALE,ananya.mishra99@gmail.com,9521046059,BATCH_23,EE,23EE126
Ishaan Desai,2008-01-01,FEMALE,ishaan_desai@gmail.com,9900163564,BATCH_26,ME,26ME126
Varun Rao,2003-08-13,FEMALE,varun.rao@gmail.com,9970532686,BATCH_22,CD,22CD125
Sanjay Kapoor,2005-11-12,MALE,sanjay.kapoor@yahoo.com,9887142192,BATCH_23,CI,23CI123
Tarun Patel,2006-05-10,MALE,tarun.patel14@gmail.com,9595764038,BATCH_24,EE,24EE142
Bhavya Raju,2007-11-23,FEMALE,bhavyaraju@hotmail.com,9060823820,BATCH_25,CM,25CM130
Tanvi Chowdary,2010-12-14,FEMALE,tanvi_chowdary@gmail.com,9966679399,BATCH_27,ME,27ME115
Ishaan Pandey,2004-10-01,FEMALE,ishaanpandey@gmail.com,9268221756,BATCH_22,EC,22EC125
Tanvi Rao,2007-09-11,MALE,tanvi.rao70@gmail.com,9640838580,BATCH_26,CC,26CC136
Zoya Singh,2006-08-29,FEMALE,zoyasingh@hotmail.com,9640069646,BATCH_25,CC,25CC142
Nikhil Menon,2007-12-15,FEMALE,nikhilmenon433@gmail.com,9779824021,BATCH_25,CD,25CD119
Diya Desai,2005-04-22,MALE,diya_desai@outlook.com,9132181670,BATCH_24,CC,24CC141
Rohan Raju,2009-01-01,MALE,rohanraju119@gmail.com,9346282446,BATCH_27,CS,27CS143
Uday Krishnan,2008-07-07,MALE,uday_krishnan@yahoo.com,9965211778,BATCH_26,CI,26CI142
Manish Nair,2008-01-17,MALE,manish.nair3@yahoo.com,9149279102,BATCH_26,EE,26EE144
Divya Desai,2010-10-19,MALE,divya.desai6@gmail.com,9327532969,BATCH_27,EC,27EC131
Krishna Kapoor,2008-07-28,MALE,krishnakapoor775@gmail.com,9514997530,BATCH_26,EC,26EC126
Diya Pandey,2007-06-16,FEMALE,diya.pandey@gmail.com,9198253092,BATCH_25,CS,25CS134
Vihaan Patel,2008-09-30,MALE,vihaanpatel518@gmail.com,9544806676,BATCH_27,EC,27EC132
Esha Kumar,2005-01-15,MALE,eshakumar962@yahoo.com,9992643690,BATCH_23,CS,23CS121
Arjun Nair,2005-12-28,MALE,arjun_nair@gmail.com,9202279617,BATCH_23,EE,23EE127
Gauri Menon,2005-02-02,MALE,gmenon@yahoo.com,9284033399,BATCH_23,CM,23CM146
Dhruv Desai,2009-03-13,FEMALE,dhruvdesai337@gmail.com,9327489791,BATCH_26,ME,26ME127
Jyoti Patel,2008-09-13,MALE,jyoti.patel59@yahoo.com,9685843116,BATCH_26,CS,26CS132
Siddharth Nair,2009-10-23,MALE,siddharthnair@gmail.com,9134404963,BATCH_27,CS,27CS144
Sanjay Naidu,2005-06-09,MALE,sanjaynaidu826@gmail.com,9387475162,BATCH_23,ME,23ME145
Tarun Chowdary,2005-11-05,OTHER,tarun.chowdary@hotmail.com,9378236910,BATCH_24,CC,24CC142
Rahul Sharma,2007-03-15,MALE,rahul.sharma@yahoo.com,9750936047,BATCH_25,ME,25ME145
Chitra Desai,2008-08-26,FEMALE,chitradesai605@gmail.com,9566717524,BATCH_27,CD,27CD137
Rahul Verma,2007-05-25,FEMALE,rahul.verma9@yahoo.com,9312666560,BATCH_25,CD,25CD120
Gauri Raju,2009-04-13,MALE,graju@gmail.com,9158628532,BATCH_27,CS,27CS145
Naveen Kumar,2004-01-19,FEMALE,nkumar@yahoo.com,9163943665,BATCH_22,CI,22CI137
Sai Joshi,2004-05-08,FEMALE,sai.joshi52@gmail.com,9001202989,BATCH_22,EE,22EE133
Tanvi Devi,2006-05-23,MALE,tanvidevi@gmail.com,9151526384,BATCH_25,CI,25CI129
Rakesh Patel,2009-08-05,MALE,rakeshpatel13@yahoo.com,9887955299,BATCH_27,EE,27EE123
Gauri Iyer,2004-08-05,OTHER,gauriiyer198@outlook.com,9069687992,BATCH_22,CD,22CD126
Kavya Raju,2004-03-23,FEMALE,kavyaraju@outlook.com,9697955360,BATCH_22,CI,22CI138
Naveen Goud,2004-09-23,FEMALE,naveen_goud@gmail.com,9620892799,BATCH_22,CS,22CS133
Sai Malhotra,2007-11-23,MALE,sai.malhotra@gmail.com,9911791124,BATCH_24,EE,24EE143
Sanya Mishra,2007-05-02,MALE,sanyamishra@outlook.com,9788260335,BATCH_25,CI,25CI130
Bhavya Krishnan,2008-12-28,MALE,bhavya.krishnan@outlook.com,9888340258,BATCH_26,CD,26CD137
Bhavya Nair,2004-12-26,MALE,bhavya_nair@gmail.com,9896070722,BATCH_22,EC,22EC126
Siddharth Malhotra,2005-01-27,FEMALE,siddharth.malhotra18@gmail.com,9956321740,BATCH_23,EC,23EC138
Krishna Menon,2008-06-20,FEMALE,krishnamenon279@gmail.com,9658189810,BATCH_26,CC,26CC137
Isha Malhotra,2006-04-19,FEMALE,ishamalhotra@gmail.com,9065117682,BATCH_24,EC,24EC124
Siddharth Joshi,2009-06-22,FEMALE,siddharth.joshi@outlook.com,9204579474,BATCH_27,CS,27CS146
Meera Menon,2006-08-11,MALE,meera.menon@gmail.com,9017147222,BATCH_24,CI,24CI140
Pranav Nair,2005-01-28,FEMALE,pranav_nair@hotmail.com,9480886112,BATCH_24,CD,24CD145
Kabir Rani,2007-11-20,MALE,kabirrani29@gmail.com,9956851423,BATCH_25,CC,25CC143
Ira Babu,2007-07-10,FEMALE,irababu@yahoo.com,9462347124,BATCH_25,CI,25CI131
Kavya Rao,2006-08-03,MALE,kavyarao887@yahoo.com,9737110706,BATCH_24,CD,24CD146
Rohan Rani,2004-06-08,OTHER,rohan_rani@gmail.com,9670727297,BATCH_23,ME,23ME146
Pranav Raju,2007-10-26,FEMALE,pranav_raju@gmail.com,9941013721,BATCH_24,ME,24ME130
Priya Iyer,2005-04-29,FEMALE,priya.iyer@yahoo.com,9805803766,BATCH_23,CI,23CI124
Harini Rani,2008-02-02,OTHER,harini.rani89@gmail.com,9066467637,BATCH_26,EE,26EE145
Vikram Raju,2007-07-19,MALE,vikramraju849@gmail.com,9618632397,BATCH_25,CI,25CI132
Diya Prasad,2005-01-11,FEMALE,diya.prasad25@gmail.com,9694096003,BATCH_23,CM,23CM147
Aditi Raju,2006-06-15,MALE,aditi.raju13@gmail.com,9457477060,BATCH_25,CM,25CM131
Sanya Verma,2008-08-29,FEMALE,sanyaverma13@gmail.com,9978929309,BATCH_27,EC,27EC133
Ishaan Sharma,2005-11-18,OTHER,ishaansharma@gmail.com,9006523211,BATCH_22,CM,22CM130
Tarun Raju,2009-02-25,MALE,tarun.raju@gmail.com,9422847469,BATCH_27,EC,27EC134
Naveen Mohan,2004-03-31,FEMALE,naveen.mohan43@gmail.com,9111320815,BATCH_22,CM,22CM131
Rakesh Chandra,2007-04-11,FEMALE,rakeshchandra@outlook.com,9659726839,BATCH_25,EC,25EC149
Sanjay Rao,2008-06-09,FEMALE,sanjay.rao47@gmail.com,9212215921,BATCH_27,CS,27CS147
Aditi Verma,2003-10-31,FEMALE,aditi.verma@hotmail.com,9319640760,BATCH_22,CI,22CI139
Abhinav Malhotra,2006-01-06,FEMALE,abhinav_malhotra@gmail.com,9744880192,BATCH_25,CC,25CC144
Sanya Raju,2007-12-03,MALE,sanyaraju@gmail.com,9433926086,BATCH_24,CM,24CM136
Sanjay Sharma,2008-02-05,MALE,sanjay.sharma@gmail.com,9766970683,BATCH_26,EC,26EC127
Meera Reddy,2006-01-04,FEMALE,meerareddy222@gmail.com,9287372380,BATCH_24,CI,24CI141
Priya Goud,2007-11-11,FEMALE,priya.goud@gmail.com,9893651956,BATCH_26,CI,26CI143
Sai Desai,2004-06-28,FEMALE,sai.desai@gmail.com,9396775362,BATCH_22,CD,22CD127
Dhruv Rani,2004-09-20,MALE,dhruv.rani70@gmail.com,9920058209,BATCH_22,EE,22EE134
Sanjay Babu,2008-09-11,MALE,sanjay.babu96@gmail.com,9696476836,BATCH_27,CS,27CS148
Tarun Sharma,2007-11-25,MALE,tarun.sharma84@outlook.com,9045530017,BATCH_25,ME,25ME146
Naveen Patel,2010-03-17,FEMALE,naveen_patel@gmail.com,9112379281,BATCH_27,EE,27EE124
Ishaan Pandey,2006-05-28,OTHER,ishaan.pandey91@gmail.com,9437282840,BATCH_25,CM,25CM132
Aditya Desai,2005-12-28,FEMALE,adityadesai114@yahoo.com,9824906765,BATCH_22,ME,22ME128
Aditi Gupta,2006-06-13,MALE,aditi.gupta9@gmail.com,9140105123,BATCH_24,ME,24ME131
Naveen Rani,2006-01-09,FEMALE,naveen.rani@gmail.com,9620922751,BATCH_25,CC,25CC145
Kabir Rani,2009-05-09,MALE,kabirrani@hotmail.com,9836281341,BATCH_27,CI,27CI132
Chitra Verma,2004-08-07,MALE,chitraverma@yahoo.com,9632759348,BATCH_22,CD,22CD128
Meera Desai,2009-06-10,FEMALE,meera.desai19@gmail.com,9241573180,BATCH_27,CM,27CM142
Aarav Sharma,2009-05-14,MALE,aaravsharma186@gmail.com,9518347923,BATCH_26,CM,26CM124
Tarun Menon,2006-10-29,MALE,tmenon@gmail.com,9834007716,BATCH_24,EC,24EC125
Sanjay Naidu,2006-12-16,MALE,sanjay.naidu@outlook.com,9472334466,BATCH_23,CC,23CC127
Ishaan Gupta,2006-03-06,FEMALE,ishaan.gupta40@gmail.com,9258030569,BATCH_23,CD,23CD139
Varun Mishra,2007-10-16,FEMALE,varunmishra@yahoo.com,9781573415,BATCH_25,EC,25EC150
Sai Joshi,2004-01-03,FEMALE,saijoshi@gmail.com,9604540968,BATCH_22,EE,22EE135
Yash Yadav,2009-04-17,FEMALE,yash_yadav@gmail.com,9008056308,BATCH_27,CC,27CC129
Rohan Yadav,2006-03-17,FEMALE,rohan.yadav17@gmail.com,9946430394,BATCH_24,EE,24EE144
Lakshmi Pillai,2005-08-17,FEMALE,lpillai@gmail.com,9286518142,BATCH_23,CC,23CC128
Naveen Mohan,2005-02-19,FEMALE,naveen_mohan@gmail.com,9353295617,BATCH_24,CD,24CD147
Vivaan Krishnan,2007-04-06,FEMALE,vivaankrishnan368@outlook.com,9691764985,BATCH_24,EC,24EC126
Manish Verma,2008-10-12,FEMALE,manishverma@gmail.com,9392114367,BATCH_27,ME,27ME116
Harini Chowdary,2006-06-05,FEMALE,harinichowdary684@gmail.com,9369812006,BATCH_24,EC,24EC127
Aditya Pillai,2009-06-21,FEMALE,aditya.pillai12@gmail.com,9634716880,BATCH_27,CD,27CD138
Isha Prasad,2006-12-26,MALE,isha_prasad@gmail.com,9052068106,BATCH_23,CS,23CS122
Manish Kapoor,2009-10-24,FEMALE,manish.kapoor69@yahoo.com,9309615071,BATCH_27,CM,27CM143
Arjun Mishra,2006-07-11,MALE,arjunmishra439@gmail.com,9932240840,BATCH_24,CS,24CS134
Nikhil Devi,2007-10-03,MALE,nikhil.devi17@gmail.com,9181496964,BATCH_26,CD,26CD138
Sanya Krishnan,2008-05-05,FEMALE,sanyakrishnan930@gmail.com,9067383028,BATCH_25,EE,25EE133
Rahul Sharma,2005-11-18,FEMALE,rahul_sharma@gmail.com,9810018418,BATCH_23,CD,23CD140
Sanjay Chandra,2008-04-16,FEMALE,sanjay.chandra96@gmail.com,9922230421,BATCH_25,CM,25CM133
Zoya Joshi,2007-08-24,FEMALE,zoyajoshi91@outlook.com,9904991573,BATCH_25,CD,25CD121
Diya Kapoor,2004-04-10,FEMALE,diya_kapoor@gmail.com,9015303044,BATCH_22,EC,22EC127
Gauri Patel,2006-10-01,FEMALE,gauri.patel73@gmail.com,9769984267,BATCH_24,EE,24EE145
Ira Kumar,2008-11-15,FEMALE,irakumar414@gmail.com,9567922709,BATCH_27,CS,27CS149
Sanjay Chowdary,2007-10-08,MALE,sanjaychowdary@yahoo.com,9737530011,BATCH_24,ME,24ME132
Rahul Sharma,2005-10-23,FEMALE,rahulsharma641@gmail.com,9264497601,BATCH_22,ME,22ME129
Om Raju,2005-07-10,FEMALE,om.raju56@gmail.com,9181788242,BATCH_22,CC,22CC130
Aditya Desai,2008-11-05,MALE,adityadesai@outlook.com,9386948424,BATCH_25,CI,25CI133
Harini Singh,2008-08-29,MALE,harinisingh989@gmail.com,9064013748,BATCH_27,ME,27ME117
Varun Nair,2010-11-19,MALE,varun.nair@gmail.com,9707127879,BATCH_27,CI,27CI133
Nikhil Gupta,2004-05-25,MALE,nikhil.gupta22@gmail.com,9332262277,BATCH_22,CC,22CC131
Reyansh Yadav,2006-12-27,MALE,reyansh.yadav@gmail.com,9626718892,BATCH_24,EC,24EC128
Meera Devi,2007-02-11,MALE,meeradevi@gmail.com,9491507628,BATCH_25,CI,25CI134
Karthik Goud,2009-12-09,FEMALE,karthik.goud@yahoo.com,9624261033,BATCH_26,CS,26CS133
Arjun Yadav,2006-10-24,FEMALE,arjun_yadav@gmail.com,9589320108,BATCH_25,CM,25CM134
Naveen Nair,2007-12-15,MALE,naveennair@yahoo.com,9214554472,BATCH_25,CM,25CM135
Yash Patel,2003-03-04,MALE,yash.patel@gmail.com,9644337309,BATCH_22,CD,22CD129
Aditya Prasad,2004-12-02,FEMALE,adityaprasad787@gmail.com,9063315067,BATCH_22,CI,22CI140
Aryan Naidu,2006-12-05,FEMALE,aryan.naidu@hotmail.com,9998279501,BATCH_25,CS,25CS135
Priya Iyer,2004-02-04,FEMALE,priyaiyer24@gmail.com,9603121914,BATCH_22,CS,22CS134
Tanvi Reddy,2005-08-26,MALE,tanvireddy394@hotmail.com,9116917418,BATCH_22,CI,22CI141
Rohan Mohan,2006-01-06,MALE,rohanmohan@yahoo.com,9767759577,BATCH_24,CM,24CM137
Aarav Krishnan,2005-08-20,OTHER,aarav.krishnan64@gmail.com,9810103530,BATCH_23,CS,23CS123
Dhruv Chowdary,2009-06-29,MALE,dhruvchowdary690@yahoo.com,9314594568,BATCH_27,CM,27CM144
Aarav Reddy,2006-08-18,MALE,aarav.reddy74@outlook.com,9892824350,BATCH_24,CD,24CD148
Naveen Krishnan,2009-02-22,OTHER,naveen.krishnan80@yahoo.com,9315687310,BATCH_26,EC,26EC128
Vihaan Devi,2009-01-22,MALE,vihaandevi345@gmail.com,9390973807,BATCH_27,ME,27ME118
Aarav Prasad,2009-06-14,MALE,aaravprasad966@hotmail.com,9028303424,BATCH_27,CC,27CC130
Kabir Menon,2007-06-17,FEMALE,kabirmenon@gmail.com,9617372017,BATCH_25,CM,25CM136
Ishaan Pandey,2005-10-08,MALE,ishaanpandey944@gmail.com,9400045344,BATCH_23,EE,23EE128
Rohan Chandra,2009-01-15,MALE,rohan_chandra@yahoo.com,9738895018,BATCH_26,CD,26CD139
Aarav Kumar,2008-11-19,MALE,aarav.kumar32@gmail.com,9328212528,BATCH_27,EE,27EE125
Ishaan Sharma,2005-10-27,MALE,ishaan.sharma@gmail.com,9494513198,BATCH_23,CS,23CS124
Kavya Sharma,2004-03-17,MALE,kavyasharma619@gmail.com,9579162907,BATCH_22,CS,22CS135
Sanya Chowdary,2004-01-03,MALE,sanyachowdary266@gmail.com,9183578417,BATCH_22,CD,22CD130
Naveen Devi,2008-07-13,FEMALE,naveen_devi@gmail.com,9645231919,BATCH_27,CC,27CC131
Meera Babu,2007-09-11,FEMALE,meera.babu@gmail.com,9028951718,BATCH_25,EE,25EE134
Aditi Naidu,2006-01-25,FEMALE,aditinaidu@gmail.com,9631410924,BATCH_24,CI,24CI142
Aarav Yadav,2005-04-19,MALE,aarav.yadav53@gmail.com,9440932514,BATCH_24,CM,24CM138
Sanjay Verma,2006-12-02,MALE,sanjayverma622@gmail.com,9717058650,BATCH_24,ME,24ME133
Krishna Kumar,2003-10-25,MALE,krishna_kumar@gmail.com,9254026427,BATCH_22,CM,22CM132
Abhinav Chowdary,2003-10-18,FEMALE,abhinavchowdary@outlook.com,9346490575,BATCH_22,EE,22EE136
Rakesh Rao,2008-04-03,FEMALE,rakeshrao60@yahoo.com,9031579970,BATCH_26,EC,26EC129
Aarav Malhotra,2009-03-08,FEMALE,aaravmalhotra739@gmail.com,9589873073,BATCH_27,CM,27CM145
Zoya Rani,2005-02-20,FEMALE,zoyarani@outlook.com,9545806187,BATCH_23,EE,23EE129
Uday Rao,2005-02-02,FEMALE,udayrao228@outlook.com,9686318552,BATCH_23,EE,23EE130
Jyoti Malhotra,2007-04-24,FEMALE,jyoti.malhotra99@gmail.com,9824298527,BATCH_24,CI,24CI143
Nisha Chowdary,2006-06-09,FEMALE,nishachowdary355@gmail.com,9651571792,BATCH_24,CS,24CS135
Abhinav Chowdary,2004-12-08,MALE,achowdary@outlook.com,9040571886,BATCH_22,CM,22CM133
Chitra Verma,2006-07-22,FEMALE,chitraverma@gmail.com,9589737507,BATCH_24,CM,24CM139
Kavya Iyer,2005-08-07,MALE,kavyaiyer@yahoo.com,9782741176,BATCH_24,EE,24EE146
Vihaan Kumar,2008-06-19,FEMALE,vihaankumar@gmail.com,9581479122,BATCH_25,CC,25CC146
Meera Nair,2006-12-21,FEMALE,meera.nair@gmail.com,9066658004,BATCH_24,ME,24ME134
Vikram Menon,2006-06-19,MALE,vikrammenon635@gmail.com,9749490228,BATCH_24,EE,24EE147
Vikram Babu,2004-04-25,FEMALE,vikram_babu@hotmail.com,9774769304,BATCH_22,CD,22CD131
Aditi Desai,2009-02-28,MALE,aditi.desai15@gmail.com,9639591189,BATCH_27,CS,27CS150
Tanvi Devi,2009-02-02,MALE,tdevi@outlook.com,9384704022,BATCH_26,CI,26CI144
Lakshmi Malhotra,2003-09-22,MALE,lakshmi.malhotra@hotmail.com,9732291652,BATCH_22,ME,22ME130
Om Joshi,2005-04-01,FEMALE,om.joshi@gmail.com,9635602293,BATCH_23,CM,23CM148
Manish Kumar,2006-08-06,MALE,manish_kumar@gmail.com,9401042462,BATCH_25,CI,25CI135
Chitra Malhotra,2005-04-04,MALE,chitramalhotra56@gmail.com,9702896660,BATCH_23,EC,23EC139
Zoya Patel,2005-05-09,FEMALE,zoya.patel@gmail.com,9194466445,BATCH_22,ME,22ME131
Abhinav Raju,2005-02-09,MALE,abhinavraju@gmail.com,9003666063,BATCH_23,EE,23EE131
Nisha Krishnan,2004-06-19,FEMALE,nisha.krishnan17@gmail.com,9937775730,BATCH_22,CM,22CM134
Zoya Rao,2004-11-11,FEMALE,zoya.rao@gmail.com,9035911014,BATCH_22,CM,22CM135
Lakshmi Gupta,2005-02-24,FEMALE,lakshmigupta970@gmail.com,9609126897,BATCH_24,CM,24CM140
Rohan Sharma,2006-12-31,OTHER,rohan.sharma2@yahoo.com,9143061432,BATCH_24,EC,24EC129
Divya Patel,2004-10-14,MALE,divya.patel42@gmail.com,9698948481,BATCH_22,EC,22EC128
Sanya Mohan,2007-05-26,MALE,sanyamohan@yahoo.com,9622225446,BATCH_25,CC,25CC147
Vivaan Rao,2004-09-28,OTHER,vivaanrao@outlook.com,9355708747,BATCH_23,CS,23CS125
Arjun Kapoor,2004-10-01,MALE,arjun.kapoor@outlook.com,9397469596,BATCH_22,CM,22CM136
Yash Nair,2006-06-13,FEMALE,yash.nair@gmail.com,9995342836,BATCH_25,EE,25EE135
Divya Pandey,2006-11-24,MALE,dpandey@gmail.com,9969913293,BATCH_25,CD,25CD122
Vivaan Menon,2007-07-18,OTHER,vivaan.menon94@hotmail.com,9199517152,BATCH_25,CI,25CI136
Arjun Malhotra,2005-03-01,MALE,arjun_malhotra@outlook.com,9794623836,BATCH_23,CI,23CI125
Tanvi Singh,2005-05-11,MALE,tanvi.singh54@gmail.com,9902166670,BATCH_23,CM,23CM149
Diya Patel,2005-12-21,FEMALE,diyapatel@hotmail.com,9088063572,BATCH_23,EE,23EE132
Karthik Gupta,2005-03-18,MALE,kgupta@outlook.com,9453076248,BATCH_23,CM,23CM150
Om Devi,2004-04-05,MALE,omdevi@gmail.com,9664621299,BATCH_23,CI,23CI126
Vihaan Yadav,2006-07-01,MALE,vihaan.yadav1@gmail.com,9378420555,BATCH_23,CC,23CC129
Aditi Krishnan,2006-10-16,FEMALE,aditi.krishnan91@outlook.com,9504700622,BATCH_24,CS,24CS136
Aditya Pillai,2009-01-22,MALE,aditya.pillai90@outlook.com,9038160603,BATCH_27,EE,27EE126
Lakshmi Patel,2006-06-03,MALE,lakshmi.patel@hotmail.com,9534973200,BATCH_25,ME,25ME147
Uday Sharma,2009-05-11,FEMALE,uday.sharma80@hotmail.com,9450999863,BATCH_27,CC,27CC132
Uday Nair,2009-11-11,MALE,udaynair873@outlook.com,9550947864,BATCH_27,ME,27ME119
Vihaan Malhotra,2006-11-16,FEMALE,vihaanmalhotra810@gmail.com,9459751301,BATCH_23,EE,23EE133
Riya Yadav,2008-06-13,FEMALE,riya.yadav@gmail.com,9724500000,BATCH_25,CI,25CI137
Manish Nair,2004-07-10,FEMALE,mnair@gmail.com,9341034555,BATCH_23,CS,23CS126
Diya Nair,2004-05-17,FEMALE,diya.nair2@gmail.com,9357884715,BATCH_23,CI,23CI127
Lakshmi Pandey,2004-05-14,MALE,lakshmipandey826@hotmail.com,9213791156,BATCH_22,CM,22CM137
Sanya Babu,2008-01-12,FEMALE,sanya.babu73@gmail.com,9868476259,BATCH_27,EE,27EE127
Priya Chowdary,2006-09-10,MALE,priyachowdary388@outlook.com,9965273983,BATCH_24,CS,24CS137
Diya Chandra,2005-09-06,FEMALE,diya.chandra@gmail.com,9500170127,BATCH_24,ME,24ME135
Uday Rao,2009-01-10,MALE,udayrao444@gmail.com,9102643915,BATCH_27,CS,27CS151
Abhinav Sharma,2005-09-20,MALE,abhinav_sharma@yahoo.com,9636057470,BATCH_23,CI,23CI128
Rakesh Malhotra,2007-05-29,MALE,rakesh.malhotra23@gmail.com,9803163678,BATCH_26,CM,26CM125
Om Chandra,2003-04-06,MALE,om.chandra@gmail.com,9181697752,BATCH_22,CI,22CI142
Sai Chandra,2006-07-16,FEMALE,schandra@yahoo.com,9230927078,BATCH_23,CS,23CS127
Rahul Devi,2008-10-23,FEMALE,rahuldevi560@gmail.com,9083342801,BATCH_25,CS,25CS136
Nisha Kumar,2008-06-25,FEMALE,nisha.kumar19@gmail.com,9334412577,BATCH_27,CS,27CS152
Krishna Mohan,2006-07-20,MALE,kmohan@gmail.com,9602879023,BATCH_24,CM,24CM141
Manish Kumar,2006-07-01,MALE,manishkumar513@gmail.com,9970996254,BATCH_23,CM,23CM151
Esha Sharma,2004-01-03,FEMALE,eshasharma67@yahoo.com,9482357155,BATCH_23,CM,23CM152
Kabir Reddy,2006-04-20,FEMALE,kabir.reddy76@gmail.com,9600145232,BATCH_24,CS,24CS138
Isha Rani,2004-05-03,FEMALE,isha.rani125218@gmail.com,9101089654,BATCH_22,EC,22EC129
Aryan Nair,2003-02-05,MALE,aryannair319@yahoo.com,9837260346,BATCH_22,CD,22CD132
Karthik Mishra,2008-04-18,FEMALE,karthik.mishra@yahoo.com,9268937460,BATCH_25,EC,25EC151
Varun Pandey,2009-11-18,MALE,varunpandey@outlook.com,9698801225,BATCH_27,CM,27CM146
Zoya Reddy,2005-05-02,OTHER,zoyareddy658@gmail.com,9378014355,BATCH_22,CM,22CM138
Naveen Mohan,2006-07-04,MALE,naveen.mohan@gmail.com,9221442673,BATCH_23,CC,23CC130
Kabir Kumar,2006-03-02,MALE,kabirkumar108@hotmail.com,9252056647,BATCH_25,CS,25CS137
Pranav Sharma,2006-05-06,FEMALE,pranavsharma638@gmail.com,9802146296,BATCH_23,CD,23CD141
Divya Sharma,2005-03-24,MALE,divya.sharma@outlook.com,9160490189,BATCH_22,CI,22CI143
Rakesh Verma,2005-10-08,MALE,rakesh.verma@yahoo.com,9291171073,BATCH_23,CI,23CI129
Rohan Naidu,2004-05-31,MALE,rohan.naidu@gmail.com,9648413269,BATCH_22,CI,22CI144
Rakesh Devi,2004-10-02,MALE,rakesh.devi97@gmail.com,9632221705,BATCH_22,CD,22CD133
Jyoti Prasad,2008-10-28,FEMALE,jyoti.prasad76@yahoo.com,9822455404,BATCH_27,CI,27CI134
Nisha Chandra,2004-04-05,FEMALE,nisha.chandra@yahoo.com,9289878326,BATCH_22,CM,22CM139
Dhruv Kapoor,2003-10-30,MALE,dkapoor@yahoo.com,9929983358,BATCH_22,CC,22CC132
Divya Babu,2004-10-28,FEMALE,divya_babu@yahoo.com,9886113955,BATCH_22,CD,22CD134
Sanjay Rani,2003-02-18,FEMALE,sanjayrani770@gmail.com,9131883365,BATCH_22,EE,22EE137
Jyoti Yadav,2008-12-22,MALE,jyoti_yadav@gmail.com,9867969999,BATCH_26,CS,26CS134
Naveen Mishra,2005-10-23,MALE,naveenmishra478@outlook.com,9617832250,BATCH_24,CS,24CS139
Naveen Patel,2009-08-17,FEMALE,naveen.patel@gmail.com,9765451830,BATCH_27,CS,27CS153
Karthik Sharma,2008-01-09,MALE,karthik.sharma10@gmail.com,9273663256,BATCH_25,CD,25CD123
Rohan Goud,2008-12-11,MALE,rohangoud@gmail.com,9153300270,BATCH_26,CS,26CS135
Krishna Chowdary,2006-12-17,FEMALE,krishnachowdary@yahoo.com,9445169613,BATCH_24,CS,24CS140
Aditya Mishra,2009-10-19,FEMALE,aditya.mishra87@gmail.com,9756842181,BATCH_27,CM,27CM147
Vivaan Raju,2005-02-19,FEMALE,vivaanraju@gmail.com,9331380049,BATCH_23,EC,23EC140
Varun Kumar,2006-02-11,MALE,varun.kumar@yahoo.com,9223623166,BATCH_25,EE,25EE136
Jyoti Chowdary,2009-06-20,MALE,jyoti.chowdary60@yahoo.com,9193463890,BATCH_27,CC,27CC133
Rahul Gupta,2008-05-05,MALE,rahulgupta566@gmail.com,9477866032,BATCH_25,CS,25CS138
Reyansh Joshi,2010-08-23,MALE,reyanshjoshi@gmail.com,9664536292,BATCH_27,CI,27CI135
Meera Desai,2006-11-28,MALE,meeradesai694@gmail.com,9395483249,BATCH_23,ME,23ME147
Tanvi Reddy,2006-07-05,FEMALE,tanvi.reddy76@outlook.com,9931649378,BATCH_23,ME,23ME148
Chitra Nair,2009-01-30,MALE,chitra.nair@gmail.com,9995321893,BATCH_27,CD,27CD139
Jyoti Sharma,2006-05-12,MALE,jyoti.sharma63@gmail.com,9964422169,BATCH_24,CS,24CS141
Aditya Rani,2004-01-24,MALE,aditya.rani@outlook.com,9965459254,BATCH_22,CD,22CD135
Ira Rani,2008-10-07,FEMALE,ira_rani@outlook.com,9009293677,BATCH_27,EC,27EC135
Gauri Gupta,2006-02-19,MALE,ggupta@gmail.com,9859400489,BATCH_24,CI,24CI144
Sanjay Kapoor,2009-09-25,FEMALE,sanjaykapoor477@gmail.com,9400067947,BATCH_27,EE,27EE128
Ira Mishra,2005-07-11,MALE,ira.mishra22@gmail.com,9064823796,BATCH_23,CS,23CS128
Ira Pandey,2008-12-24,MALE,ira.pandey@hotmail.com,9126736507,BATCH_26,CD,26CD140
Abhinav Iyer,2004-03-02,FEMALE,abhinav.iyer5@gmail.com,9690907939,BATCH_22,CI,22CI145
Vikram Krishnan,2008-11-01,FEMALE,vikramkrishnan392@gmail.com,9657758335,BATCH_26,CS,26CS136
Aryan Prasad,2004-07-18,MALE,aryan.prasad59@gmail.com,9030876477,BATCH_22,EC,22EC130
Aarav Babu,2009-04-11,FEMALE,aarav.babu3@gmail.com,9968483596,BATCH_27,CI,27CI136
Diya Babu,2004-07-06,FEMALE,diya.babu46@gmail.com,9021903244,BATCH_22,CM,22CM140
Uday Iyer,2010-02-27,MALE,udayiyer252@gmail.com,9916509298,BATCH_27,EE,27EE129
Tanvi Goud,2010-10-19,MALE,tgoud@outlook.com,9206860752,BATCH_27,CS,27CS154
Vihaan Reddy,2010-10-10,MALE,vihaan_reddy@outlook.com,9208716388,BATCH_27,CI,27CI137
Aditi Naidu,2009-01-24,MALE,aditi.naidu15@gmail.com,9188149774,BATCH_27,ME,27ME120
Yash Prasad,2006-03-24,FEMALE,yash.prasad@outlook.com,9842222310,BATCH_25,CS,25CS139
Reyansh Pillai,2007-10-03,MALE,reyanshpillai@gmail.com,9224429515,BATCH_25,CC,25CC148
Priya Devi,2008-08-14,MALE,priya_devi@gmail.com,9119475052,BATCH_25,ME,25ME148
Esha Kapoor,2005-03-25,MALE,eshakapoor@outlook.com,9118968442,BATCH_23,EC,23EC141
Pranav Goud,2006-09-17,FEMALE,pranavgoud116@yahoo.com,9419478550,BATCH_23,EC,23EC142
Pranav Nair,2008-10-24,MALE,pranavnair@gmail.com,9116084781,BATCH_26,EC,26EC130
Karthik Patel,2005-08-27,MALE,karthikpatel@gmail.com,9040806392,BATCH_23,CI,23CI130
Jyoti Pandey,2006-02-19,OTHER,jyoti.pandey@gmail.com,9330531949,BATCH_24,EE,24EE148
Uday Patel,2008-06-08,FEMALE,uday.patel@yahoo.com,9289066904,BATCH_26,EE,26EE146
Ira Menon,2010-06-25,MALE,iramenon@yahoo.com,9563252588,BATCH_27,EE,27EE130
Vikram Raju,2005-06-02,FEMALE,vikram.raju13@gmail.com,9907539989,BATCH_23,CD,23CD142
Ira Chowdary,2008-07-09,MALE,irachowdary782@gmail.com,9353053256,BATCH_25,ME,25ME149
Rakesh Goud,2004-07-06,FEMALE,rakesh.goud90@hotmail.com,9186766749,BATCH_23,ME,23ME149
Riya Desai,2004-05-24,MALE,riyadesai237@yahoo.com,9175024130,BATCH_23,CC,23CC131
Om Pandey,2009-12-06,MALE,ompandey318@outlook.com,9141349317,BATCH_27,CC,27CC134
Sai Verma,2009-03-25,FEMALE,sai_verma@gmail.com,9438720757,BATCH_27,CM,27CM148
Om Raju,2008-06-21,FEMALE,omraju@outlook.com,9831604960,BATCH_26,CI,26CI145
Aditi Nair,2006-03-23,FEMALE,aditi.nair75@gmail.com,9713462538,BATCH_23,CI,23CI131
Aarav Gupta,2009-11-04,MALE,aarav.gupta16@outlook.com,9864684808,BATCH_27,EE,27EE131
Varun Nair,2009-02-04,MALE,varunnair329@gmail.com,9670512107,BATCH_26,CI,26CI146
Meera Goud,2006-11-29,FEMALE,meera.goud58@yahoo.com,9212021697,BATCH_24,ME,24ME136
Ishaan Malhotra,2009-10-12,FEMALE,ishaanmalhotra@gmail.com,9410936184,BATCH_27,CS,27CS155
Sai Sharma,2009-01-31,FEMALE,sai.sharma98@gmail.com,9378641189,BATCH_27,EE,27EE132
Ishaan Pandey,2005-05-26,FEMALE,ishaan.pandey44@gmail.com,9606419337,BATCH_24,CM,24CM142
Siddharth Sharma,2005-10-05,FEMALE,siddharthsharma47@outlook.com,9173618857,BATCH_24,CS,24CS142
Riya Mishra,2004-04-09,FEMALE,riya.mishra30@gmail.com,9594123075,BATCH_22,CS,22CS136
Kabir Chowdary,2005-04-08,MALE,kabir_chowdary@gmail.com,9448762198,BATCH_23,CS,23CS129
Nisha Rani,2008-11-18,MALE,nisha.rani95@gmail.com,9645067614,BATCH_27,EE,27EE133
Vikram Nair,2006-12-11,FEMALE,vikram.nair@yahoo.com,9682077852,BATCH_23,CS,23CS130
Ishaan Naidu,2005-09-04,MALE,ishaan.naidu57@gmail.com,9019586639,BATCH_22,EC,22EC131
Ananya Pandey,2009-09-01,MALE,ananya.pandey@gmail.com,9027772178,BATCH_26,CI,26CI147
Aditi Goud,2005-02-28,MALE,aditi.goud34@gmail.com,9870633787,BATCH_24,CC,24CC143
Ira Menon,2004-06-07,FEMALE,iramenon@gmail.com,9707173021,BATCH_23,CS,23CS131
Chitra Pandey,2006-08-13,MALE,chitrapandey@gmail.com,9245971557,BATCH_25,CD,25CD124
Harini Rao,2006-05-17,FEMALE,harinirao@gmail.com,9726680639,BATCH_25,EC,25EC152
Manish Menon,2009-12-29,MALE,manish.menon24@gmail.com,9438075540,BATCH_26,EE,26EE147
Sai Mohan,2006-06-18,MALE,sai_mohan@gmail.com,9791209454,BATCH_24,CD,24CD149
Ishaan Raju,2004-06-14,FEMALE,ishaan.raju42@gmail.com,9381291660,BATCH_22,CS,22CS137
Tanvi Kapoor,2006-09-06,OTHER,tanvikapoor52@gmail.com,9528820950,BATCH_24,CM,24CM143
Tarun Reddy,2003-05-15,FEMALE,tarun.reddy34@gmail.com,9785991136,BATCH_22,ME,22ME132
Varun Mishra,2004-01-27,FEMALE,varun.mishra52@gmail.com,9001909387,BATCH_23,CS,23CS132
Meera Yadav,2006-06-22,FEMALE,meera_yadav@gmail.com,9685022080,BATCH_24,EC,24EC130
Gauri Chandra,2004-09-23,FEMALE,gauri.chandra58@hotmail.com,9873812946,BATCH_22,CD,22CD136
Lakshmi Rao,2010-08-06,FEMALE,lakshmi.rao2@gmail.com,9654566703,BATCH_27,ME,27ME121
Sai Nair,2006-10-26,MALE,sai.nair@gmail.com,9295019761,BATCH_24,EC,24EC131
Vikram Gupta,2009-06-08,MALE,vikram_gupta@outlook.com,9001755049,BATCH_27,EC,27EC136
Tarun Naidu,2007-03-08,FEMALE,tarun.naidu71@gmail.com,9990251002,BATCH_26,EC,26EC131
Kabir Krishnan,2004-11-21,FEMALE,kabirkrishnan142@gmail.com,9629231912,BATCH_22,EE,22EE138
Diya Rani,2009-07-11,FEMALE,diyarani442@gmail.com,9234021199,BATCH_27,EE,27EE134
Ananya Raju,2004-05-16,MALE,ananya.raju78@outlook.com,9813267334,BATCH_23,CI,23CI132
Rahul Kumar,2007-12-30,MALE,rahul_kumar@outlook.com,9937873521,BATCH_26,CS,26CS137
Lakshmi Gupta,2004-03-12,OTHER,lakshmigupta403@gmail.com,9851816125,BATCH_23,EC,23EC143
Om Sharma,2008-09-04,MALE,osharma@gmail.com,9221425731,BATCH_26,ME,26ME128
Rakesh Chandra,2008-11-22,FEMALE,rakesh_chandra@gmail.com,9136054946,BATCH_26,CC,26CC138
Vikram Malhotra,2007-07-22,FEMALE,vikrammalhotra704@gmail.com,9083486491,BATCH_25,CM,25CM137
Chitra Rani,2008-08-23,MALE,chitrarani@outlook.com,9513183823,BATCH_26,EC,26EC132
Kavya Singh,2004-03-09,FEMALE,ksingh@gmail.com,9489930871,BATCH_22,CS,22CS138
Ira Babu,2004-07-31,MALE,ira.babu42@gmail.com,9303078371,BATCH_22,CS,22CS139
Sai Chowdary,2007-09-01,FEMALE,sai.chowdary@gmail.com,9091266717,BATCH_26,CI,26CI148
Nisha Reddy,2005-09-26,MALE,nisha.reddy88@gmail.com,9210236899,BATCH_23,ME,23ME150
Naveen Verma,2010-05-26,MALE,naveenverma486@gmail.com,9261891241,BATCH_27,ME,27ME122
Abhinav Goud,2006-12-18,FEMALE,abhinav_goud@gmail.com,9048734057,BATCH_25,CC,25CC149
Jyoti Rani,2008-08-17,FEMALE,jyotirani447@gmail.com,9838865589,BATCH_25,CC,25CC150
Pranav Patel,2005-02-15,FEMALE,pranavpatel248@yahoo.com,9235782239,BATCH_22,CS,22CS140
Sanya Krishnan,2008-09-23,MALE,sanyakrishnan@gmail.com,9434231494,BATCH_26,CS,26CS138
Harini Singh,2005-08-15,FEMALE,harinisingh@outlook.com,9285586793,BATCH_24,EC,24EC132
Nikhil Goud,2006-11-20,MALE,nikhil.goud27@gmail.com,9495092431,BATCH_24,CM,24CM144
Om Goud,2005-06-02,FEMALE,om.goud98@gmail.com,9157919291,BATCH_23,CS,23CS133
Sai Desai,2007-08-16,FEMALE,sai.desai84@outlook.com,9244792975,BATCH_25,EC,25EC153
Dhruv Malhotra,2007-03-21,MALE,dhruv.malhotra16@gmail.com,9294123280,BATCH_26,CM,26CM126
Sanya Rani,2004-05-22,MALE,sanya_rani@gmail.com,9721412702,BATCH_23,CI,23CI133
Ishaan Malhotra,2009-02-12,MALE,ishaan.malhotra@gmail.com,9412467653,BATCH_27,CS,27CS156
Rakesh Goud,2007-10-26,FEMALE,rakeshgoud414@gmail.com,9804204394,BATCH_25,CS,25CS140
Priya Naidu,2005-05-21,FEMALE,priyanaidu@gmail.com,9676408977,BATCH_24,CD,24CD150
Arjun Malhotra,2008-12-18,FEMALE,arjunmalhotra979@outlook.com,9366176588,BATCH_27,EC,27EC137
Aarav Iyer,2008-02-01,MALE,aarav.iyer75@gmail.com,9834809854,BATCH_27,CM,27CM149
Tanvi Prasad,2005-08-01,MALE,tanviprasad814@hotmail.com,9806647070,BATCH_22,CC,22CC133
Divya Singh,2008-11-13,FEMALE,dsingh@gmail.com,9445142157,BATCH_26,EC,26EC133
Rahul Gupta,2008-08-31,FEMALE,rahul.gupta@gmail.com,9639540022,BATCH_27,CD,27CD140
Ananya Malhotra,2009-08-27,FEMALE,ananya.malhotra70@gmail.com,9109120459,BATCH_27,EC,27EC138
Nikhil Singh,2009-07-09,FEMALE,nikhilsingh@gmail.com,9228832093,BATCH_27,EC,27EC139
Gauri Devi,2009-01-07,MALE,gauridevi@yahoo.com,9513918418,BATCH_27,CM,27CM150
Nikhil Raju,2004-11-19,MALE,nraju@gmail.com,9815736640,BATCH_22,CS,22CS141
Karthik Chowdary,2004-05-08,FEMALE,karthikchowdary299@gmail.com,9897137388,BATCH_22,CD,22CD137
Manish Joshi,2006-09-27,FEMALE,manish.joshi24@gmail.com,9268009072,BATCH_23,CC,23CC132
Tanvi Krishnan,2009-06-15,FEMALE,tanvikrishnan386@gmail.com,9136223801,BATCH_27,CM,27CM151
Naveen Singh,2005-03-26,MALE,naveen.singh15@gmail.com,9047176970,BATCH_22,ME,22ME133
Pranav Rani,2004-06-11,FEMALE,pranav.rani36@gmail.com,9374834483,BATCH_22,ME,22ME134
Rakesh Iyer,2008-07-16,MALE,rakeshiyer938@gmail.com,9158650487,BATCH_26,EE,26EE148
Diya Kumar,2009-07-14,FEMALE,diyakumar981@gmail.com,9542683684,BATCH_27,CC,27CC135
Lakshmi Menon,2009-09-17,FEMALE,lakshmi_menon@gmail.com,9325199010,BATCH_27,CM,27CM152
Vikram Devi,2005-08-07,MALE,vikramdevi903@gmail.com,9082137118,BATCH_23,CM,23CM153
Divya Nair,2007-05-20,FEMALE,divya.nair@yahoo.com,9293631761,BATCH_26,EE,26EE149
Rahul Singh,2004-09-27,MALE,rahulsingh756@gmail.com,9576716344,BATCH_22,CD,22CD138
Rohan Rani,2007-02-18,FEMALE,rohan.rani60@gmail.com,9183606370,BATCH_24,CS,24CS143
Arjun Rani,2004-02-01,OTHER,arjunrani164@gmail.com,9361920259,BATCH_22,CC,22CC134
Priya Mishra,2008-03-30,MALE,priya_mishra@gmail.com,9152483196,BATCH_26,CC,26CC139
Sanya Joshi,2007-08-08,FEMALE,sanyajoshi999@gmail.com,9941117234,BATCH_25,CC,25CC151
Pranav Nair,2005-12-04,FEMALE,pranav.nair8@yahoo.com,9937175992,BATCH_22,ME,22ME135
Meera Reddy,2009-04-07,MALE,mreddy@yahoo.com,9054639998,BATCH_27,CS,27CS157
Bhavya Chowdary,2006-11-10,MALE,bhavyachowdary@gmail.com,9492745379,BATCH_23,EE,23EE134
Rohan Desai,2009-12-02,MALE,rohandesai365@gmail.com,9855779748,BATCH_27,CD,27CD141
Sai Menon,2008-02-28,FEMALE,saimenon767@gmail.com,9641199136,BATCH_26,CS,26CS139
Dhruv Verma,2007-03-17,MALE,dhruv.verma@gmail.com,9760122777,BATCH_25,CS,25CS141
Isha Patel,2006-04-15,FEMALE,isha.patel70@gmail.com,9994765984,BATCH_23,CS,23CS134
Yash Sharma,2006-07-10,FEMALE,yash.sharma47@yahoo.com,9454470229,BATCH_23,CD,23CD143
Aryan Verma,2007-08-22,MALE,aryan.verma@outlook.com,9957676024,BATCH_25,CC,25CC152
Harini Nair,2007-11-08,MALE,harini.nair@gmail.com,9102114091,BATCH_26,CI,26CI149
Aditya Verma,2006-08-25,MALE,aditya.verma@gmail.com,9044148224,BATCH_24,CC,24CC144
Nikhil Babu,2007-11-24,FEMALE,nikhilbabu@gmail.com,9384535002,BATCH_25,CM,25CM138
Aditya Gupta,2006-09-05,OTHER,adityagupta266@gmail.com,9998028413,BATCH_24,EE,24EE149
Uday Rao,2008-08-29,FEMALE,urao@gmail.com,9903202041,BATCH_25,CS,25CS142
Zoya Pandey,2005-11-08,FEMALE,zoya.pandey@yahoo.com,9608706626,BATCH_24,EE,24EE150
Divya Desai,2006-07-08,OTHER,divya.desai94@gmail.com,9622567342,BATCH_24,CM,24CM145
Divya Prasad,2003-09-12,MALE,divyaprasad828@gmail.com,9313503574,BATCH_22,EE,22EE139
Tanvi Patel,2010-01-27,FEMALE,tanvi.patel27@gmail.com,9976302866,BATCH_27,CD,27CD142
Krishna Devi,2008-01-03,FEMALE,krishnadevi@outlook.com,9591611863,BATCH_26,ME,26ME129
Kabir Goud,2004-07-08,MALE,kabir_goud@gmail.com,9979531926,BATCH_22,CC,22CC135
Reyansh Joshi,2003-03-06,FEMALE,reyansh.joshi@gmail.com,9569247688,BATCH_22,EC,22EC132
Naveen Pandey,2006-06-09,MALE,naveen_pandey@gmail.com,9343833506,BATCH_23,CS,23CS135
Uday Mishra,2008-11-03,MALE,uday.mishra75@gmail.com,9623838440,BATCH_26,CM,26CM127
Manish Goud,2005-12-29,FEMALE,manish.goud97@yahoo.com,9674087721,BATCH_23,CC,23CC133
Rohan Chowdary,2006-09-30,MALE,rohanchowdary616@gmail.com,9997533659,BATCH_23,CI,23CI134
Ira Iyer,2007-02-22,FEMALE,ira.iyer8@gmail.com,9504390356,BATCH_26,CM,26CM128
Riya Chowdary,2006-10-28,MALE,riya.chowdary10@gmail.com,9437052635,BATCH_25,CI,25CI138
Vihaan Verma,2007-04-04,FEMALE,vihaanverma@gmail.com,9247312616,BATCH_26,ME,26ME130
Abhinav Iyer,2006-07-14,MALE,abhinaviyer394@gmail.com,9629136215,BATCH_24,CI,24CI145
Chitra Kapoor,2005-02-24,MALE,chitra.kapoor@yahoo.com,9312512931,BATCH_23,CM,23CM154
Gauri Mohan,2007-08-01,MALE,gaurimohan351@gmail.com,9565317087,BATCH_25,CD,25CD125
Lakshmi Mishra,2009-10-01,FEMALE,lakshmimishra@hotmail.com,9776013109,BATCH_27,EC,27EC140
Sai Patel,2007-03-11,FEMALE,sai.patel58@gmail.com,9783769389,BATCH_25,CS,25CS143
Kavya Mishra,2009-01-25,MALE,kavya.mishra93@gmail.com,9978497042,BATCH_27,EC,27EC141
Dhruv Singh,2006-05-08,FEMALE,dhruv_singh@outlook.com,9012269415,BATCH_24,CS,24CS144
Meera Gupta,2004-10-07,MALE,meera.gupta66@gmail.com,9981159485,BATCH_22,CC,22CC136
Aditya Rani,2004-10-05,FEMALE,adityarani@gmail.com,9425539611,BATCH_22,ME,22ME136
Dhruv Joshi,2007-07-19,MALE,dhruv.joshi@yahoo.com,9012884529,BATCH_25,CC,25CC153
Isha Rani,2004-05-04,FEMALE,isharani235@gmail.com,9023854514,BATCH_22,CM,22CM141
Sai Iyer,2004-11-02,FEMALE,saiiyer760@gmail.com,9693353900,BATCH_23,EC,23EC144
Vihaan Verma,2010-04-11,MALE,vihaanverma@outlook.com,9374399248,BATCH_27,CS,27CS158
Meera Chowdary,2009-08-10,FEMALE,meera_chowdary@gmail.com,9899247157,BATCH_26,CS,26CS140
Chitra Mishra,2008-04-29,FEMALE,chitra.mishra@gmail.com,9181233576,BATCH_26,CC,26CC140
Ananya Rani,2008-05-15,FEMALE,ananyarani@gmail.com,9559657657,BATCH_25,CD,25CD126
Rakesh Desai,2008-05-08,MALE,rakeshdesai@gmail.com,9142939911,BATCH_26,CI,26CI150
Ira Kapoor,2006-12-18,FEMALE,ira.kapoor7@gmail.com,9788062529,BATCH_24,CM,24CM146
Om Yadav,2004-08-19,FEMALE,oyadav@gmail.com,9336472235,BATCH_22,CM,22CM142
Kabir Rao,2007-04-05,FEMALE,kabirrao@gmail.com,9808010062,BATCH_25,EE,25EE137
Priya Raju,2007-09-02,FEMALE,priya.raju@gmail.com,9345401938,BATCH_25,EE,25EE138
Tanvi Devi,2008-12-18,MALE,tanvidevi726@gmail.com,9869017074,BATCH_26,ME,26ME131
Varun Chandra,2007-04-23,FEMALE,vchandra@yahoo.com,9965223955,BATCH_24,ME,24ME137
Rohan Chandra,2006-03-15,MALE,rohanchandra310@outlook.com,9328614024,BATCH_24,CD,24CD151
Abhinav Gupta,2007-11-24,MALE,abhinav.gupta6@gmail.com,9971179808,BATCH_25,EE,25EE139
Jyoti Kumar,2006-09-20,FEMALE,jyotikumar204@gmail.com,9811457887,BATCH_25,CI,25CI139
Meera Babu,2004-03-21,MALE,meerababu441@gmail.com,9866198285,BATCH_23,EE,23EE135
Vikram Yadav,2010-08-17,FEMALE,vikram.yadav22@outlook.com,9037808866,BATCH_27,CC,27CC136
Sai Pillai,2005-09-03,FEMALE,sai.pillai86@yahoo.com,9310324171,BATCH_24,ME,24ME138
Kavya Iyer,2006-03-08,MALE,kiyer@gmail.com,9720667549,BATCH_24,CI,24CI146
Reyansh Goud,2005-02-22,FEMALE,reyanshgoud753@gmail.com,9835384127,BATCH_23,CS,23CS136
Isha Devi,2005-12-09,MALE,ishadevi@gmail.com,9528805075,BATCH_23,CC,23CC134
Naveen Prasad,2009-12-20,MALE,naveen.prasad42@hotmail.com,9860165612,BATCH_27,EC,27EC142
Kabir Singh,2010-07-04,FEMALE,kabir.singh62@yahoo.com,9773175363,BATCH_27,CD,27CD143
Isha Chandra,2007-08-21,MALE,ishachandra758@yahoo.com,9486387853,BATCH_24,CM,24CM147
Isha Singh,2007-10-15,MALE,ishasingh129@gmail.com,9137674266,BATCH_25,CS,25CS144
Vihaan Desai,2006-09-03,FEMALE,vihaandesai@yahoo.com,9384109600,BATCH_24,CD,24CD152
Aryan Patel,2004-07-10,MALE,aryan_patel@outlook.com,9538373579,BATCH_22,EE,22EE140
Arjun Babu,2004-11-30,MALE,arjunbabu805@yahoo.com,9570583349,BATCH_22,CS,22CS142
Bhavya Joshi,2010-07-26,FEMALE,bhavyajoshi@gmail.com,9206370355,BATCH_27,CM,27CM153
Manish Raju,2009-02-08,MALE,manishraju9@gmail.com,9304948414,BATCH_27,CC,27CC137
Harini Malhotra,2004-11-09,OTHER,hmalhotra@gmail.com,9730777810,BATCH_22,CD,22CD139
Ananya Sharma,2009-03-22,OTHER,ananya_sharma@outlook.com,9182548057,BATCH_27,CI,27CI138
Nikhil Singh,2007-07-16,MALE,nikhilsingh422@gmail.com,9698490277,BATCH_24,ME,24ME139
Manish Nair,2008-09-17,FEMALE,manishnair@yahoo.com,9370890537,BATCH_25,CC,25CC154
Priya Kapoor,2004-12-15,FEMALE,priya_kapoor@yahoo.com,9649569175,BATCH_22,CI,22CI146
Ira Chowdary,2005-12-23,MALE,irachowdary588@gmail.com,9131187087,BATCH_24,CI,24CI147
Vikram Patel,2006-01-23,FEMALE,vpatel@gmail.com,9826815423,BATCH_25,CC,25CC155
Harini Chandra,2009-02-25,MALE,harini.chandra51@gmail.com,9063822443,BATCH_26,EC,26EC134
Sanya Chandra,2004-07-12,MALE,sanya_chandra@gmail.com,9831748276,BATCH_23,CI,23CI135
Om Devi,2009-12-27,MALE,om.devi@outlook.com,9482961205,BATCH_27,ME,27ME123
Varun Rao,2008-09-09,FEMALE,varunrao@hotmail.com,9893069290,BATCH_26,CD,26CD141
Siddharth Raju,2007-05-16,MALE,siddharth.raju@gmail.com,9544727879,BATCH_25,CM,25CM139
Zoya Verma,2006-06-16,MALE,zoya.verma@gmail.com,9951948454,BATCH_23,CC,23CC135
Riya Menon,2009-08-05,FEMALE,riyamenon87@gmail.com,9148109957,BATCH_27,ME,27ME124
Vihaan Nair,2006-01-16,FEMALE,vihaannair@gmail.com,9714883054,BATCH_24,CI,24CI148
Naveen Kapoor,2009-07-02,FEMALE,naveen_kapoor@gmail.com,9308868430,BATCH_26,ME,26ME132
Sanya Mishra,2004-04-26,MALE,sanyamishra89@outlook.com,9090206818,BATCH_22,CD,22CD140
Tarun Mohan,2005-08-01,MALE,tarun.mohan@gmail.com,9954739406,BATCH_22,CM,22CM143
Rakesh Mishra,2005-06-05,MALE,rakeshmishra955@gmail.com,9928349428,BATCH_24,CC,24CC145
Jyoti Naidu,2006-02-04,MALE,jyoti.naidu63@gmail.com,9605074150,BATCH_24,CM,24CM148
Diya Pandey,2007-09-23,FEMALE,diya.pandey15@gmail.com,9010124571,BATCH_25,CD,25CD127
Krishna Krishnan,2007-06-02,FEMALE,krishna.krishnan8@outlook.com,9736653978,BATCH_25,EC,25EC154
Lakshmi Chowdary,2007-09-10,MALE,lakshmichowdary@outlook.com,9616741483,BATCH_24,CM,24CM149
Varun Desai,2008-01-25,FEMALE,varun_desai@yahoo.com,9173208652,BATCH_26,ME,26ME133
Vikram Chowdary,2004-05-04,FEMALE,vikram.chowdary74@gmail.com,9455740449,BATCH_22,CD,22CD141
Manish Nair,2004-12-30,MALE,manish.nair35@gmail.com,9677098953,BATCH_22,CS,22CS143
Rahul Joshi,2007-08-19,FEMALE,rahuljoshi@outlook.com,9379965075,BATCH_25,EE,25EE140
Rakesh Gupta,2007-08-07,MALE,rakesh.gupta27@gmail.com,9003083566,BATCH_25,CI,25CI140
Ishaan Sharma,2008-07-02,MALE,ishaansharma960@gmail.com,9331586923,BATCH_25,EE,25EE141
Chitra Yadav,2008-08-06,MALE,chitra.yadav92@gmail.com,9748464310,BATCH_26,EC,26EC135
Krishna Iyer,2006-09-21,MALE,krishna.iyer@gmail.com,9575232661,BATCH_24,CS,24CS145
Ira Iyer,2008-06-02,FEMALE,ira.iyer@gmail.com,9314914215,BATCH_27,CI,27CI139
Manish Reddy,2004-02-10,MALE,manishreddy@outlook.com,9148629783,BATCH_22,CS,22CS144
Divya Verma,2006-03-27,FEMALE,divya.verma85@gmail.com,9114746757,BATCH_24,EC,24EC133
Sai Joshi,2005-12-19,MALE,sai.joshi62@gmail.com,9651812759,BATCH_23,CC,23CC136
Lakshmi Menon,2006-12-01,MALE,lakshmi.menon97@outlook.com,9901495427,BATCH_24,EE,24EE151
Aarav Naidu,2010-04-25,MALE,aarav_naidu@outlook.com,9921609228,BATCH_27,CD,27CD144
Nikhil Joshi,2007-01-14,MALE,nikhil_joshi@gmail.com,9606853615,BATCH_25,EE,25EE142
Pranav Iyer,2006-02-23,FEMALE,pranav.iyer@outlook.com,9094525539,BATCH_25,ME,25ME150
Harini Singh,2009-11-21,MALE,harini.singh57@gmail.com,9084861066,BATCH_26,CM,26CM129
Ananya Raju,2005-04-12,FEMALE,ananyaraju194@gmail.com,9792749072,BATCH_23,CM,23CM155
Uday Mishra,2009-03-27,MALE,uday.mishra@gmail.com,9552906069,BATCH_27,CS,27CS159
Gauri Raju,2005-12-20,MALE,gauri_raju@yahoo.com,9312710267,BATCH_23,CM,23CM156
Nikhil Goud,2009-04-03,FEMALE,nikhilgoud816@gmail.com,9362192158,BATCH_26,ME,26ME134
Kabir Rani,2009-12-08,FEMALE,kabir.rani74@outlook.com,9365761476,BATCH_27,ME,27ME125
Harini Babu,2004-02-29,MALE,harini_babu@gmail.com,9572652136,BATCH_23,CS,23CS137
Harini Desai,2009-10-31,FEMALE,harini_desai@outlook.com,9138787018,BATCH_27,CI,27CI140
Isha Krishnan,2005-11-19,MALE,ishakrishnan@yahoo.com,9633711935,BATCH_24,CC,24CC146
Aditya Singh,2009-10-11,FEMALE,aditya_singh@gmail.com,9281739339,BATCH_27,CM,27CM154
Bhavya Joshi,2007-05-15,FEMALE,bhavyajoshi203@gmail.com,9019027169,BATCH_26,CC,26CC141
Om Naidu,2008-08-12,MALE,om.naidu@gmail.com,9979752542,BATCH_26,CI,26CI151
Divya Singh,2008-07-08,MALE,divyasingh@gmail.com,9579220300,BATCH_26,ME,26ME135
Ira Kapoor,2008-08-17,MALE,ira.kapoor44@gmail.com,9221455937,BATCH_25,CI,25CI141
Tanvi Sharma,2006-02-26,FEMALE,tanvi.sharma@yahoo.com,9278097281,BATCH_24,CM,24CM150
Arjun Desai,2009-10-24,MALE,arjundesai241@gmail.com,9203314656,BATCH_26,CM,26CM130
Bhavya Nair,2004-04-22,FEMALE,bhavyanair@gmail.com,9221563439,BATCH_22,CS,22CS145
Tanvi Goud,2003-09-06,FEMALE,tgoud@gmail.com,9848990086,BATCH_22,CM,22CM144
Arjun Babu,2008-12-09,MALE,arjun.babu40@gmail.com,9997525470,BATCH_27,EE,27EE135
Vihaan Goud,2005-09-04,MALE,vihaan.goud38@yahoo.com,9111757691,BATCH_23,EC,23EC145
Uday Babu,2008-12-18,MALE,uday.babu67@gmail.com,9869747623,BATCH_26,CM,26CM131
Dhruv Kapoor,2004-02-07,MALE,dhruv.kapoor@gmail.com,9986405376,BATCH_22,CI,22CI147
Lakshmi Krishnan,2005-04-17,FEMALE,lakshmi_krishnan@gmail.com,9032615187,BATCH_23,EE,23EE136
Nisha Naidu,2003-10-20,MALE,nisha.naidu33@outlook.com,9730123199,BATCH_22,CI,22CI148
Abhinav Devi,2007-11-18,FEMALE,abhinav.devi17@outlook.com,9963196305,BATCH_26,CM,26CM132
Pranav Gupta,2003-09-02,MALE,pranav.gupta@yahoo.com,9305114960,BATCH_22,ME,22ME137
Harini Babu,2005-07-14,MALE,harini.babu@gmail.com,9590277167,BATCH_24,ME,24ME140
Siddharth Devi,2004-02-28,FEMALE,siddharthdevi765@gmail.com,9715443961,BATCH_22,CD,22CD142
Sai Goud,2006-11-21,MALE,sai.goud8@gmail.com,9872962042,BATCH_24,EC,24EC134
Pranav Malhotra,2005-09-30,MALE,pranavmalhotra171@gmail.com,9032053064,BATCH_22,ME,22ME138
Vivaan Mishra,2006-08-25,FEMALE,vivaanmishra796@outlook.com,9226966734,BATCH_24,CI,24CI149
Kavya Devi,2008-03-22,FEMALE,kavya.devi6@gmail.com,9391396774,BATCH_26,CD,26CD142
Harini Kapoor,2007-05-10,MALE,harini.kapoor72@gmail.com,9389982780,BATCH_25,CI,25CI142
Pranav Babu,2008-01-15,FEMALE,pranav.babu@yahoo.com,9608276100,BATCH_27,CI,27CI141
Aditya Pandey,2009-11-25,MALE,aditya_pandey@gmail.com,9499141071,BATCH_27,ME,27ME126
Zoya Kumar,2009-12-02,OTHER,zoyakumar@outlook.com,9632381370,BATCH_26,CS,26CS141
Zoya Devi,2007-04-22,MALE,zoya.devi51@gmail.com,9995066676,BATCH_25,ME,25ME151
Ishaan Yadav,2005-08-10,FEMALE,ishaan.yadav3@gmail.com,9398554743,BATCH_23,CD,23CD144
Manish Goud,2008-12-03,MALE,manishgoud@gmail.com,9574396770,BATCH_26,CM,26CM133
Om Krishnan,2009-10-14,FEMALE,om.krishnan24@gmail.com,9938212101,BATCH_27,EC,27EC143
Pranav Desai,2008-12-27,MALE,pranavdesai934@outlook.com,9762648163,BATCH_26,CC,26CC142
Kavya Chowdary,2005-03-12,MALE,kavya.chowdary@gmail.com,9557782058,BATCH_23,CM,23CM157
Vikram Raju,2004-02-20,FEMALE,vraju@yahoo.com,9409619843,BATCH_22,EE,22EE141
Zoya Pillai,2007-02-04,MALE,zoyapillai224@gmail.com,9681472145,BATCH_25,CS,25CS145
Ira Pandey,2009-03-13,MALE,ira.pandey@yahoo.com,9393784087,BATCH_27,ME,27ME127
Aryan Kumar,2006-03-02,FEMALE,aryankumar211@gmail.com,9821140848,BATCH_24,CS,24CS146
Divya Kapoor,2008-03-26,FEMALE,divyakapoor@gmail.com,9655999331,BATCH_26,EE,26EE150
Ira Kumar,2009-02-17,MALE,irakumar633@gmail.com,9059784281,BATCH_27,ME,27ME128
Ishaan Yadav,2005-05-27,FEMALE,ishaan_yadav@yahoo.com,9217274219,BATCH_24,CI,24CI150
Isha Desai,2005-12-16,MALE,isha.desai@yahoo.com,9521127596,BATCH_23,CC,23CC137
Vikram Desai,2006-08-29,MALE,vikramdesai310@outlook.com,9807740649,BATCH_24,ME,24ME141
Ira Chowdary,2004-06-09,MALE,ira.chowdary16@gmail.com,9325878870,BATCH_22,CD,22CD143
Vihaan Pillai,2007-03-25,MALE,vihaanpillai878@gmail.com,9112036081,BATCH_25,CD,25CD128
Varun Pillai,2005-06-19,MALE,varun.pillai@gmail.com,9204102680,BATCH_23,CI,23CI136
Aryan Reddy,2005-02-13,FEMALE,aryan.reddy52@gmail.com,9218945239,BATCH_23,CC,23CC138
Vihaan Reddy,2007-11-18,MALE,vihaan.reddy51@gmail.com,9567563558,BATCH_26,CC,26CC143
Uday Krishnan,2006-08-26,MALE,ukrishnan@yahoo.com,9330868939,BATCH_25,CC,25CC156
Sai Desai,2007-04-06,FEMALE,saidesai@outlook.com,9939409965,BATCH_24,CC,24CC147
Om Mohan,2009-12-24,MALE,ommohan@outlook.com,9720164854,BATCH_27,ME,27ME129
Nikhil Patel,2007-06-05,FEMALE,nikhilpatel860@yahoo.com,9728132659,BATCH_26,CM,26CM134
Divya Verma,2004-12-24,FEMALE,divyaverma836@gmail.com,9675334044,BATCH_22,CM,22CM145
Aditi Menon,2006-11-22,OTHER,aditimenon123@outlook.com,9476889386,BATCH_24,CD,24CD153
Rohan Rao,2009-11-30,FEMALE,rohan.rao90@gmail.com,9512090181,BATCH_27,CI,27CI142
Krishna Goud,2005-04-08,MALE,krishna.goud@gmail.com,9988325501,BATCH_23,CI,23CI137
Sanjay Krishnan,2007-03-05,MALE,sanjay_krishnan@gmail.com,9809339137,BATCH_25,CI,25CI143
Gauri Singh,2009-01-17,MALE,gaurisingh@gmail.com,9919765794,BATCH_26,CD,26CD143
Sanjay Chandra,2009-11-13,FEMALE,sanjaychandra713@gmail.com,9663338746,BATCH_27,CS,27CS160
Uday Desai,2004-12-17,MALE,udaydesai241@gmail.com,9400252074,BATCH_23,ME,23ME151
Manish Devi,2004-06-23,FEMALE,manishdevi290@gmail.com,9760505759,BATCH_23,EE,23EE137
Ananya Yadav,2009-04-20,MALE,ananya.yadav@gmail.com,9398288367,BATCH_27,ME,27ME130
Naveen Chandra,2004-11-25,FEMALE,naveen.chandra@hotmail.com,9068086366,BATCH_22,CM,22CM146
Sai Kumar,2007-05-26,FEMALE,saikumar@gmail.com,9794738646,BATCH_25,CS,25CS146
Isha Kapoor,2009-10-11,FEMALE,ishakapoor622@gmail.com,9989309222,BATCH_26,EC,26EC136
Yash Sharma,2008-02-24,FEMALE,yashsharma238@gmail.com,9432054880,BATCH_25,CC,25CC157
Abhinav Babu,2007-10-11,FEMALE,abhinav_babu@outlook.com,9856855744,BATCH_25,EE,25EE143
Esha Yadav,2005-09-09,FEMALE,esha.yadav32@gmail.com,9174306881,BATCH_23,EC,23EC146
Nisha Mohan,2008-01-12,FEMALE,nisha.mohan15@yahoo.com,9450820269,BATCH_27,CD,27CD145
Sanjay Mohan,2009-09-15,FEMALE,sanjay.mohan1@gmail.com,9118031968,BATCH_27,ME,27ME131
Ira Raju,2009-06-21,MALE,iraraju@hotmail.com,9413165871,BATCH_26,CD,26CD144
Riya Chowdary,2008-11-20,MALE,riyachowdary905@gmail.com,9364424936,BATCH_25,CS,25CS147
Zoya Raju,2007-12-30,FEMALE,zoya.raju@gmail.com,9488051093,BATCH_25,CD,25CD129
Esha Yadav,2009-09-02,FEMALE,eshayadav872@gmail.com,9488544213,BATCH_27,CS,27CS161
Riya Rao,2004-07-20,MALE,rrao@outlook.com,9635057059,BATCH_22,EE,22EE142
Aditi Kapoor,2007-08-18,MALE,aditi.kapoor43@gmail.com,9990522171,BATCH_26,CC,26CC144
Chitra Desai,2007-02-20,MALE,chitra.desai@yahoo.com,9881224661,BATCH_26,CS,26CS142
Nikhil Sharma,2006-02-23,FEMALE,nsharma@outlook.com,9563213580,BATCH_24,EE,24EE152
Sai Kapoor,2009-06-02,FEMALE,saikapoor@gmail.com,9883773567,BATCH_26,EE,26EE151
Krishna Menon,2007-03-15,FEMALE,krishnamenon553@gmail.com,9903008103,BATCH_24,EC,24EC135
Jyoti Pandey,2007-11-14,MALE,jyotipandey@gmail.com,9421047095,BATCH_25,EE,25EE144
Gauri Mohan,2004-03-29,MALE,gaurimohan170@gmail.com,9386410095,BATCH_22,CC,22CC137
Rakesh Yadav,2005-08-21,MALE,ryadav@outlook.com,9082723590,BATCH_23,CD,23CD145
Abhinav Joshi,2009-05-12,OTHER,abhinav_joshi@outlook.com,9584465771,BATCH_27,CI,27CI143
Rahul Sharma,2008-07-25,MALE,rahul.sharma@outlook.com,9339597577,BATCH_26,EE,26EE152
Rakesh Yadav,2005-09-07,MALE,rakeshyadav469@gmail.com,9642086567,BATCH_23,CD,23CD146
Reyansh Yadav,2005-02-12,FEMALE,reyansh_yadav@gmail.com,9181519854,BATCH_23,EC,23EC147
Zoya Reddy,2007-06-24,MALE,zreddy@hotmail.com,9699023557,BATCH_25,CS,25CS148
Priya Gupta,2007-06-24,FEMALE,priya.gupta@gmail.com,9623067801,BATCH_24,CD,24CD154
Harini Yadav,2006-11-22,FEMALE,hariniyadav434@gmail.com,9594021614,BATCH_24,CM,24CM151
Riya Goud,2008-10-23,FEMALE,riya.goud93@gmail.com,9872408992,BATCH_26,CC,26CC145
Ananya Rani,2008-02-05,FEMALE,ananya.rani22@outlook.com,9090280579,BATCH_26,EC,26EC137
Arjun Iyer,2005-02-12,FEMALE,arjuniyer16@gmail.com,9222761584,BATCH_24,CS,24CS147
Siddharth Gupta,2008-03-17,MALE,siddharth.gupta@gmail.com,9286710665,BATCH_25,EC,25EC155
Uday Krishnan,2005-02-14,FEMALE,uday.krishnan@gmail.com,9556529278,BATCH_22,CS,22CS146
Nisha Mishra,2010-08-21,FEMALE,nisha.mishra23@gmail.com,9769693911,BATCH_27,EE,27EE136
Aryan Iyer,2006-01-17,MALE,aryan_iyer@gmail.com,9027031442,BATCH_23,CS,23CS138
Zoya Yadav,2009-05-13,FEMALE,zyadav@gmail.com,9784860564,BATCH_27,EC,27EC144
Om Sharma,2004-03-11,MALE,omsharma260@gmail.com,9901138604,BATCH_22,EC,22EC133
Gauri Goud,2008-02-27,MALE,gauri.goud@gmail.com,9128059826,BATCH_25,EE,25EE145
Om Verma,2009-07-03,MALE,om_verma@gmail.com,9966144665,BATCH_27,ME,27ME132
Vikram Reddy,2008-05-16,FEMALE,vikram_reddy@yahoo.com,9579470670,BATCH_27,CS,27CS162
Nisha Nair,2003-01-05,MALE,nisha.nair48@gmail.com,9254373167,BATCH_22,CI,22CI149
Varun Pandey,2006-10-22,MALE,varun.pandey75@gmail.com,9038265129,BATCH_24,CS,24CS148
Kabir Joshi,2004-01-29,MALE,kabirjoshi188@gmail.com,9785483309,BATCH_22,EC,22EC134
Aditya Kumar,2006-04-19,FEMALE,aditya.kumar73@outlook.com,9370695118,BATCH_24,CD,24CD155
Meera Malhotra,2008-04-30,MALE,meeramalhotra61@outlook.com,9873140319,BATCH_25,ME,25ME152
Ishaan Kapoor,2008-11-29,MALE,ishaan.kapoor@gmail.com,9162698520,BATCH_27,CD,27CD146
Nisha Desai,2007-07-14,MALE,nishadesai@gmail.com,9143543491,BATCH_24,EC,24EC136
Meera Malhotra,2007-10-04,FEMALE,mmalhotra@gmail.com,9844523649,BATCH_25,ME,25ME153
Aditya Goud,2004-10-25,MALE,aditya.goud46@gmail.com,9162469476,BATCH_23,CC,23CC139
Vikram Iyer,2004-04-16,FEMALE,vikramiyer82@gmail.com,9193486476,BATCH_22,CM,22CM147
Sanjay Mohan,2004-06-10,FEMALE,sanjay_mohan@yahoo.com,9635972931,BATCH_22,CI,22CI150
Priya Menon,2007-10-23,MALE,priya.menon32@gmail.com,9818063565,BATCH_24,ME,24ME142
Zoya Verma,2005-12-16,FEMALE,zoyaverma861@outlook.com,9033613637,BATCH_24,CC,24CC148
Siddharth Krishnan,2008-07-11,FEMALE,siddharthkrishnan361@gmail.com,9412272765,BATCH_25,CD,25CD130
Uday Joshi,2006-04-14,MALE,udayjoshi255@gmail.com,9279724572,BATCH_23,CD,23CD147
Ira Reddy,2009-07-09,MALE,ira.reddy92@gmail.com,9242867855,BATCH_26,CM,26CM135
Naveen Goud,2008-03-16,FEMALE,naveen.goud26@gmail.com,9558136661,BATCH_26,CD,26CD145
Chitra Nair,2003-01-29,FEMALE,chitra.nair52@gmail.com,9676727062,BATCH_22,ME,22ME139
Abhinav Kapoor,2008-11-18,MALE,abhinavkapoor994@gmail.com,9417741184,BATCH_27,CS,27CS163
Priya Krishnan,2008-07-17,FEMALE,priyakrishnan76@gmail.com,9168455252,BATCH_26,CC,26CC146
Yash Mishra,2004-03-31,MALE,ymishra@gmail.com,9127023189,BATCH_23,CC,23CC140
Tanvi Mohan,2005-06-18,MALE,tanvi.mohan@outlook.com,9867805555,BATCH_24,EE,24EE153
Uday Krishnan,2006-10-31,FEMALE,udaykrishnan620@hotmail.com,9660334191,BATCH_24,ME,24ME143
Manish Chandra,2007-12-20,MALE,manish.chandra22@gmail.com,9240555251,BATCH_25,ME,25ME154
Meera Babu,2007-02-24,MALE,meera.babu17@gmail.com,9571732030,BATCH_25,CS,25CS149
Jyoti Krishnan,2006-10-12,FEMALE,jyoti.krishnan10@gmail.com,9402937645,BATCH_24,CD,24CD156
Priya Singh,2006-08-30,FEMALE,priya.singh73@outlook.com,9109104300,BATCH_24,ME,24ME144
Dhruv Singh,2009-02-07,FEMALE,dhruvsingh387@gmail.com,9775013963,BATCH_27,CS,27CS164
Ananya Joshi,2004-05-28,FEMALE,ananyajoshi@hotmail.com,9676654209,BATCH_22,CD,22CD144
Rohan Iyer,2007-11-30,MALE,rohaniyer618@gmail.com,9415277655,BATCH_26,EE,26EE153
Nikhil Verma,2005-08-02,MALE,nikhilverma770@gmail.com,9777113320,BATCH_23,ME,23ME152
Harini Mohan,2010-07-02,FEMALE,harinimohan570@yahoo.com,9283119778,BATCH_27,CI,27CI144
Rahul Rani,2004-12-28,FEMALE,rahulrani462@gmail.com,9763115136,BATCH_22,EE,22EE143
Naveen Rani,2007-12-18,MALE,naveen_rani@gmail.com,9337399205,BATCH_25,CI,25CI144
Jyoti Kapoor,2009-12-21,MALE,jyotikapoor@gmail.com,9459205596,BATCH_27,CC,27CC138
Vivaan Singh,2003-06-05,MALE,vivaansingh917@gmail.com,9725948776,BATCH_22,EE,22EE144
Varun Pillai,2007-08-20,OTHER,varunpillai@yahoo.com,9341678127,BATCH_25,CI,25CI145
Gauri Sharma,2004-05-16,OTHER,gaurisharma195@gmail.com,9369468054,BATCH_22,CI,22CI151
Priya Desai,2008-09-16,MALE,priya.desai@gmail.com,9259955114,BATCH_27,EE,27EE137
Lakshmi Desai,2010-03-12,MALE,lakshmi.desai@gmail.com,9581936694,BATCH_27,CM,27CM155
Gauri Joshi,2008-09-30,FEMALE,gauri.joshi85@gmail.com,9792165018,BATCH_27,CI,27CI145
Aarav Kapoor,2008-04-03,MALE,aaravkapoor861@outlook.com,9759500260,BATCH_26,ME,26ME136
Kavya Kapoor,2009-02-08,FEMALE,kavya_kapoor@yahoo.com,9839525252,BATCH_27,CC,27CC139
Pranav Malhotra,2005-05-18,FEMALE,pranav.malhotra@yahoo.com,9018079498,BATCH_22,EE,22EE145
Jyoti Sharma,2007-08-13,MALE,jyotisharma959@outlook.com,9468993305,BATCH_26,CS,26CS143
Zoya Goud,2004-12-12,OTHER,zoyagoud@gmail.com,9395289669,BATCH_22,CM,22CM148
Krishna Menon,2003-04-22,FEMALE,krishna_menon@gmail.com,9920770839,BATCH_22,CD,22CD145
Krishna Patel,2007-01-22,FEMALE,krishnapatel864@gmail.com,9979251327,BATCH_24,ME,24ME145
Krishna Desai,2008-11-18,MALE,krishnadesai606@gmail.com,9584537797,BATCH_26,CD,26CD146
Karthik Raju,2009-10-12,FEMALE,karthik.raju83@gmail.com,9517530972,BATCH_26,CI,26CI152
Manish Babu,2004-01-22,MALE,manishbabu@gmail.com,9009132531,BATCH_23,CS,23CS139
Sanjay Malhotra,2005-05-29,FEMALE,sanjaymalhotra338@gmail.com,9847714673,BATCH_24,CS,24CS149
Karthik Goud,2007-01-09,FEMALE,karthik.goud@hotmail.com,9075068233,BATCH_26,EC,26EC138
Riya Pillai,2004-10-06,MALE,riyapillai@gmail.com,9452479941,BATCH_22,CD,22CD146
Varun Verma,2005-11-23,FEMALE,varun.verma63@gmail.com,9653298568,BATCH_23,CC,23CC141
Uday Babu,2009-02-02,FEMALE,udaybabu638@gmail.com,9908578825,BATCH_27,CD,27CD147
Reyansh Chandra,2004-11-02,FEMALE,reyanshchandra129@outlook.com,9871694555,BATCH_22,ME,22ME140
Pranav Patel,2005-12-27,MALE,pranav.patel@outlook.com,9664712434,BATCH_23,EE,23EE138
Rakesh Kumar,2003-02-04,FEMALE,rakeshkumar412@gmail.com,9488059515,BATCH_22,CS,22CS147
Nisha Desai,2009-12-30,MALE,nisha.desai1@gmail.com,9156307592,BATCH_27,EE,27EE138
Varun Nair,2008-10-26,FEMALE,varun.nair32@gmail.com,9141981179,BATCH_26,CS,26CS144
Vikram Nair,2007-08-03,MALE,vikramnair103@gmail.com,9497378053,BATCH_25,EC,25EC156
Krishna Desai,2004-01-19,FEMALE,krishnadesai@gmail.com,9540582799,BATCH_22,CI,22CI152
Aryan Iyer,2004-08-29,FEMALE,aiyer@yahoo.com,9704313455,BATCH_23,EE,23EE139
Rakesh Goud,2006-10-18,FEMALE,rakesh_goud@gmail.com,9966229063,BATCH_23,CI,23CI138
Harini Nair,2003-05-14,MALE,hnair@gmail.com,9723524880,BATCH_22,EE,22EE146
Esha Sharma,2004-09-12,FEMALE,esha.sharma@gmail.com,9358674280,BATCH_22,CI,22CI153
Varun Patel,2009-07-23,FEMALE,varunpatel677@gmail.com,9932337007,BATCH_27,CC,27CC140
Pranav Malhotra,2005-12-01,MALE,pranav.malhotra52@gmail.com,9666309329,BATCH_24,EE,24EE154
Isha Reddy,2006-07-16,FEMALE,ishareddy@gmail.com,9887676772,BATCH_24,ME,24ME146
Uday Gupta,2004-05-31,MALE,uday.gupta45@gmail.com,9656423245,BATCH_23,ME,23ME153
Harini Yadav,2008-03-22,FEMALE,hariniyadav@gmail.com,9777713589,BATCH_27,EC,27EC145
Vihaan Rao,2009-08-08,MALE,vihaan_rao@hotmail.com,9139992323,BATCH_27,CD,27CD148
Varun Mohan,2009-08-29,FEMALE,varunmohan856@outlook.com,9590447905,BATCH_27,CM,27CM156
Karthik Nair,2006-07-02,MALE,karthiknair@gmail.com,9997949756,BATCH_24,CI,24CI151
Sanya Menon,2005-07-27,FEMALE,sanya.menon25@gmail.com,9471992128,BATCH_22,CM,22CM149
Manish Naidu,2008-04-20,FEMALE,manish_naidu@gmail.com,9664853207,BATCH_26,CC,26CC147
Arjun Kumar,2009-05-28,FEMALE,arjun.kumar40@outlook.com,9356794154,BATCH_27,CD,27CD149
Siddharth Kapoor,2009-09-16,FEMALE,siddharth.kapoor78@gmail.com,9948543298,BATCH_26,ME,26ME137
Zoya Naidu,2005-07-25,MALE,zoyanaidu768@gmail.com,9347262471,BATCH_24,CS,24CS150
Kabir Malhotra,2004-08-30,MALE,kabir.malhotra@gmail.com,9141136317,BATCH_22,CD,22CD147
Nikhil Singh,2004-12-10,MALE,nikhil.singh1@outlook.com,9268315893,BATCH_23,CD,23CD148
Vikram Verma,2009-09-24,MALE,vikramverma797@gmail.com,9450156225,BATCH_27,ME,27ME133
Rohan Naidu,2008-09-13,MALE,rohannaidu645@gmail.com,9703755785,BATCH_26,CS,26CS145
Diya Verma,2006-04-26,FEMALE,diya.verma46@outlook.com,9613325411,BATCH_23,CD,23CD149
Lakshmi Raju,2005-07-06,MALE,lakshmiraju171@gmail.com,9019679720,BATCH_22,EC,22EC135
Lakshmi Kumar,2004-12-02,MALE,lakshmi_kumar@gmail.com,9460015516,BATCH_22,CI,22CI154
Yash Desai,2009-04-08,FEMALE,yashdesai38@gmail.com,9201306533,BATCH_27,EC,27EC146
Vikram Sharma,2009-02-19,MALE,vikram_sharma@yahoo.com,9513006340,BATCH_27,CD,27CD150
Aarav Chandra,2004-12-11,MALE,aaravchandra355@gmail.com,9180790077,BATCH_22,CM,22CM150
Rohan Naidu,2003-04-28,FEMALE,rohan.naidu@yahoo.com,9904733145,BATCH_22,CC,22CC138
Zoya Sharma,2004-01-24,MALE,zoya_sharma@gmail.com,9475476917,BATCH_23,EE,23EE140
Lakshmi Naidu,2005-01-23,FEMALE,lnaidu@yahoo.com,9837908798,BATCH_22,CD,22CD148
Vivaan Kapoor,2008-02-08,FEMALE,vivaan.kapoor78@gmail.com,9680115360,BATCH_25,ME,25ME155
Om Devi,2009-04-18,MALE,om.devi63@gmail.com,9721326776,BATCH_27,CM,27CM157
Vihaan Joshi,2004-01-01,MALE,vihaanjoshi12@gmail.com,9987869728,BATCH_23,CS,23CS140
Rakesh Naidu,2007-09-04,FEMALE,rakesh.naidu@gmail.com,9809928398,BATCH_25,CM,25CM140
Zoya Devi,2008-11-09,MALE,zoyadevi@gmail.com,9911118279,BATCH_26,CI,26CI153
Zoya Joshi,2007-12-09,MALE,zoyajoshi@gmail.com,9201487354,BATCH_24,CM,24CM152
Aditya Kumar,2008-02-29,MALE,adityakumar@gmail.com,9367886455,BATCH_26,CM,26CM136
Esha Rani,2007-08-10,FEMALE,erani@gmail.com,9856550528,BATCH_25,CC,25CC158
Harini Prasad,2008-02-15,FEMALE,harini_prasad@yahoo.com,9636560450,BATCH_26,ME,26ME138
Gauri Kapoor,2007-04-19,FEMALE,gauri.kapoor70@outlook.com,9971785681,BATCH_25,CD,25CD131
Isha Pandey,2005-10-19,MALE,isha.pandey36@gmail.com,9347944033,BATCH_23,ME,23ME154
Krishna Chandra,2004-07-12,FEMALE,krishna.chandra2@gmail.com,9771966661,BATCH_22,CC,22CC139
Siddharth Nair,2004-10-22,MALE,siddharth.nair78@gmail.com,9677315968,BATCH_22,ME,22ME141
Varun Prasad,2006-09-05,MALE,varunprasad727@gmail.com,9936518756,BATCH_23,CC,23CC142
Manish Kumar,2005-03-13,MALE,manish.kumar27@gmail.com,9054493392,BATCH_23,CC,23CC143
Dhruv Kapoor,2007-04-01,MALE,dhruvkapoor@gmail.com,9004218674,BATCH_25,CD,25CD132
Naveen Nair,2008-04-25,FEMALE,naveen_nair@gmail.com,9552313358,BATCH_26,EE,26EE154
Priya Rao,2007-05-24,MALE,priyarao930@outlook.com,9829813202,BATCH_25,CC,25CC159
Vikram Singh,2004-08-20,FEMALE,vikram.singh98@outlook.com,9625906200,BATCH_22,CC,22CC140
Naveen Pillai,2004-11-21,MALE,naveenpillai738@gmail.com,9715877006,BATCH_22,CM,22CM151
Karthik Mishra,2003-07-29,FEMALE,kmishra@gmail.com,9386910057,BATCH_22,CM,22CM152
Nikhil Kumar,2008-01-07,FEMALE,nikhilkumar717@yahoo.com,9018167784,BATCH_26,ME,26ME139
Aditya Krishnan,2006-09-05,FEMALE,aditya_krishnan@gmail.com,9530405319,BATCH_23,CC,23CC144
Tanvi Joshi,2007-11-11,MALE,tanvijoshi@outlook.com,9117390665,BATCH_26,EC,26EC139
Harini Rao,2006-11-30,FEMALE,harini.rao19@gmail.com,9219259679,BATCH_25,CI,25CI146
Aditi Naidu,2004-07-05,MALE,aditinaidu344@gmail.com,9232099662,BATCH_22,CS,22CS148
Sai Kumar,2005-01-04,FEMALE,sai_kumar@gmail.com,9374921209,BATCH_22,CS,22CS149
Vihaan Chandra,2004-04-12,FEMALE,vihaan.chandra@gmail.com,9760278703,BATCH_22,CS,22CS150
Nikhil Prasad,2004-09-26,FEMALE,nikhil.prasad@gmail.com,9667155446,BATCH_22,EC,22EC136
Bhavya Krishnan,2008-01-25,MALE,bkrishnan@gmail.com,9466063828,BATCH_27,CI,27CI146
Diya Patel,2007-04-25,FEMALE,diyapatel151@gmail.com,9909519566,BATCH_25,EC,25EC157
Aditya Raju,2008-08-24,FEMALE,aditya.raju87@outlook.com,9047012592,BATCH_25,CD,25CD133
Bhavya Mishra,2007-05-14,FEMALE,bmishra@gmail.com,9935492101,BATCH_25,CD,25CD134
Chitra Menon,2007-07-18,FEMALE,cmenon@gmail.com,9084325621,BATCH_25,CS,25CS150
Esha Singh,2009-06-28,FEMALE,eshasingh885@hotmail.com,9549444429,BATCH_27,EC,27EC147
Manish Mohan,2003-10-24,FEMALE,manishmohan@gmail.com,9035971771,BATCH_22,EC,22EC137
Esha Raju,2006-05-17,MALE,esha.raju26@outlook.com,9245049886,BATCH_24,CS,24CS151
Vivaan Babu,2005-05-21,MALE,vbabu@yahoo.com,9145795573,BATCH_24,EC,24EC137
Tarun Kapoor,2006-02-02,MALE,tarunkapoor@gmail.com,9094101759,BATCH_24,EE,24EE155
Priya Rao,2006-12-20,MALE,priya.rao54@gmail.com,9674863747,BATCH_24,CI,24CI152
Gauri Menon,2006-04-15,FEMALE,gauri.menon53@yahoo.com,9681672386,BATCH_25,EC,25EC158
Karthik Babu,2003-08-06,MALE,karthikbabu720@gmail.com,9669617027,BATCH_22,EE,22EE147
Pranav Desai,2010-03-28,MALE,pranavdesai@gmail.com,9440293634,BATCH_27,CC,27CC141
Sai Kumar,2004-01-24,MALE,sai.kumar18@hotmail.com,9170926407,BATCH_22,CC,22CC141
Kavya Chowdary,2008-03-20,MALE,kavyachowdary@gmail.com,9733299960,BATCH_26,CI,26CI154
Tanvi Rani,2007-05-27,MALE,tanvi.rani72@gmail.com,9806324489,BATCH_25,ME,25ME156
Ishaan Mishra,2007-01-09,FEMALE,ishaan.mishra50@gmail.com,9137124365,BATCH_25,CI,25CI147
Sanya Goud,2005-02-28,FEMALE,sanyagoud@gmail.com,9685808489,BATCH_23,CI,23CI139
Priya Sharma,2008-09-15,FEMALE,priya.sharma@gmail.com,9843913497,BATCH_27,EC,27EC148
Kabir Singh,2008-06-02,MALE,kabirsingh749@gmail.com,9426204714,BATCH_26,EE,26EE155
Krishna Chandra,2007-10-16,FEMALE,kchandra@outlook.com,9805283905,BATCH_24,CD,24CD157
Aarav Patel,2009-09-27,MALE,aaravpatel639@gmail.com,9539610480,BATCH_27,ME,27ME134
Naveen Gupta,2005-12-20,MALE,naveengupta@gmail.com,9292471960,BATCH_23,ME,23ME155
Rohan Kumar,2005-03-06,MALE,rohan.kumar@gmail.com,9897317912,BATCH_23,CD,23CD150
Reyansh Patel,2005-02-08,MALE,reyansh.patel@yahoo.com,9412022417,BATCH_23,CC,23CC145
Lakshmi Devi,2007-03-03,MALE,lakshmidevi24@gmail.com,9722512574,BATCH_24,CS,24CS152
Kabir Naidu,2005-01-05,MALE,kabirnaidu@gmail.com,9182562472,BATCH_23,EC,23EC148
Ira Joshi,2003-03-07,MALE,irajoshi776@yahoo.com,9180194289,BATCH_22,ME,22ME142
Aarav Rao,2004-04-16,MALE,aarav.rao@gmail.com,9154139385,BATCH_22,CI,22CI155
Isha Rao,2008-12-08,MALE,isha.rao24@gmail.com,9316720838,BATCH_26,EE,26EE156
Sanjay Rao,2007-02-02,MALE,sanjayrao734@gmail.com,9394303250,BATCH_26,CM,26CM137
Abhinav Mishra,2007-10-03,MALE,abhinav.mishra18@gmail.com,9893734670,BATCH_25,EE,25EE146
Aditya Goud,2005-08-25,MALE,aditya_goud@gmail.com,9567772266,BATCH_23,CM,23CM158
Priya Prasad,2005-10-18,FEMALE,priyaprasad831@gmail.com,9564598171,BATCH_24,CC,24CC149
Pranav Malhotra,2003-06-26,MALE,pranav_malhotra@hotmail.com,9235786529,BATCH_22,EC,22EC138
Ira Babu,2007-01-27,MALE,ibabu@yahoo.com,9010568977,BATCH_24,CS,24CS153
Rahul Kumar,2007-12-21,MALE,rahulkumar231@gmail.com,9877934724,BATCH_24,CD,24CD158
Meera Gupta,2005-07-22,MALE,meeragupta17@gmail.com,9403248735,BATCH_22,CI,22CI156
Isha Babu,2006-03-19,FEMALE,isha.babu71@gmail.com,9665686295,BATCH_23,EC,23EC149
Tarun Patel,2009-08-27,MALE,tarun_patel@gmail.com,9294206708,BATCH_27,CM,27CM158
Varun Nair,2008-08-13,FEMALE,varun_nair@outlook.com,9646123955,BATCH_26,EC,26EC140
Sanya Devi,2005-08-24,FEMALE,sanyadevi@gmail.com,9253209592,BATCH_23,CC,23CC146
Kavya Krishnan,2005-02-11,MALE,kavyakrishnan@gmail.com,9214300283,BATCH_23,CI,23CI140
Meera Nair,2006-03-14,MALE,meera.nair79@gmail.com,9846863872,BATCH_24,EC,24EC138
Dhruv Mishra,2007-05-11,FEMALE,dhruv.mishra31@gmail.com,9451906774,BATCH_25,CM,25CM141
Krishna Chowdary,2007-04-27,FEMALE,krishnachowdary861@gmail.com,9137998181,BATCH_25,CD,25CD135
Nikhil Nair,2004-02-06,FEMALE,nikhil_nair@gmail.com,9603731025,BATCH_23,CI,23CI141
Om Mohan,2007-05-14,FEMALE,om.mohan82@gmail.com,9353462475,BATCH_25,EE,25EE147
Dhruv Malhotra,2006-02-04,FEMALE,dhruv_malhotra@outlook.com,9317448519,BATCH_24,EC,24EC139
Om Devi,2009-06-20,FEMALE,omdevi375@yahoo.com,9889743540,BATCH_27,ME,27ME135
Vikram Reddy,2005-07-11,MALE,vikramreddy@gmail.com,9953250858,BATCH_22,EE,22EE148
Nisha Sharma,2003-01-03,FEMALE,nisha.sharma@gmail.com,9332717666,BATCH_22,ME,22ME143
Reyansh Mishra,2004-09-22,FEMALE,reyansh.mishra13@gmail.com,9940266765,BATCH_22,CI,22CI157
Dhruv Iyer,2005-07-20,FEMALE,dhruviyer451@gmail.com,9502859156,BATCH_23,CC,23CC147
Manish Krishnan,2008-07-12,FEMALE,manish_krishnan@gmail.com,9204787688,BATCH_25,CI,25CI148
Kabir Nair,2006-05-08,MALE,kabirnair252@gmail.com,9004520823,BATCH_23,EE,23EE141
Arjun Verma,2009-06-14,FEMALE,arjun.verma57@gmail.com,9665163917,BATCH_27,CI,27CI147
Nisha Mohan,2005-07-28,FEMALE,nisha_mohan@hotmail.com,9672521452,BATCH_23,CM,23CM159
Sai Babu,2006-01-11,MALE,sai.babu88@gmail.com,9053293183,BATCH_25,EE,25EE148
Sanjay Pillai,2005-06-07,MALE,sanjay.pillai41@gmail.com,9768182683,BATCH_23,CM,23CM160
Ananya Devi,2007-11-11,OTHER,ananyadevi82@gmail.com,9769046350,BATCH_24,CS,24CS154
Vikram Rao,2009-08-19,FEMALE,vikram.rao69@gmail.com,9094206599,BATCH_27,CD,27CD151
Vivaan Joshi,2005-03-30,MALE,vjoshi@hotmail.com,9819759923,BATCH_24,CM,24CM153
Krishna Kumar,2007-11-28,MALE,krishna.kumar28@gmail.com,9420549329,BATCH_25,EE,25EE149
Tarun Goud,2006-05-03,MALE,tarungoud@outlook.com,9608493783,BATCH_25,CI,25CI149
Om Kapoor,2007-12-02,FEMALE,om.kapoor92@outlook.com,9301075350,BATCH_25,EC,25EC159
Sanjay Singh,2006-11-13,FEMALE,sanjay.singh86@gmail.com,9394272828,BATCH_24,CI,24CI153
Ananya Mohan,2007-10-05,MALE,ananya.mohan1@gmail.com,9318886166,BATCH_25,CM,25CM142
Divya Desai,2008-01-27,MALE,divya.desai24@gmail.com,9749884959,BATCH_26,CM,26CM138
Reyansh Devi,2005-01-27,MALE,reyanshdevi91@outlook.com,9918944206,BATCH_23,CI,23CI142
Sanjay Kumar,2007-03-24,MALE,sanjaykumar826@gmail.com,9984754870,BATCH_25,CM,25CM143
Rohan Nair,2008-08-04,FEMALE,rohan_nair@gmail.com,9129213511,BATCH_25,EC,25EC160
Jyoti Goud,2003-10-18,FEMALE,jgoud@gmail.com,9965118158,BATCH_22,EC,22EC139
Kavya Kapoor,2007-04-11,FEMALE,kavyakapoor@yahoo.com,9365974709,BATCH_26,EC,26EC141
Vihaan Chowdary,2005-01-31,FEMALE,vihaanchowdary216@yahoo.com,9179821095,BATCH_23,EE,23EE142
Krishna Babu,2007-01-08,FEMALE,krishna_babu@hotmail.com,9539502402,BATCH_25,EE,25EE150
Varun Patel,2004-09-20,MALE,varun_patel@gmail.com,9679496383,BATCH_22,CC,22CC142
Chitra Pillai,2006-06-07,MALE,chitra.pillai21@gmail.com,9630600025,BATCH_24,EE,24EE156
Isha Patel,2005-03-14,FEMALE,ishapatel386@outlook.com,9005331640,BATCH_22,CI,22CI158
Varun Mishra,2005-12-25,MALE,varun_mishra@outlook.com,9363718923,BATCH_23,CD,23CD151
Esha Patel,2003-12-25,MALE,eshapatel941@gmail.com,9244983922,BATCH_22,CM,22CM153
Vikram Malhotra,2004-08-29,MALE,vmalhotra@outlook.com,9744995853,BATCH_22,CS,22CS151
Rakesh Kapoor,2007-05-12,FEMALE,rakesh.kapoor@gmail.com,9214066504,BATCH_25,CS,25CS151
Jyoti Chowdary,2008-02-21,FEMALE,jyoti.chowdary@gmail.com,9591175331,BATCH_26,CS,26CS146
Naveen Singh,2008-02-18,MALE,naveen.singh33@gmail.com,9597433343,BATCH_26,CD,26CD147
Rohan Mohan,2004-06-13,MALE,rohanmohan780@gmail.com,9870952636,BATCH_23,CS,23CS141
Sai Krishnan,2008-09-02,MALE,sai_krishnan@gmail.com,9405013320,BATCH_27,CC,27CC142
Kavya Raju,2007-08-14,FEMALE,kavyaraju620@gmail.com,9272581225,BATCH_26,ME,26ME140
Riya Rao,2009-02-12,MALE,riya.rao78@gmail.com,9615018605,BATCH_27,CD,27CD152
Jyoti Singh,2006-03-05,MALE,jyoti_singh@gmail.com,9753703045,BATCH_23,CD,23CD152
Sai Desai,2008-07-13,MALE,sai.desai89@outlook.com,9475255341,BATCH_25,EE,25EE151
Reyansh Sharma,2008-03-07,OTHER,reyansh.sharma57@gmail.com,9333296193,BATCH_26,EE,26EE157
Uday Chowdary,2007-07-28,FEMALE,udaychowdary638@gmail.com,9153176602,BATCH_24,CD,24CD159
Priya Gupta,2009-01-01,FEMALE,priya.gupta@hotmail.com,9725240824,BATCH_27,CS,27CS165
Reyansh Malhotra,2009-09-27,FEMALE,reyansh_malhotra@yahoo.com,9927812598,BATCH_27,EC,27EC149
Om Mishra,2004-06-08,FEMALE,ommishra@hotmail.com,9426184553,BATCH_23,CC,23CC148
Priya Mohan,2004-03-20,FEMALE,priyamohan@gmail.com,9139238165,BATCH_22,CD,22CD149
Chitra Rao,2006-04-12,MALE,chitra.rao64@outlook.com,9130220373,BATCH_24,CC,24CC150
Pranav Chandra,2008-07-24,MALE,pranav.chandra27@gmail.com,9937515093,BATCH_25,CS,25CS152
Esha Verma,2006-01-29,FEMALE,esha.verma@outlook.com,9619499913,BATCH_25,CD,25CD136
Om Pandey,2009-09-02,FEMALE,om_pandey@hotmail.com,9843407307,BATCH_27,CC,27CC143
Isha Chowdary,2008-09-30,MALE,isha.chowdary4@yahoo.com,9968126669,BATCH_26,EC,26EC142
Isha Joshi,2009-10-14,MALE,isha.joshi@gmail.com,9826490941,BATCH_26,CI,26CI155
Yash Singh,2006-09-15,MALE,yashsingh344@gmail.com,9272942898,BATCH_24,CC,24CC151
Aarav Iyer,2006-02-11,FEMALE,aarav_iyer@gmail.com,9343240642,BATCH_24,EE,24EE157
Meera Gupta,2006-07-19,FEMALE,meera.gupta37@gmail.com,9508257269,BATCH_23,ME,23ME156
Ishaan Singh,2005-01-10,FEMALE,ishaan.singh@yahoo.com,9003752994,BATCH_23,ME,23ME157
Zoya Yadav,2008-11-10,MALE,zoya.yadav@gmail.com,9670155226,BATCH_26,EC,26EC143
Gauri Babu,2009-08-23,FEMALE,gauri_babu@gmail.com,9007881253,BATCH_27,CC,27CC144
Vivaan Kumar,2005-02-12,MALE,vivaan.kumar55@gmail.com,9015516341,BATCH_24,CM,24CM154
Tarun Babu,2006-06-28,MALE,tarun.babu73@gmail.com,9758593918,BATCH_23,CC,23CC149
Sai Pillai,2006-03-12,MALE,saipillai@outlook.com,9478874958,BATCH_23,ME,23ME158
Pranav Mishra,2008-08-30,FEMALE,pranavmishra825@yahoo.com,9742443564,BATCH_26,CD,26CD148
Harini Patel,2008-04-20,MALE,harini.patel46@gmail.com,9087612385,BATCH_25,CI,25CI150
Nisha Naidu,2006-08-10,OTHER,nisha.naidu34@outlook.com,9594003818,BATCH_23,CC,23CC150
Esha Patel,2006-03-26,OTHER,esha.patel37@yahoo.com,9504647174,BATCH_24,CI,24CI154
Diya Patel,2007-06-27,FEMALE,diyapatel498@gmail.com,9038561627,BATCH_25,EC,25EC161
Harini Patel,2008-03-07,FEMALE,harinipatel948@gmail.com,9637692461,BATCH_27,ME,27ME136
Ishaan Rao,2005-11-11,MALE,ishaan.rao74@gmail.com,9087672544,BATCH_23,CI,23CI143
Krishna Verma,2006-12-23,MALE,krishna_verma@yahoo.com,9065151382,BATCH_23,EE,23EE143
Aditya Naidu,2007-12-12,MALE,aditya.naidu@outlook.com,9893063578,BATCH_26,CC,26CC148
Jyoti Chowdary,2007-12-28,FEMALE,jyoti.chowdary91@gmail.com,9426915489,BATCH_26,CS,26CS147
Ananya Malhotra,2004-11-22,FEMALE,ananyamalhotra636@gmail.com,9744620609,BATCH_22,ME,22ME144
Naveen Menon,2006-03-25,FEMALE,naveenmenon@yahoo.com,9524671930,BATCH_24,EC,24EC140
Varun Krishnan,2004-08-15,FEMALE,varunkrishnan@outlook.com,9707060074,BATCH_23,CC,23CC151
Manish Rao,2005-12-06,FEMALE,manishrao228@gmail.com,9728655902,BATCH_23,CI,23CI144
Aryan Menon,2005-12-28,MALE,aryan.menon@gmail.com,9835275617,BATCH_23,CI,23CI145
Karthik Pandey,2007-08-05,MALE,kpandey@gmail.com,9163294511,BATCH_24,ME,24ME147
Diya Devi,2004-06-07,MALE,diya.devi@outlook.com,9203401535,BATCH_23,EC,23EC150
Bhavya Yadav,2006-04-14,MALE,bhavyayadav338@gmail.com,9867293835,BATCH_23,CI,23CI146
Kavya Chowdary,2007-07-21,MALE,kavya_chowdary@gmail.com,9680580005,BATCH_26,CS,26CS148
Ananya Joshi,2010-03-21,FEMALE,ananya.joshi90@gmail.com,9193387300,BATCH_27,ME,27ME137
Nisha Gupta,2006-09-21,MALE,nishagupta942@gmail.com,9687169073,BATCH_24,CC,24CC152
Divya Desai,2007-10-15,FEMALE,divya_desai@hotmail.com,9731785297,BATCH_24,CS,24CS155
Sai Nair,2004-08-01,MALE,snair@outlook.com,9227284765,BATCH_23,CD,23CD153
Rohan Kapoor,2009-08-21,FEMALE,rohan.kapoor51@gmail.com,9126937949,BATCH_27,CC,27CC145
Rohan Menon,2004-07-16,FEMALE,rohan.menon@yahoo.com,9710681508,BATCH_22,ME,22ME145
Reyansh Reddy,2006-02-07,MALE,reyanshreddy@outlook.com,9557701830,BATCH_23,EE,23EE144
Rohan Menon,2009-07-25,MALE,rohan.menon17@outlook.com,9729299072,BATCH_27,CM,27CM159
Tarun Mishra,2005-04-12,MALE,tarun.mishra70@gmail.com,9803106213,BATCH_23,CI,23CI147
Vihaan Joshi,2004-02-22,MALE,vihaan.joshi@gmail.com,9026989450,BATCH_22,ME,22ME146
Vikram Naidu,2008-11-16,FEMALE,vikramnaidu394@gmail.com,9489325288,BATCH_25,EE,25EE152
Lakshmi Mishra,2007-09-12,MALE,lakshmi.mishra52@gmail.com,9780973397,BATCH_25,CS,25CS153
Abhinav Krishnan,2003-09-11,FEMALE,abhinavkrishnan614@yahoo.com,9296571564,BATCH_22,EC,22EC140
Tanvi Pillai,2007-03-04,FEMALE,tanvi.pillai@hotmail.com,9844878905,BATCH_24,CC,24CC153
Vivaan Pandey,2005-06-19,MALE,vivaan.pandey42@yahoo.com,9396540278,BATCH_23,CS,23CS142
Sai Yadav,2005-01-06,MALE,saiyadav276@gmail.com,9682778816,BATCH_23,CD,23CD154
Sanya Gupta,2006-04-15,FEMALE,sgupta@yahoo.com,9595616420,BATCH_24,EE,24EE158
Karthik Desai,2007-01-18,FEMALE,karthikdesai877@gmail.com,9808287238,BATCH_25,CC,25CC160
Tanvi Goud,2008-05-22,MALE,tanvigoud@outlook.com,9825457634,BATCH_27,EC,27EC150
Tarun Raju,2010-08-24,MALE,tarunraju52@gmail.com,9359007401,BATCH_27,CS,27CS166
Manish Kumar,2008-01-19,MALE,manish.kumar19@gmail.com,9681511462,BATCH_26,EC,26EC144
Kavya Reddy,2004-04-18,FEMALE,kavya.reddy1@gmail.com,9328099970,BATCH_23,CC,23CC152
Meera Krishnan,2008-07-09,MALE,meera.krishnan41@gmail.com,9330892333,BATCH_26,CM,26CM139
Sai Mohan,2007-12-08,FEMALE,sai.mohan53@gmail.com,9327107325,BATCH_25,CM,25CM144
Dhruv Chandra,2006-03-16,OTHER,dhruv.chandra67@gmail.com,9857940154,BATCH_24,CI,24CI155
Karthik Mohan,2008-06-05,MALE,karthik_mohan@gmail.com,9513599642,BATCH_26,CS,26CS149
Siddharth Kumar,2005-07-24,FEMALE,siddharthkumar@outlook.com,9309650040,BATCH_23,ME,23ME159
Yash Verma,2005-05-08,OTHER,yash.verma56@gmail.com,9222113886,BATCH_22,CS,22CS152
Zoya Mohan,2003-08-30,FEMALE,zoya.mohan44@gmail.com,9987287314,BATCH_22,EC,22EC141
Krishna Desai,2007-03-05,FEMALE,krishna.desai@yahoo.com,9513422849,BATCH_25,CS,25CS154
Gauri Mohan,2008-01-16,OTHER,gauri.mohan@gmail.com,9492460128,BATCH_25,CM,25CM145
Vikram Yadav,2008-09-13,MALE,vikramyadav883@gmail.com,9501631599,BATCH_25,EE,25EE153
Esha Iyer,2008-12-18,FEMALE,esha_iyer@gmail.com,9179937810,BATCH_26,ME,26ME141
Sanya Babu,2008-12-17,FEMALE,sanyababu207@gmail.com,9328239132,BATCH_26,EC,26EC145
Ira Kapoor,2008-05-12,FEMALE,irakapoor437@gmail.com,9455652322,BATCH_26,CS,26CS150
Divya Chandra,2006-09-19,MALE,divya.chandra41@yahoo.com,9848520089,BATCH_23,CD,23CD155
Sai Mishra,2003-09-01,FEMALE,sai.mishra94@outlook.com,9224228483,BATCH_22,EC,22EC142
Ishaan Mishra,2005-02-21,MALE,ishaanmishra@gmail.com,9785901260,BATCH_23,CS,23CS143
Rohan Prasad,2006-06-14,FEMALE,rohanprasad306@gmail.com,9646160762,BATCH_23,EC,23EC151
Riya Kapoor,2009-06-01,FEMALE,riya_kapoor@gmail.com,9243625854,BATCH_26,ME,26ME142
Reyansh Kumar,2005-04-13,FEMALE,reyanshkumar627@yahoo.com,9397480877,BATCH_23,ME,23ME160
Aarav Devi,2007-08-18,FEMALE,aaravdevi796@gmail.com,9591056396,BATCH_25,EC,25EC162
Nikhil Menon,2005-04-04,MALE,nmenon@gmail.com,9762239847,BATCH_22,CC,22CC143
Bhavya Reddy,2004-05-21,MALE,bhavyareddy488@gmail.com,9420844440,BATCH_22,CM,22CM154
Varun Malhotra,2009-11-23,FEMALE,varun.malhotra74@gmail.com,9512948693,BATCH_26,CD,26CD149
Krishna Menon,2007-12-02,MALE,krishnamenon@gmail.com,9894179575,BATCH_24,CM,24CM155
Ishaan Joshi,2006-02-26,MALE,ishaan.joshi15@gmail.com,9657008311,BATCH_24,CM,24CM156
Vivaan Babu,2008-02-20,FEMALE,vivaanbabu14@gmail.com,9257060298,BATCH_27,EC,27EC151
Kabir Menon,2003-02-05,MALE,kabir_menon@hotmail.com,9972396124,BATCH_22,EE,22EE149
Rahul Chandra,2006-07-18,MALE,rahulchandra@gmail.com,9449347430,BATCH_24,EC,24EC141
Isha Patel,2006-06-15,MALE,ishapatel20@gmail.com,9625313552,BATCH_24,EE,24EE159
Jyoti Pillai,2006-07-22,OTHER,jyoti.pillai@outlook.com,9758094830,BATCH_24,CM,24CM157
Siddharth Iyer,2006-06-05,MALE,siddharthiyer2@gmail.com,9172255145,BATCH_24,CS,24CS156
Varun Singh,2007-12-30,MALE,varunsingh@gmail.com,9766335420,BATCH_25,EC,25EC163
Vivaan Malhotra,2007-06-29,FEMALE,vivaanmalhotra934@hotmail.com,9183434936,BATCH_24,CD,24CD160
Zoya Kapoor,2006-02-18,MALE,zoyakapoor144@gmail.com,9280695521,BATCH_24,EC,24EC142
Krishna Mohan,2009-03-09,FEMALE,krishna_mohan@gmail.com,9614578245,BATCH_27,ME,27ME138
Abhinav Rani,2008-09-17,MALE,abhinavrani99@gmail.com,9084274062,BATCH_27,CM,27CM160
Priya Rani,2005-10-29,MALE,priya.rani86@yahoo.com,9670258912,BATCH_23,EE,23EE145
Sanya Desai,2005-02-17,MALE,sanya_desai@gmail.com,9485436274,BATCH_24,CS,24CS157
Pranav Yadav,2007-01-28,MALE,pranav.yadav@gmail.com,9188304154,BATCH_25,EC,25EC164
Kavya Reddy,2009-11-09,FEMALE,kavyareddy756@gmail.com,9731752523,BATCH_27,CM,27CM161
Dhruv Goud,2005-01-17,FEMALE,dhruvgoud4@yahoo.com,9569043644,BATCH_23,EE,23EE146
Riya Rao,2004-07-19,MALE,riyarao133@gmail.com,9398771565,BATCH_23,CI,23CI148
Ananya Pillai,2007-10-31,FEMALE,ananya.pillai83@gmail.com,9972365878,BATCH_24,CM,24CM158
Naveen Naidu,2009-06-22,MALE,naveennaidu109@gmail.com,9574194508,BATCH_27,EC,27EC152
Siddharth Sharma,2004-12-30,MALE,siddharthsharma@gmail.com,9854600811,BATCH_22,EE,22EE150
Ishaan Pillai,2005-10-30,MALE,ishaan_pillai@gmail.com,9365289988,BATCH_23,CI,23CI149
Kabir Patel,2009-08-31,FEMALE,kabirpatel734@yahoo.com,9504616228,BATCH_27,CM,27CM162
Vikram Desai,2007-05-01,FEMALE,vikram.desai22@yahoo.com,9924887807,BATCH_25,EC,25EC165
Aryan Iyer,2005-02-11,FEMALE,aryaniyer951@outlook.com,9907297010,BATCH_23,ME,23ME161
Rakesh Goud,2007-10-20,MALE,rakesh.goud57@gmail.com,9079772781,BATCH_24,EE,24EE160
Zoya Rao,2004-08-03,FEMALE,zrao@gmail.com,9147684283,BATCH_22,ME,22ME147
Tanvi Gupta,2009-04-15,MALE,tanvi_gupta@hotmail.com,9603680858,BATCH_27,CM,27CM163
Harini Kapoor,2007-12-21,FEMALE,harini.kapoor68@gmail.com,9628191502,BATCH_25,EC,25EC166
Aarav Pillai,2006-01-14,MALE,aaravpillai@gmail.com,9175056655,BATCH_24,CD,24CD161
Tanvi Mohan,2010-07-25,FEMALE,tanvi_mohan@outlook.com,9665524885,BATCH_27,EE,27EE139
Aryan Chandra,2005-05-21,MALE,aryanchandra638@gmail.com,9430471427,BATCH_23,EE,23EE147
Ananya Singh,2006-04-02,MALE,ananya.singh3@gmail.com,9436041103,BATCH_23,CS,23CS144
Manish Raju,2009-12-06,MALE,manish.raju31@outlook.com,9612476859,BATCH_27,EC,27EC153
Aryan Rani,2007-03-23,FEMALE,aryan.rani29@yahoo.com,9152723114,BATCH_25,CM,25CM146
Divya Pandey,2010-11-19,FEMALE,divyapandey515@gmail.com,9986020828,BATCH_27,ME,27ME139
Chitra Goud,2004-06-07,MALE,chitragoud@gmail.com,9175046584,BATCH_22,ME,22ME148
Diya Krishnan,2007-01-23,FEMALE,diyakrishnan848@gmail.com,9108220781,BATCH_25,CS,25CS155
Tarun Pillai,2005-09-24,MALE,tarun.pillai91@gmail.com,9415170006,BATCH_23,ME,23ME162
Meera Joshi,2009-09-04,FEMALE,meerajoshi894@gmail.com,9682874259,BATCH_27,EE,27EE140
Riya Babu,2009-02-15,MALE,riyababu57@gmail.com,9363530046,BATCH_26,CD,26CD150
Priya Yadav,2009-07-07,MALE,priyayadav458@gmail.com,9705189157,BATCH_27,CS,27CS167
Varun Chandra,2007-12-10,FEMALE,varun.chandra34@gmail.com,9233228466,BATCH_25,CM,25CM147
Diya Verma,2006-01-01,MALE,diyaverma322@gmail.com,9706776931,BATCH_25,ME,25ME157
Priya Patel,2008-11-10,MALE,priyapatel554@gmail.com,9785652554,BATCH_27,CM,27CM164
Manish Reddy,2004-03-28,FEMALE,manishreddy@gmail.com,9472712246,BATCH_22,EE,22EE151
Harini Krishnan,2009-12-08,FEMALE,harinikrishnan362@gmail.com,9968330933,BATCH_27,CS,27CS168
Nisha Rao,2006-09-12,FEMALE,nisha.rao@gmail.com,9591776640,BATCH_25,CC,25CC161
Sai Babu,2007-01-31,FEMALE,saibabu379@gmail.com,9528127358,BATCH_24,ME,24ME148
Rohan Nair,2008-10-06,FEMALE,rnair@hotmail.com,9444405137,BATCH_26,CI,26CI156
Rahul Singh,2006-08-15,FEMALE,rahulsingh847@gmail.com,9060771497,BATCH_24,CC,24CC154
Varun Kapoor,2009-05-26,MALE,varunkapoor564@gmail.com,9068375945,BATCH_27,EC,27EC154
Divya Patel,2006-07-15,FEMALE,divya.patel@gmail.com,9115889017,BATCH_25,CM,25CM148
Nikhil Reddy,2008-12-31,MALE,nikhil.reddy3@outlook.com,9522047277,BATCH_25,EE,25EE154
Esha Patel,2008-12-22,FEMALE,eshapatel244@gmail.com,9663070996,BATCH_27,EC,27EC155
Jyoti Chandra,2008-04-07,FEMALE,jchandra@gmail.com,9167926640,BATCH_26,EC,26EC146
Vivaan Kumar,2008-02-23,MALE,vivaan_kumar@yahoo.com,9622965221,BATCH_26,CI,26CI157
Om Menon,2004-03-09,FEMALE,ommenon900@yahoo.com,9255785641,BATCH_22,EC,22EC143
Harini Joshi,2005-08-18,MALE,harinijoshi663@gmail.com,9349899255,BATCH_23,EC,23EC152
Kavya Verma,2009-01-29,MALE,kavyaverma868@gmail.com,9135247117,BATCH_27,CM,27CM165
Sai Yadav,2004-03-05,FEMALE,sai.yadav4@yahoo.com,9435048148,BATCH_22,CD,22CD150
Zoya Devi,2005-10-01,MALE,zoyadevi398@gmail.com,9253900543,BATCH_22,CD,22CD151
Arjun Prasad,2008-10-30,FEMALE,arjun.prasad16@gmail.com,9862206867,BATCH_27,CD,27CD153
Bhavya Devi,2010-03-15,MALE,bhavyadevi493@gmail.com,9710538834,BATCH_27,EE,27EE141
Pranav Devi,2004-06-16,FEMALE,pranavdevi567@gmail.com,9805829989,BATCH_22,CS,22CS153
Pranav Desai,2005-07-05,FEMALE,pdesai@outlook.com,9189168679,BATCH_23,ME,23ME163
Varun Goud,2007-08-10,OTHER,varun_goud@gmail.com,9033273997,BATCH_25,CD,25CD137
Diya Sharma,2005-12-04,MALE,dsharma@gmail.com,9158029090,BATCH_23,CM,23CM161
Divya Gupta,2009-07-07,FEMALE,divya_gupta@gmail.com,9077218890,BATCH_27,EC,27EC156
Meera Goud,2006-09-07,FEMALE,meeragoud424@gmail.com,9390875358,BATCH_24,EC,24EC143
Zoya Joshi,2004-05-14,FEMALE,zoyajoshi@yahoo.com,9664875032,BATCH_22,CM,22CM155
Vikram Kapoor,2008-08-19,MALE,vikram.kapoor@gmail.com,9783407932,BATCH_26,EC,26EC147
Zoya Raju,2009-10-07,MALE,zraju@yahoo.com,9336780922,BATCH_26,EE,26EE158
Krishna Joshi,2009-12-09,FEMALE,krishnajoshi@gmail.com,9402500642,BATCH_27,CM,27CM166
Divya Gupta,2006-11-20,FEMALE,divya.gupta@gmail.com,9765150218,BATCH_24,CS,24CS158
Aditya Raju,2009-05-01,MALE,aditya.raju99@gmail.com,9116694602,BATCH_26,CM,26CM140
Riya Gupta,2008-08-15,FEMALE,riyagupta@gmail.com,9240050455,BATCH_25,EE,25EE155
Esha Mohan,2003-04-08,MALE,eshamohan490@gmail.com,9152349937,BATCH_22,CD,22CD152
Aryan Raju,2007-05-21,MALE,aryanraju228@gmail.com,9235479130,BATCH_26,EC,26EC148
Pranav Naidu,2004-02-27,MALE,pranav.naidu@gmail.com,9281718993,BATCH_23,CC,23CC153
Rohan Chowdary,2004-09-27,MALE,rohan.chowdary66@gmail.com,9976168296,BATCH_22,CD,22CD153
Om Kapoor,2009-05-16,MALE,om.kapoor@hotmail.com,9644918762,BATCH_27,CS,27CS169
Nikhil Pillai,2007-07-16,MALE,nikhil_pillai@yahoo.com,9382677597,BATCH_25,CM,25CM149
Nikhil Gupta,2006-08-03,OTHER,nikhilgupta411@outlook.com,9753612751,BATCH_24,EE,24EE161
Uday Raju,2007-01-23,FEMALE,uraju@hotmail.com,9748207365,BATCH_25,CI,25CI151
Diya Chowdary,2007-08-22,MALE,diya.chowdary@yahoo.com,9352675652,BATCH_24,CC,24CC155
Isha Menon,2006-07-13,FEMALE,isha.menon75@yahoo.com,9277331258,BATCH_24,CD,24CD162
Om Joshi,2006-02-17,MALE,om.joshi58@outlook.com,9669183626,BATCH_23,CD,23CD156
Tanvi Singh,2007-01-06,MALE,tsingh@gmail.com,9408673258,BATCH_24,EC,24EC144
Om Rani,2006-08-19,OTHER,om_rani@hotmail.com,9431926219,BATCH_23,EE,23EE148
Om Verma,2009-04-28,FEMALE,om.verma38@gmail.com,9685070518,BATCH_27,CM,27CM167
Rakesh Joshi,2009-08-18,MALE,rakesh_joshi@hotmail.com,9650960307,BATCH_27,CD,27CD154
Harini Raju,2006-02-24,MALE,harini.raju98@gmail.com,9130724078,BATCH_24,EE,24EE162
Ananya Nair,2008-06-30,FEMALE,ananya_nair@yahoo.com,9423653755,BATCH_26,CI,26CI158
Jyoti Mishra,2008-04-09,FEMALE,jyotimishra@yahoo.com,9031584256,BATCH_27,CS,27CS170
Siddharth Naidu,2006-05-07,FEMALE,siddharth.naidu79@outlook.com,9152291073,BATCH_25,CI,25CI152
Naveen Patel,2005-04-04,FEMALE,naveenpatel@gmail.com,9634242359,BATCH_24,CS,24CS159
Rohan Nair,2009-09-28,FEMALE,rohan.nair46@outlook.com,9700098545,BATCH_27,EC,27EC157
Sai Babu,2004-04-12,MALE,saibabu@gmail.com,9962197640,BATCH_22,CD,22CD154
Nisha Patel,2008-12-25,MALE,nishapatel@gmail.com,9518478879,BATCH_26,CS,26CS151
Ishaan Joshi,2006-10-12,MALE,ishaanjoshi107@gmail.com,9728023865,BATCH_24,CD,24CD163
Siddharth Prasad,2005-03-09,MALE,siddharthprasad@gmail.com,9633700951,BATCH_24,CS,24CS160
Aryan Kapoor,2004-01-22,FEMALE,aryan.kapoor@yahoo.com,9810799345,BATCH_22,CS,22CS154
Vivaan Verma,2004-12-14,MALE,vivaan_verma@gmail.com,9017316715,BATCH_22,CC,22CC144
Rohan Pillai,2008-08-29,MALE,rohanpillai@gmail.com,9528359994,BATCH_26,CC,26CC149
Yash Chandra,2006-10-18,FEMALE,ychandra@gmail.com,9285574982,BATCH_24,ME,24ME149
Yash Joshi,2009-09-04,MALE,yash_joshi@gmail.com,9542884637,BATCH_27,CM,27CM168
Om Menon,2005-03-17,OTHER,om.menon75@gmail.com,9540035188,BATCH_23,EE,23EE149
Sai Kapoor,2008-10-27,FEMALE,sai.kapoor60@gmail.com,9235920273,BATCH_26,CI,26CI159
Esha Verma,2005-03-01,MALE,esha.verma91@outlook.com,9801295584,BATCH_24,CS,24CS161
Aarav Pillai,2004-11-19,MALE,aaravpillai354@gmail.com,9307720780,BATCH_22,CD,22CD155
Esha Pillai,2006-06-06,FEMALE,esha.pillai@gmail.com,9775152566,BATCH_23,CS,23CS145
Rahul Desai,2004-05-25,MALE,rahuldesai275@outlook.com,9181469507,BATCH_22,EE,22EE152
Vikram Pillai,2009-05-23,OTHER,vikram.pillai@gmail.com,9019293605,BATCH_27,CC,27CC146
Jyoti Pillai,2005-08-07,MALE,jyoti.pillai@gmail.com,9771641814,BATCH_24,CC,24CC156
Kabir Reddy,2007-12-31,OTHER,kabirreddy415@gmail.com,9840083850,BATCH_25,CI,25CI153
Dhruv Krishnan,2003-02-10,MALE,dhruv.krishnan@gmail.com,9074916194,BATCH_22,CC,22CC145
Naveen Reddy,2007-11-28,MALE,naveen_reddy@gmail.com,9561622564,BATCH_26,CC,26CC150
Siddharth Desai,2010-06-12,MALE,siddharthdesai716@gmail.com,9435137183,BATCH_27,CD,27CD155
Vivaan Gupta,2007-08-24,MALE,vgupta@gmail.com,9220943422,BATCH_24,CI,24CI156
Kavya Yadav,2008-07-14,FEMALE,kavya.yadav@gmail.com,9146921193,BATCH_27,EC,27EC158
Harini Sharma,2005-05-14,FEMALE,hsharma@yahoo.com,9025998519,BATCH_23,EC,23EC153
Ishaan Patel,2008-07-13,MALE,ishaan_patel@outlook.com,9441802459,BATCH_26,CM,26CM141
Riya Yadav,2004-10-30,FEMALE,riyayadav@gmail.com,9392763985,BATCH_23,CC,23CC154
Bhavya Prasad,2005-12-18,MALE,bhavyaprasad@yahoo.com,9546540842,BATCH_24,EE,24EE163
Vivaan Reddy,2008-11-09,MALE,vivaanreddy357@gmail.com,9064739580,BATCH_26,EE,26EE159
Esha Goud,2008-11-27,MALE,egoud@yahoo.com,9827345998,BATCH_26,CI,26CI160
Arjun Mishra,2008-02-04,FEMALE,arjunmishra@yahoo.com,9693491067,BATCH_27,CI,27CI148
Sanya Kapoor,2006-10-02,FEMALE,sanyakapoor471@gmail.com,9616018619,BATCH_24,CI,24CI157
Reyansh Iyer,2005-04-21,FEMALE,reyansh.iyer54@yahoo.com,9925679746,BATCH_24,CD,24CD164
Varun Rao,2006-04-26,FEMALE,varun_rao@hotmail.com,9343244741,BATCH_24,EE,24EE164
Rahul Verma,2006-09-04,FEMALE,rahulverma@yahoo.com,9186266786,BATCH_24,CD,24CD165
Tanvi Singh,2004-04-20,FEMALE,tanvisingh@yahoo.com,9831934891,BATCH_22,EC,22EC144
Siddharth Naidu,2007-04-13,MALE,siddharthnaidu226@gmail.com,9962712863,BATCH_25,CS,25CS156
Pranav Joshi,2004-08-08,MALE,pranavjoshi@gmail.com,9926699295,BATCH_22,ME,22ME149
Aryan Nair,2009-11-19,MALE,aryannair@yahoo.com,9548771320,BATCH_27,CI,27CI149
Vikram Menon,2005-06-22,FEMALE,vikrammenon367@outlook.com,9965555356,BATCH_23,CD,23CD157
Pranav Mohan,2005-12-21,MALE,pranav.mohan13@yahoo.com,9244516194,BATCH_22,CS,22CS155
Bhavya Gupta,2007-06-29,MALE,bgupta@gmail.com,9964726847,BATCH_25,EC,25EC167
Karthik Malhotra,2004-01-06,MALE,karthik_malhotra@gmail.com,9088950915,BATCH_23,EE,23EE150
Yash Chowdary,2009-03-09,FEMALE,yashchowdary@gmail.com,9483483114,BATCH_27,EE,27EE142
Kabir Mishra,2004-01-27,MALE,kabir.mishra45@gmail.com,9039915683,BATCH_22,CI,22CI159
Pranav Chowdary,2009-03-19,FEMALE,pranav.chowdary51@gmail.com,9250747621,BATCH_27,CD,27CD156
Isha Kapoor,2004-08-30,MALE,isha.kapoor18@outlook.com,9309532670,BATCH_22,EC,22EC145
Vikram Pandey,2005-11-09,FEMALE,vikram.pandey15@yahoo.com,9512154878,BATCH_22,CD,22CD156
Chitra Babu,2005-05-02,FEMALE,chitra.babu97@gmail.com,9832132131,BATCH_23,CI,23CI150
Varun Kapoor,2008-09-10,MALE,varun.kapoor73@gmail.com,9043107722,BATCH_25,ME,25ME158
Naveen Menon,2008-07-11,MALE,naveen_menon@outlook.com,9091575415,BATCH_26,CI,26CI161
Aditi Babu,2009-06-17,FEMALE,aditibabu@gmail.com,9827340095,BATCH_27,CS,27CS171
Pranav Gupta,2007-01-01,MALE,pranav_gupta@gmail.com,9613638527,BATCH_25,CI,25CI154
Krishna Rani,2004-07-22,FEMALE,krishna.rani@yahoo.com,9455188143,BATCH_23,CI,23CI151
Rohan Desai,2006-11-06,FEMALE,rohan.desai@gmail.com,9107711991,BATCH_25,CS,25CS157
Sai Prasad,2007-06-14,MALE,sai_prasad@hotmail.com,9880746120,BATCH_25,CM,25CM150
Chitra Kumar,2004-04-14,MALE,chitrakumar@gmail.com,9016556238,BATCH_22,EC,22EC146
Harini Rani,2004-07-04,MALE,harini_rani@outlook.com,9456572897,BATCH_22,EC,22EC147
Krishna Malhotra,2009-02-24,FEMALE,krishnamalhotra897@outlook.com,9960049021,BATCH_27,CC,27CC147
Tanvi Malhotra,2007-03-23,MALE,tanvimalhotra185@gmail.com,9266678809,BATCH_26,CC,26CC151
Om Pandey,2010-07-11,FEMALE,om.pandey@outlook.com,9963781319,BATCH_27,CM,27CM169
Naveen Rao,2005-06-23,MALE,naveen.rao@gmail.com,9724461767,BATCH_24,EE,24EE165
Nisha Kumar,2005-07-11,FEMALE,nisha.kumar47@gmail.com,9824083415,BATCH_23,CS,23CS146
Sanjay Kumar,2007-10-04,FEMALE,sanjay_kumar@yahoo.com,9226731234,BATCH_26,CC,26CC152
Esha Kumar,2005-04-07,MALE,esha_kumar@gmail.com,9105052438,BATCH_23,EC,23EC154
Aditya Pillai,2005-11-30,FEMALE,adityapillai714@gmail.com,9845046217,BATCH_23,CC,23CC155
Vikram Rao,2010-03-28,MALE,vikramrao478@gmail.com,9683905101,BATCH_27,CI,27CI150
Divya Chowdary,2005-05-08,FEMALE,divyachowdary@outlook.com,9922071511,BATCH_23,CM,23CM162
Rohan Kumar,2006-02-11,FEMALE,rohan.kumar@outlook.com,9752500743,BATCH_24,ME,24ME150
Meera Sharma,2003-02-22,FEMALE,meera.sharma37@gmail.com,9961618576,BATCH_22,CM,22CM156
Siddharth Desai,2009-04-13,FEMALE,siddharthdesai436@gmail.com,9456884865,BATCH_26,CM,26CM142
Zoya Krishnan,2007-02-05,FEMALE,zoya_krishnan@gmail.com,9608988850,BATCH_25,CD,25CD138
Zoya Raju,2006-10-24,FEMALE,zraju@gmail.com,9799552717,BATCH_25,EE,25EE156
Rakesh Devi,2009-01-29,FEMALE,rakeshdevi@gmail.com,9702507666,BATCH_27,CI,27CI151
Divya Patel,2005-10-23,OTHER,divyapatel@gmail.com,9590357906,BATCH_22,EE,22EE153
Ananya Devi,2006-11-28,MALE,ananyadevi@gmail.com,9287276015,BATCH_24,EE,24EE166
Rakesh Rani,2007-10-09,MALE,rakeshrani498@gmail.com,9071545168,BATCH_25,EE,25EE157
Aditya Menon,2005-10-29,MALE,aditya.menon@gmail.com,9114821991,BATCH_24,CS,24CS162
Siddharth Mishra,2003-05-27,MALE,siddharthmishra647@gmail.com,9064512581,BATCH_22,ME,22ME150
Aarav Kapoor,2005-01-18,MALE,aarav_kapoor@gmail.com,9233628641,BATCH_22,CS,22CS156
Chitra Krishnan,2006-04-10,FEMALE,ckrishnan@yahoo.com,9630152773,BATCH_24,CC,24CC157
Krishna Desai,2005-06-02,FEMALE,krishna.desai1@gmail.com,9602235697,BATCH_24,ME,24ME151
Riya Chandra,2006-03-08,MALE,riyachandra@outlook.com,9478110162,BATCH_24,EC,24EC145
Bhavya Sharma,2009-05-31,FEMALE,bhavyasharma@outlook.com,9976740028,BATCH_26,CI,26CI162
Tanvi Mishra,2009-01-14,FEMALE,tanvi.mishra26@yahoo.com,9190073885,BATCH_26,CM,26CM143
Nisha Desai,2005-01-24,MALE,nisha.desai@gmail.com,9852085296,BATCH_23,CC,23CC156
Esha Pandey,2006-06-20,FEMALE,esha_pandey@gmail.com,9783690303,BATCH_23,CC,23CC157
Isha Joshi,2004-03-15,FEMALE,isha_joshi@hotmail.com,9457598339,BATCH_23,CM,23CM163
Ananya Goud,2009-08-06,MALE,ananya_goud@outlook.com,9132040632,BATCH_27,EC,27EC159
Om Rani,2007-03-10,FEMALE,om_rani@outlook.com,9826124998,BATCH_24,EC,24EC146
Harini Kapoor,2004-05-15,MALE,harinikapoor@yahoo.com,9010042202,BATCH_22,ME,22ME151
Manish Yadav,2008-09-09,FEMALE,manish.yadav@gmail.com,9621236018,BATCH_26,CC,26CC153
Uday Pandey,2004-10-30,FEMALE,upandey@gmail.com,9749497916,BATCH_22,CD,22CD157
Lakshmi Patel,2005-06-12,MALE,lakshmi.patel19@gmail.com,9598927058,BATCH_22,ME,22ME152
Karthik Pillai,2008-07-27,FEMALE,karthikpillai211@gmail.com,9220334742,BATCH_26,ME,26ME143
Sanya Gupta,2006-09-25,FEMALE,sanyagupta@gmail.com,9997901176,BATCH_25,CC,25CC162
Gauri Singh,2006-03-23,FEMALE,gaurisingh328@gmail.com,9731187656,BATCH_24,EC,24EC147
Varun Chowdary,2005-12-04,MALE,varun_chowdary@gmail.com,9231336109,BATCH_23,EC,23EC155
Kabir Gupta,2009-07-18,FEMALE,kabirgupta29@gmail.com,9247994433,BATCH_27,CM,27CM170
Dhruv Pillai,2008-09-30,FEMALE,dhruvpillai@yahoo.com,9999626970,BATCH_26,ME,26ME144
Arjun Iyer,2005-05-09,FEMALE,arjuniyer@gmail.com,9778540794,BATCH_24,CS,24CS163
Vivaan Iyer,2009-09-25,FEMALE,vivaaniyer@gmail.com,9642778626,BATCH_27,CC,27CC148
Pranav Reddy,2008-10-02,MALE,pranavreddy@gmail.com,9182041292,BATCH_26,CI,26CI163
Lakshmi Pillai,2009-11-18,MALE,lakshmi.pillai94@gmail.com,9847163441,BATCH_27,EE,27EE143
Om Reddy,2004-09-15,MALE,omreddy130@gmail.com,9952778340,BATCH_22,CD,22CD158
Kavya Krishnan,2007-12-17,FEMALE,kavya_krishnan@gmail.com,9519537749,BATCH_26,ME,26ME145
Diya Krishnan,2009-06-15,FEMALE,diya.krishnan@gmail.com,9784590731,BATCH_27,CM,27CM171
Abhinav Kapoor,2005-04-06,FEMALE,abhinav.kapoor75@gmail.com,9270192467,BATCH_24,CC,24CC158
Aditya Iyer,2004-01-01,FEMALE,adityaiyer179@gmail.com,9273042763,BATCH_23,EC,23EC156
Manish Devi,2004-07-08,FEMALE,manish.devi32@hotmail.com,9676115640,BATCH_22,CD,22CD159
Vikram Joshi,2007-01-13,FEMALE,vikram_joshi@gmail.com,9242012776,BATCH_24,CI,24CI158
Sanya Joshi,2008-01-25,MALE,sanya_joshi@gmail.com,9305687807,BATCH_26,CM,26CM144
Yash Babu,2005-09-18,FEMALE,yash_babu@gmail.com,9230860642,BATCH_23,CI,23CI152
Aryan Babu,2004-07-10,MALE,aryan.babu12@gmail.com,9847129618,BATCH_23,CM,23CM164
Varun Babu,2008-11-20,MALE,varun_babu@hotmail.com,9574087474,BATCH_26,CS,26CS152
Reyansh Prasad,2005-09-09,FEMALE,reyansh.prasad9@gmail.com,9525156561,BATCH_23,ME,23ME164
Bhavya Rao,2008-03-22,FEMALE,bhavyarao@yahoo.com,9283491430,BATCH_27,CM,27CM172
Jyoti Krishnan,2008-03-10,MALE,jyotikrishnan894@gmail.com,9406596575,BATCH_25,EE,25EE158
Vikram Rani,2005-03-17,FEMALE,vikram_rani@gmail.com,9580100791,BATCH_22,ME,22ME153
Vikram Iyer,2007-07-29,FEMALE,vikram_iyer@gmail.com,9365972767,BATCH_25,CD,25CD139
Chitra Chowdary,2007-04-08,FEMALE,chitrachowdary870@gmail.com,9043422997,BATCH_26,CS,26CS153
Rohan Desai,2008-05-02,MALE,rohan.desai21@gmail.com,9142175188,BATCH_25,CI,25CI155
Vivaan Pandey,2006-06-02,FEMALE,vivaan.pandey35@yahoo.com,9274998613,BATCH_23,CI,23CI153
Chitra Menon,2008-04-12,MALE,chitramenon@gmail.com,9790294037,BATCH_26,CM,26CM145
Nikhil Kumar,2007-10-25,FEMALE,nikhil.kumar72@gmail.com,9625959012,BATCH_25,CM,25CM151
Abhinav Mohan,2007-08-25,FEMALE,abhinavmohan902@gmail.com,9416623956,BATCH_25,CD,25CD140
Vihaan Krishnan,2005-03-29,MALE,vihaankrishnan@gmail.com,9158625101,BATCH_24,CM,24CM159
Kabir Yadav,2003-11-23,FEMALE,kabir.yadav26@gmail.com,9401898053,BATCH_22,CM,22CM157
Karthik Mishra,2005-04-25,FEMALE,karthik.mishra76@gmail.com,9960626382,BATCH_24,CI,24CI159
Manish Singh,2007-03-09,FEMALE,manish.singh83@gmail.com,9368378037,BATCH_25,CM,25CM152
Vihaan Kapoor,2004-08-08,FEMALE,vihaankapoor641@hotmail.com,9369036807,BATCH_22,CM,22CM158
Nisha Pandey,2005-08-24,FEMALE,nishapandey@outlook.com,9876187057,BATCH_23,CS,23CS147
Riya Sharma,2005-04-03,FEMALE,riyasharma421@outlook.com,9392788447,BATCH_22,EC,22EC148
Sai Rao,2003-01-19,MALE,sairao440@gmail.com,9781913505,BATCH_22,EC,22EC149
Bhavya Naidu,2006-01-18,FEMALE,bhavyanaidu403@gmail.com,9628734512,BATCH_24,EC,24EC148
Kabir Raju,2004-05-18,FEMALE,kabirraju482@gmail.com,9884581952,BATCH_22,CI,22CI160
Divya Desai,2009-12-27,FEMALE,divyadesai624@gmail.com,9811730699,BATCH_26,CS,26CS154
Dhruv Pandey,2004-02-19,FEMALE,dhruv.pandey@yahoo.com,9393729981,BATCH_23,CS,23CS148
Lakshmi Patel,2007-07-17,MALE,lakshmipatel690@gmail.com,9386318634,BATCH_25,CC,25CC163
Priya Pillai,2006-01-14,FEMALE,priyapillai919@gmail.com,9926289757,BATCH_24,EC,24EC149
Sai Mishra,2004-12-01,MALE,sai.mishra89@gmail.com,9672809504,BATCH_22,CM,22CM159
Aarav Reddy,2004-07-28,MALE,aarav.reddy61@yahoo.com,9647468212,BATCH_22,CM,22CM160
Zoya Kapoor,2004-03-16,MALE,zoyakapoor171@gmail.com,9753262371,BATCH_23,ME,23ME165
Ira Devi,2005-01-08,FEMALE,iradevi982@gmail.com,9107228711,BATCH_23,CS,23CS149
Riya Chowdary,2005-01-23,MALE,riyachowdary@outlook.com,9708737116,BATCH_23,CI,23CI154
Abhinav Gupta,2004-05-30,FEMALE,abhinavgupta@gmail.com,9740985372,BATCH_22,EC,22EC150
Nikhil Chowdary,2005-04-16,FEMALE,nikhil.chowdary16@gmail.com,9128829832,BATCH_24,CM,24CM160
Varun Yadav,2009-06-30,FEMALE,varun_yadav@yahoo.com,9472047442,BATCH_27,CI,27CI152
Jyoti Menon,2005-12-08,FEMALE,jyotimenon@yahoo.com,9352954005,BATCH_23,EE,23EE151
Vikram Verma,2006-07-07,FEMALE,vikramverma859@gmail.com,9654310278,BATCH_25,EE,25EE159
Nisha Patel,2005-10-06,MALE,nisha.patel82@hotmail.com,9182729136,BATCH_23,CC,23CC158
Aditi Mishra,2007-06-19,MALE,aditi.mishra38@outlook.com,9076557374,BATCH_26,CM,26CM146
Nikhil Gupta,2008-05-28,MALE,nikhil.gupta@gmail.com,9938636231,BATCH_25,CM,25CM153
Reyansh Prasad,2004-12-14,MALE,reyanshprasad954@gmail.com,9891465346,BATCH_22,EE,22EE154
Pranav Reddy,2005-10-26,FEMALE,pranav_reddy@outlook.com,9332672446,BATCH_23,EC,23EC157
Sanjay Kapoor,2008-12-29,MALE,sanjaykapoor841@gmail.com,9659517336,BATCH_26,EC,26EC149
Gauri Yadav,2006-03-29,MALE,gyadav@gmail.com,9231755134,BATCH_24,CM,24CM161
Kavya Desai,2008-04-20,MALE,kavya.desai83@gmail.com,9529495760,BATCH_26,CS,26CS155
Diya Chandra,2004-11-24,MALE,diya.chandra@yahoo.com,9233241651,BATCH_22,CC,22CC146
Ishaan Mohan,2006-05-05,FEMALE,ishaan.mohan@gmail.com,9220125608,BATCH_25,CI,25CI156
Isha Sharma,2006-03-22,FEMALE,ishasharma@gmail.com,9323591661,BATCH_24,CM,24CM162
Kabir Singh,2007-05-29,FEMALE,kabir.singh@gmail.com,9026355824,BATCH_25,CI,25CI157
Harini Devi,2004-04-22,FEMALE,harini_devi@gmail.com,9616790071,BATCH_22,ME,22ME154
Bhavya Krishnan,2005-12-03,MALE,bhavya.krishnan@yahoo.com,9322496737,BATCH_24,CD,24CD166
Sanya Singh,2007-12-11,MALE,sanyasingh253@gmail.com,9075658255,BATCH_24,CI,24CI160
Ira Iyer,2007-06-13,FEMALE,ira.iyer94@gmail.com,9840409337,BATCH_25,CC,25CC164
Vikram Singh,2009-05-11,MALE,vikram.singh54@outlook.com,9741117367,BATCH_27,CC,27CC149
Naveen Babu,2006-10-04,MALE,naveenbabu980@gmail.com,9155507861,BATCH_23,CS,23CS150
Sanya Pandey,2006-05-27,FEMALE,sanyapandey47@yahoo.com,9120092820,BATCH_23,CD,23CD158
Sanjay Kumar,2008-05-30,FEMALE,sanjay.kumar89@gmail.com,9381285829,BATCH_26,CD,26CD151
Aditi Nair,2007-06-29,MALE,aditi.nair@gmail.com,9433036541,BATCH_25,EE,25EE160
Sanjay Babu,2004-07-20,FEMALE,sanjay.babu@hotmail.com,9120569076,BATCH_22,CM,22CM161
Aryan Menon,2008-11-09,MALE,aryanmenon593@gmail.com,9295797861,BATCH_26,CD,26CD152
Riya Pillai,2006-04-22,MALE,riya.pillai@gmail.com,9971801206,BATCH_24,CI,24CI161
Varun Prasad,2004-03-08,MALE,varunprasad@gmail.com,9577306385,BATCH_22,CD,22CD160
Ira Desai,2007-05-29,FEMALE,iradesai155@outlook.com,9517392229,BATCH_25,CD,25CD141
Karthik Yadav,2009-02-19,MALE,karthik.yadav54@gmail.com,9304504744,BATCH_27,EE,27EE144
Vivaan Goud,2006-11-09,MALE,vivaangoud938@outlook.com,9513689906,BATCH_24,CD,24CD167
Vivaan Desai,2007-09-02,MALE,vivaan.desai@hotmail.com,9296175657,BATCH_26,CS,26CS156
Ishaan Desai,2009-07-31,OTHER,ishaandesai@outlook.com,9870426469,BATCH_27,CI,27CI153
Dhruv Babu,2004-05-02,FEMALE,dhruvbabu@gmail.com,9584972779,BATCH_22,EE,22EE155
Vivaan Malhotra,2006-11-20,MALE,vivaan_malhotra@gmail.com,9745861894,BATCH_24,CS,24CS164
Priya Chowdary,2008-12-14,MALE,priyachowdary@gmail.com,9226124713,BATCH_26,CI,26CI164
Manish Pandey,2008-12-09,FEMALE,manishpandey@hotmail.com,9658202970,BATCH_25,EE,25EE161
Bhavya Malhotra,2005-11-13,MALE,bhavya.malhotra8@gmail.com,9214181007,BATCH_24,CD,24CD168
Bhavya Prasad,2004-04-30,FEMALE,bhavya.prasad86@gmail.com,9311975753,BATCH_22,CD,22CD161
Abhinav Kumar,2003-08-21,FEMALE,abhinavkumar@outlook.com,9317303324,BATCH_22,EC,22EC151
Krishna Kumar,2004-07-29,FEMALE,krishna.kumar@outlook.com,9544359296,BATCH_22,ME,22ME155
Kabir Gupta,2008-10-29,MALE,kabir.gupta62@gmail.com,9462311665,BATCH_27,ME,27ME140
Varun Iyer,2009-07-09,FEMALE,varuniyer802@gmail.com,9918158084,BATCH_27,EE,27EE145
Priya Joshi,2008-06-02,FEMALE,priya_joshi@gmail.com,9512335591,BATCH_26,EC,26EC150
Gauri Verma,2006-12-11,FEMALE,gauri.verma@outlook.com,9214073730,BATCH_25,EC,25EC168
Sanya Chowdary,2004-12-04,MALE,sanyachowdary@gmail.com,9928461788,BATCH_22,CM,22CM162
Reyansh Chandra,2006-05-18,FEMALE,rchandra@outlook.com,9008538094,BATCH_24,CI,24CI162
Sanya Krishnan,2008-01-12,FEMALE,sanya.krishnan18@gmail.com,9911413193,BATCH_26,ME,26ME146
Priya Naidu,2004-03-27,MALE,priyanaidu792@outlook.com,9605869427,BATCH_22,CC,22CC147
Lakshmi Chandra,2005-12-28,FEMALE,lakshmichandra488@gmail.com,9278629158,BATCH_23,ME,23ME166
Sanjay Malhotra,2004-03-04,MALE,sanjay.malhotra49@gmail.com,9697920675,BATCH_22,EC,22EC152
Rahul Mohan,2007-03-11,MALE,rahulmohan245@gmail.com,9451406534,BATCH_26,CD,26CD153
Uday Devi,2008-05-16,MALE,udevi@yahoo.com,9659116655,BATCH_25,CS,25CS158
Aarav Verma,2005-04-19,MALE,aarav.verma79@gmail.com,9945416460,BATCH_24,EC,24EC150
Tanvi Sharma,2008-07-05,MALE,tanvisharma@gmail.com,9514344211,BATCH_26,CM,26CM147
Kabir Chowdary,2008-01-11,MALE,kabir.chowdary@gmail.com,9411855657,BATCH_26,CD,26CD154
Om Sharma,2010-11-19,FEMALE,om.sharma31@gmail.com,9221243652,BATCH_27,ME,27ME141
Om Pandey,2008-10-22,OTHER,om.pandey56@gmail.com,9978055014,BATCH_26,CI,26CI165
Bhavya Mohan,2004-05-03,MALE,bhavya_mohan@gmail.com,9939925358,BATCH_22,CM,22CM163
Bhavya Joshi,2006-10-29,MALE,bjoshi@gmail.com,9641049670,BATCH_24,EE,24EE167
Varun Chandra,2004-02-24,FEMALE,varun.chandra@gmail.com,9991941101,BATCH_22,CM,22CM164
Yash Pandey,2008-03-10,FEMALE,yash.pandey82@gmail.com,9316778145,BATCH_26,CC,26CC154
Yash Raju,2008-01-29,FEMALE,yraju@yahoo.com,9554800572,BATCH_26,CI,26CI166
Esha Reddy,2009-11-30,MALE,ereddy@gmail.com,9861690085,BATCH_27,EC,27EC160
Vihaan Sharma,2010-10-04,MALE,vihaan.sharma67@gmail.com,9123073888,BATCH_27,ME,27ME142
Chitra Sharma,2008-09-10,MALE,chitrasharma519@gmail.com,9902446442,BATCH_27,ME,27ME143
Karthik Rani,2006-11-24,MALE,karthik.rani@hotmail.com,9734505219,BATCH_25,EC,25EC169
Nikhil Chowdary,2009-03-02,MALE,nikhil_chowdary@gmail.com,9048578671,BATCH_26,CM,26CM148
Aditya Patel,2003-12-26,FEMALE,aditya.patel45@gmail.com,9109984527,BATCH_22,CD,22CD162
Aditi Goud,2004-11-01,FEMALE,aditigoud797@gmail.com,9786517938,BATCH_22,CD,22CD163
Manish Menon,2009-02-17,MALE,manishmenon@gmail.com,9731010910,BATCH_26,EC,26EC151
Bhavya Yadav,2009-08-16,FEMALE,bhavya.yadav93@gmail.com,9825371268,BATCH_27,CM,27CM173
Manish Verma,2008-01-03,MALE,manish.verma52@gmail.com,9807946613,BATCH_26,CD,26CD155
Aditya Goud,2003-02-14,FEMALE,aditya.goud@gmail.com,9138081813,BATCH_22,CD,22CD164
Priya Chowdary,2006-10-10,MALE,priya.chowdary@gmail.com,9028022244,BATCH_24,EC,24EC151
Chitra Malhotra,2004-01-07,FEMALE,chitra_malhotra@gmail.com,9936758457,BATCH_22,ME,22ME156
Rakesh Reddy,2005-11-18,FEMALE,rakesh.reddy29@gmail.com,9218951419,BATCH_23,EE,23EE152
Sanya Naidu,2005-10-11,MALE,sanya.naidu@gmail.com,9354599572,BATCH_23,EE,23EE153
Riya Desai,2007-11-09,MALE,riya.desai@yahoo.com,9252959611,BATCH_25,CI,25CI158
Vihaan Goud,2008-01-05,MALE,vgoud@outlook.com,9255128276,BATCH_26,ME,26ME147
Priya Joshi,2005-03-28,FEMALE,priyajoshi419@hotmail.com,9869797934,BATCH_24,CS,24CS165
Sanya Raju,2010-01-12,FEMALE,sanya.raju87@gmail.com,9099784429,BATCH_27,CM,27CM174
Aarav Iyer,2006-07-05,OTHER,aaraviyer8@gmail.com,9872105524,BATCH_23,CD,23CD159
Vihaan Mishra,2007-06-22,OTHER,vmishra@yahoo.com,9335359759,BATCH_25,EC,25EC170
Karthik Krishnan,2003-06-28,FEMALE,karthikkrishnan147@gmail.com,9476909415,BATCH_22,EE,22EE156
Vikram Yadav,2003-09-10,FEMALE,vikramyadav@gmail.com,9346893918,BATCH_22,EE,22EE157
Om Pandey,2003-11-28,MALE,om.pandey69@gmail.com,9068287007,BATCH_22,CI,22CI161
Riya Sharma,2006-04-11,FEMALE,riyasharma@gmail.com,9594822452,BATCH_24,CD,24CD169
Meera Prasad,2007-06-07,FEMALE,meeraprasad606@gmail.com,9458771753,BATCH_25,EE,25EE162
Rohan Rao,2005-02-21,FEMALE,rohanrao280@gmail.com,9191485646,BATCH_24,ME,24ME152
Aditi Gupta,2003-02-15,MALE,aditigupta@gmail.com,9932279859,BATCH_22,CM,22CM165
Esha Gupta,2008-01-06,FEMALE,esha.gupta@gmail.com,9699429223,BATCH_25,CM,25CM154
Om Desai,2004-10-27,FEMALE,om.desai@outlook.com,9320828418,BATCH_22,EE,22EE158
Sai Singh,2008-07-19,FEMALE,sai_singh@outlook.com,9881557155,BATCH_26,CM,26CM149
Rohan Naidu,2009-05-25,FEMALE,rohannaidu@hotmail.com,9843519788,BATCH_27,CI,27CI154
Vihaan Gupta,2005-04-15,MALE,vihaangupta544@gmail.com,9073002290,BATCH_23,CS,23CS151
Rohan Rao,2007-05-08,FEMALE,rohan.rao1@gmail.com,9864908108,BATCH_25,CS,25CS159
Chitra Iyer,2009-10-21,FEMALE,chitra.iyer82@gmail.com,9035858726,BATCH_26,EC,26EC152
Sanya Malhotra,2009-01-18,MALE,sanya.malhotra6@gmail.com,9571715918,BATCH_27,EC,27EC161
Naveen Raju,2007-05-25,FEMALE,naveenraju131@gmail.com,9286307078,BATCH_25,ME,25ME159
Kabir Kumar,2005-11-19,FEMALE,kabir_kumar@gmail.com,9049100891,BATCH_23,CI,23CI155
Aryan Chandra,2005-10-24,MALE,aryan_chandra@gmail.com,9143942074,BATCH_23,EE,23EE154
Uday Joshi,2005-11-19,MALE,udayjoshi@gmail.com,9931102643,BATCH_23,ME,23ME167
Nikhil Iyer,2005-03-17,MALE,nikhil.iyer@yahoo.com,9227051028,BATCH_24,EE,24EE168
Siddharth Pandey,2009-04-03,FEMALE,siddharth.pandey34@outlook.com,9424660472,BATCH_27,CD,27CD157
Chitra Verma,2010-04-05,FEMALE,cverma@gmail.com,9771070957,BATCH_27,CS,27CS172
Varun Goud,2004-01-30,MALE,varun.goud@outlook.com,9756999138,BATCH_22,CC,22CC148
Uday Pandey,2006-03-09,FEMALE,udaypandey523@gmail.com,9515837767,BATCH_25,CS,25CS160
Kabir Rao,2005-02-02,FEMALE,kabir.rao29@outlook.com,9401011905,BATCH_24,CS,24CS166
Naveen Rao,2009-08-26,MALE,naveenrao510@gmail.com,9578966368,BATCH_27,CM,27CM175
Kabir Pandey,2003-09-01,FEMALE,kabirpandey@gmail.com,9831115023,BATCH_22,CM,22CM166
Om Krishnan,2003-01-04,FEMALE,om.krishnan@gmail.com,9120039081,BATCH_22,CS,22CS157
Vivaan Prasad,2008-06-08,OTHER,vivaanprasad228@gmail.com,9246760042,BATCH_26,EC,26EC153
Zoya Desai,2004-02-28,MALE,zoya_desai@yahoo.com,9479599386,BATCH_22,EE,22EE159
Sanjay Babu,2007-04-09,FEMALE,sbabu@outlook.com,9186865927,BATCH_24,CI,24CI163
Ira Gupta,2004-03-25,FEMALE,iragupta15@gmail.com,9280351458,BATCH_23,CI,23CI156
Nikhil Devi,2007-09-05,MALE,nikhil.devi45@gmail.com,9184660903,BATCH_24,CS,24CS167
Esha Kumar,2009-08-05,FEMALE,esha_kumar@yahoo.com,9823955434,BATCH_27,CM,27CM176
Bhavya Devi,2010-04-18,MALE,bhavya_devi@gmail.com,9681948044,BATCH_27,EC,27EC162
Naveen Iyer,2009-10-10,FEMALE,naveen.iyer95@gmail.com,9207067200,BATCH_27,CS,27CS173
Diya Malhotra,2004-05-01,FEMALE,diyamalhotra581@gmail.com,9066360502,BATCH_22,CC,22CC149
Vihaan Reddy,2008-11-10,MALE,vihaan.reddy70@gmail.com,9439724227,BATCH_26,CD,26CD156
Ira Babu,2008-05-20,FEMALE,ira.babu7@gmail.com,9766273872,BATCH_27,EE,27EE146
Reyansh Babu,2007-07-30,MALE,reyansh.babu30@gmail.com,9701065133,BATCH_25,EE,25EE163
Sai Malhotra,2007-02-05,MALE,sai_malhotra@outlook.com,9498025308,BATCH_26,CC,26CC155
Abhinav Naidu,2009-09-03,FEMALE,abhinavnaidu@gmail.com,9664441061,BATCH_26,CD,26CD157
Nisha Krishnan,2007-10-31,FEMALE,nisha_krishnan@gmail.com,9588879470,BATCH_25,EE,25EE164
Nikhil Devi,2010-09-26,FEMALE,nikhil_devi@gmail.com,9825704455,BATCH_27,ME,27ME144
Diya Verma,2004-09-18,FEMALE,diya_verma@gmail.com,9604008198,BATCH_22,EE,22EE160
Kabir Malhotra,2008-06-10,MALE,kabirmalhotra409@gmail.com,9143692009,BATCH_27,ME,27ME145
Om Prasad,2009-12-13,FEMALE,om.prasad82@gmail.com,9587311135,BATCH_27,EC,27EC163
Priya Raju,2003-04-18,FEMALE,priya.raju39@gmail.com,9377328647,BATCH_22,CM,22CM167
Siddharth Naidu,2007-03-06,FEMALE,siddharth.naidu@outlook.com,9933698324,BATCH_25,ME,25ME160
Nisha Pillai,2008-01-02,FEMALE,nishapillai@gmail.com,9945573149,BATCH_26,CS,26CS157
Chitra Joshi,2004-08-26,MALE,chitrajoshi@yahoo.com,9436048988,BATCH_22,CS,22CS158
Vivaan Gupta,2005-06-02,MALE,vivaan.gupta@gmail.com,9304457623,BATCH_22,ME,22ME157
Chitra Singh,2007-02-16,FEMALE,chitrasingh@gmail.com,9760909371,BATCH_25,CD,25CD142
Karthik Mohan,2010-02-26,MALE,karthikmohan@gmail.com,9080092821,BATCH_27,CD,27CD158
Nisha Verma,2006-07-14,MALE,nisha_verma@outlook.com,9413209635,BATCH_23,CS,23CS152
Yash Sharma,2010-07-19,FEMALE,yashsharma470@gmail.com,9259534547,BATCH_27,CD,27CD159
Meera Rani,2007-11-14,MALE,meera.rani50@outlook.com,9369070648,BATCH_25,CM,25CM155
Esha Naidu,2009-02-12,MALE,esha_naidu@gmail.com,9748903045,BATCH_27,CC,27CC150
Rakesh Pandey,2005-03-08,MALE,rakeshpandey63@gmail.com,9419768784,BATCH_23,EC,23EC158
Reyansh Mishra,2006-12-22,MALE,reyansh_mishra@yahoo.com,9693541989,BATCH_25,CC,25CC165
Bhavya Joshi,2005-02-12,FEMALE,bhavya.joshi@gmail.com,9835002287,BATCH_24,EC,24EC152
Rahul Pandey,2006-06-08,MALE,rahulpandey944@gmail.com,9410883444,BATCH_25,CM,25CM156
Sanjay Iyer,2008-11-18,MALE,sanjayiyer287@gmail.com,9849540980,BATCH_27,CS,27CS174
Priya Kapoor,2005-09-26,MALE,pkapoor@gmail.com,9683843247,BATCH_23,CS,23CS153
Riya Singh,2006-08-23,MALE,riyasingh@gmail.com,9039274991,BATCH_24,CC,24CC159
Priya Yadav,2004-07-03,MALE,priyayadav@gmail.com,9368900577,BATCH_23,EC,23EC159
Dhruv Babu,2009-06-27,FEMALE,dhruv_babu@gmail.com,9434491974,BATCH_26,EC,26EC154
Krishna Yadav,2005-12-10,MALE,krishna.yadav@gmail.com,9856352007,BATCH_22,EC,22EC153
Divya Raju,2008-04-27,MALE,divya.raju31@gmail.com,9009463481,BATCH_27,EE,27EE147
Krishna Sharma,2009-04-07,FEMALE,krishna.sharma@gmail.com,9197111708,BATCH_26,CD,26CD158
Uday Reddy,2003-04-28,MALE,uday.reddy@gmail.com,9257228703,BATCH_22,EC,22EC154
Aryan Naidu,2005-12-09,FEMALE,aryannaidu@hotmail.com,9251207346,BATCH_23,CM,23CM165
Uday Menon,2005-10-30,MALE,uday_menon@gmail.com,9757842351,BATCH_24,EC,24EC153
Isha Pandey,2007-03-12,MALE,isha.pandey46@gmail.com,9440847710,BATCH_25,CC,25CC166
Sanjay Iyer,2009-09-26,MALE,sanjayiyer50@gmail.com,9626477880,BATCH_26,CI,26CI167
Manish Chowdary,2009-03-19,FEMALE,manish_chowdary@gmail.com,9145984847,BATCH_27,CD,27CD160
Sanjay Naidu,2003-04-05,MALE,sanjay.naidu63@gmail.com,9133091906,BATCH_22,ME,22ME158
Nikhil Chandra,2009-03-10,MALE,nikhil.chandra@gmail.com,9452414117,BATCH_27,CS,27CS175
Pranav Nair,2005-07-09,MALE,pranavnair726@gmail.com,9340508927,BATCH_23,EC,23EC160
Abhinav Patel,2007-09-22,FEMALE,abhinav.patel56@gmail.com,9363580533,BATCH_26,CS,26CS158
Yash Sharma,2004-02-06,MALE,yash.sharma44@gmail.com,9778128933,BATCH_22,CS,22CS159
Riya Rao,2009-07-18,FEMALE,riya_rao@gmail.com,9136243419,BATCH_27,CD,27CD161
Meera Prasad,2007-07-26,MALE,mprasad@hotmail.com,9845775901,BATCH_24,ME,24ME153
Rakesh Yadav,2004-10-02,FEMALE,rakesh.yadav@gmail.com,9392484813,BATCH_23,EC,23EC161
Sanya Kapoor,2004-06-26,MALE,sanyakapoor@gmail.com,9547175847,BATCH_23,ME,23ME168
Aryan Yadav,2008-03-29,MALE,aryan.yadav30@gmail.com,9154380072,BATCH_26,CD,26CD159
Sanjay Krishnan,2004-12-30,MALE,sanjaykrishnan477@gmail.com,9256599508,BATCH_22,EC,22EC155
Aditya Menon,2008-04-22,FEMALE,aditya.menon37@yahoo.com,9727117595,BATCH_25,CI,25CI159
Nikhil Reddy,2009-12-15,FEMALE,nikhil.reddy94@gmail.com,9362569153,BATCH_27,ME,27ME146
Jyoti Yadav,2009-09-05,FEMALE,jyotiyadav122@gmail.com,9549203980,BATCH_27,CI,27CI155
Vikram Verma,2009-02-14,OTHER,vikramverma362@gmail.com,9691388532,BATCH_27,CS,27CS176
Reyansh Mohan,2006-10-17,FEMALE,reyansh.mohan14@gmail.com,9703721408,BATCH_24,CM,24CM163
Arjun Patel,2004-01-20,FEMALE,arjun.patel55@hotmail.com,9327331784,BATCH_22,CM,22CM168
Isha Rao,2005-12-06,FEMALE,isha_rao@yahoo.com,9162611713,BATCH_22,CM,22CM169
Vikram Singh,2009-03-02,FEMALE,vikram.singh61@gmail.com,9072545702,BATCH_27,EE,27EE148
Rohan Devi,2006-06-30,MALE,rohandevi803@gmail.com,9916866128,BATCH_23,ME,23ME169
Vivaan Chowdary,2006-12-09,MALE,vivaan.chowdary12@gmail.com,9157088328,BATCH_24,EC,24EC154
Uday Krishnan,2005-08-01,MALE,ukrishnan@gmail.com,9331857481,BATCH_23,CM,23CM166
Om Mishra,2008-08-20,FEMALE,omishra@gmail.com,9353414391,BATCH_26,CM,26CM150
Ishaan Raju,2006-05-04,MALE,ishaanraju642@gmail.com,9939191654,BATCH_24,CS,24CS168
Vihaan Pandey,2006-03-07,FEMALE,vihaan.pandey57@gmail.com,9626582631,BATCH_24,EE,24EE169
Rahul Malhotra,2006-02-20,MALE,rahul.malhotra62@gmail.com,9834402755,BATCH_24,CI,24CI164
Tanvi Singh,2004-10-09,MALE,tanvi.singh32@gmail.com,9497603967,BATCH_22,CC,22CC150
Gauri Singh,2009-04-10,FEMALE,gauri.singh@gmail.com,9466766829,BATCH_27,ME,27ME147
Zoya Mishra,2008-03-22,FEMALE,zmishra@outlook.com,9662177580,BATCH_26,CC,26CC156
Pranav Malhotra,2008-09-02,FEMALE,pranavmalhotra663@gmail.com,9449666072,BATCH_26,CM,26CM151
Bhavya Verma,2004-02-18,MALE,bhavya.verma29@gmail.com,9422754109,BATCH_22,EE,22EE161
Esha Mishra,2009-08-02,FEMALE,eshamishra867@gmail.com,9154598586,BATCH_27,CC,27CC151
Manish Verma,2007-06-02,MALE,manish.verma3@gmail.com,9037152431,BATCH_25,ME,25ME161
Jyoti Rao,2004-06-20,MALE,jyotirao931@outlook.com,9926249451,BATCH_23,CD,23CD160
Harini Mohan,2007-10-18,FEMALE,hmohan@yahoo.com,9342171152,BATCH_26,EE,26EE160
Abhinav Patel,2005-07-31,MALE,abhinavpatel@gmail.com,9546103399,BATCH_23,CD,23CD161
Tanvi Goud,2007-03-12,MALE,tanvigoud353@gmail.com,9035191985,BATCH_25,CD,25CD143
Reyansh Yadav,2008-03-05,MALE,reyansh.yadav65@gmail.com,9392049106,BATCH_25,CI,25CI160
Aarav Rao,2007-09-16,MALE,aarav.rao27@gmail.com,9870713604,BATCH_25,CM,25CM157
Jyoti Chandra,2004-06-01,FEMALE,jyoti_chandra@yahoo.com,9966686734,BATCH_23,EE,23EE155
Aditya Joshi,2004-03-12,MALE,aditya.joshi85@gmail.com,9844329081,BATCH_22,CS,22CS160
Abhinav Prasad,2004-03-09,MALE,abhinav_prasad@gmail.com,9245484663,BATCH_22,CM,22CM170
Chitra Goud,2004-03-30,MALE,chitra.goud@outlook.com,9448531726,BATCH_22,CD,22CD165
Jyoti Nair,2008-07-18,FEMALE,jyoti.nair36@gmail.com,9451186598,BATCH_26,CD,26CD160
Arjun Pandey,2004-01-22,FEMALE,arjun.pandey21@yahoo.com,9471324393,BATCH_22,ME,22ME159
Vivaan Reddy,2006-08-06,MALE,vivaan.reddy24@gmail.com,9910530215,BATCH_23,EC,23EC162
Arjun Sharma,2005-12-06,MALE,arjun_sharma@outlook.com,9587151392,BATCH_22,CM,22CM171
Dhruv Gupta,2006-12-03,MALE,dhruvgupta@gmail.com,9789940539,BATCH_24,ME,24ME154
Meera Devi,2006-03-21,FEMALE,meera_devi@hotmail.com,9207693774,BATCH_24,CM,24CM164
Divya Kapoor,2004-07-28,FEMALE,divya_kapoor@gmail.com,9857860158,BATCH_22,CD,22CD166
Kavya Reddy,2005-09-05,FEMALE,kavya.reddy41@gmail.com,9831169523,BATCH_23,CS,23CS154
Divya Pillai,2009-09-20,FEMALE,divyapillai267@gmail.com,9186969234,BATCH_26,CS,26CS159
Arjun Singh,2005-07-01,FEMALE,arjun.singh38@gmail.com,9051432191,BATCH_23,EC,23EC163
Tanvi Mohan,2009-11-12,MALE,tanvimohan834@gmail.com,9249623443,BATCH_27,ME,27ME148
Aarav Joshi,2008-07-13,FEMALE,aarav.joshi@gmail.com,9061694135,BATCH_27,CI,27CI156
Riya Chowdary,2006-06-08,FEMALE,riyachowdary@gmail.com,9916605577,BATCH_24,CI,24CI165
Vivaan Pandey,2004-10-09,MALE,vivaanpandey@gmail.com,9022406547,BATCH_22,EC,22EC156
Nisha Goud,2008-01-05,MALE,nisha.goud54@hotmail.com,9073794999,BATCH_27,CC,27CC152
Dhruv Rao,2008-01-31,FEMALE,dhruv.rao43@gmail.com,9862868564,BATCH_26,CM,26CM152
Vihaan Sharma,2006-10-28,MALE,vihaan.sharma97@yahoo.com,9047421206,BATCH_24,CI,24CI166
Tanvi Devi,2004-07-27,FEMALE,tanvidevi@yahoo.com,9380033137,BATCH_22,CD,22CD167
Nikhil Desai,2005-03-03,OTHER,nikhildesai23@yahoo.com,9397951962,BATCH_24,CI,24CI167
Lakshmi Devi,2008-12-22,FEMALE,ldevi@gmail.com,9987809270,BATCH_25,CI,25CI161
Kabir Naidu,2007-01-24,FEMALE,kabirnaidu@outlook.com,9040234203,BATCH_25,CM,25CM158
Rohan Rani,2008-11-09,FEMALE,rohan.rani@gmail.com,9396411774,BATCH_26,CD,26CD161
Rahul Singh,2010-12-25,FEMALE,rahul.singh26@gmail.com,9476253950,BATCH_27,CC,27CC153
Bhavya Desai,2007-11-08,MALE,bhavya.desai@gmail.com,9907615001,BATCH_25,CD,25CD144
Ananya Kapoor,2007-01-04,MALE,ananya.kapoor45@gmail.com,9850749113,BATCH_25,CM,25CM159
Karthik Rao,2009-06-20,OTHER,karthikrao@yahoo.com,9335668228,BATCH_27,CI,27CI157
Uday Gupta,2006-03-30,FEMALE,uday.gupta67@gmail.com,9472731889,BATCH_24,CI,24CI168
Pranav Malhotra,2010-05-16,MALE,pranavmalhotra666@gmail.com,9481773655,BATCH_27,CC,27CC154
Rahul Babu,2006-03-04,MALE,rahul.babu12@gmail.com,9870509822,BATCH_24,CS,24CS169
Bhavya Reddy,2005-05-31,FEMALE,bhavyareddy@gmail.com,9585277130,BATCH_23,CS,23CS155
Jyoti Pillai,2007-06-01,OTHER,jpillai@gmail.com,9352408240,BATCH_25,EE,25EE165
Abhinav Menon,2008-03-03,FEMALE,abhinav.menon@gmail.com,9306108557,BATCH_27,ME,27ME149
Uday Mohan,2008-11-16,FEMALE,uday.mohan51@yahoo.com,9512253769,BATCH_26,CI,26CI168
Priya Naidu,2005-07-28,MALE,priya.naidu57@yahoo.com,9824323330,BATCH_22,EC,22EC157
Vivaan Chowdary,2004-01-19,FEMALE,vivaanchowdary225@gmail.com,9625091792,BATCH_22,CS,22CS161
Zoya Sharma,2009-05-24,FEMALE,zoya.sharma@gmail.com,9710103833,BATCH_27,EE,27EE149
Chitra Menon,2008-03-13,FEMALE,chitra.menon@hotmail.com,9713702446,BATCH_26,EC,26EC155
Rohan Devi,2004-02-09,OTHER,rohandevi693@outlook.com,9643035901,BATCH_22,CD,22CD168
Varun Prasad,2006-10-22,MALE,varun.prasad35@gmail.com,9314386632,BATCH_24,ME,24ME155
Vikram Kumar,2005-03-27,MALE,vikramkumar988@yahoo.com,9577261958,BATCH_23,EE,23EE156
Tanvi Naidu,2007-09-21,MALE,tanvi.naidu97@gmail.com,9036957562,BATCH_25,CD,25CD145
Pranav Reddy,2004-10-04,MALE,pranav.reddy87@outlook.com,9855261728,BATCH_23,EE,23EE157
Vivaan Mohan,2006-02-12,FEMALE,vivaanmohan171@gmail.com,9136005788,BATCH_24,CM,24CM165
Vivaan Chowdary,2004-06-26,FEMALE,vivaan.chowdary64@gmail.com,9232042042,BATCH_22,CS,22CS162
Meera Kapoor,2009-11-07,MALE,meerakapoor656@gmail.com,9925983469,BATCH_27,CS,27CS177
Nisha Singh,2007-10-13,FEMALE,nishasingh898@outlook.com,9523986800,BATCH_25,EE,25EE166
Kavya Goud,2010-01-30,FEMALE,kavya.goud72@gmail.com,9363056956,BATCH_27,CM,27CM177
Naveen Reddy,2006-07-16,OTHER,naveenreddy854@gmail.com,9242657896,BATCH_25,CD,25CD146
Bhavya Mishra,2009-08-28,FEMALE,bhavyamishra930@gmail.com,9194020712,BATCH_27,EE,27EE150
Sanjay Chowdary,2006-09-26,FEMALE,schowdary@outlook.com,9817860215,BATCH_25,CD,25CD147
Rahul Sharma,2004-05-08,MALE,rahul.sharma@hotmail.com,9267363251,BATCH_23,EE,23EE158
Varun Mishra,2005-08-28,MALE,varun.mishra@outlook.com,9720484437,BATCH_23,EE,23EE159
Aryan Nair,2009-01-09,MALE,aryan.nair@gmail.com,9186766100,BATCH_26,ME,26ME148
Rahul Nair,2009-03-19,FEMALE,rahulnair222@gmail.com,9187062932,BATCH_26,ME,26ME149
Vivaan Pillai,2004-12-16,MALE,vpillai@yahoo.com,9538683511,BATCH_23,CS,23CS156
Sai Pillai,2006-05-22,MALE,sai_pillai@yahoo.com,9150937710,BATCH_23,CD,23CD162
Gauri Devi,2004-09-25,MALE,gauri_devi@gmail.com,9020761239,BATCH_22,CC,22CC151
Manish Patel,2005-06-09,MALE,manish.patel@gmail.com,9196234219,BATCH_23,EC,23EC164
Uday Gupta,2004-01-14,MALE,udaygupta196@gmail.com,9667015145,BATCH_22,CC,22CC152
Ishaan Prasad,2006-05-06,MALE,ishaanprasad282@gmail.com,9960630079,BATCH_24,EC,24EC155
Varun Joshi,2007-11-27,FEMALE,varun.joshi62@gmail.com,9660366980,BATCH_25,EC,25EC171
Aditi Raju,2004-04-26,MALE,aditiraju@gmail.com,9142918516,BATCH_22,EE,22EE162
Divya Desai,2009-12-31,FEMALE,divya.desai82@gmail.com,9983221010,BATCH_26,ME,26ME150
Rohan Goud,2006-07-12,FEMALE,rohan.goud41@gmail.com,9261604643,BATCH_24,EC,24EC156
Esha Reddy,2007-05-25,MALE,esha_reddy@gmail.com,9427031207,BATCH_24,ME,24ME156
Reyansh Rani,2006-10-14,MALE,reyansh.rani78@gmail.com,9251353465,BATCH_24,ME,24ME157
Chitra Kumar,2006-01-21,FEMALE,chitra.kumar85@yahoo.com,9625023089,BATCH_25,CD,25CD148
Pranav Krishnan,2007-02-03,MALE,pranavkrishnan711@outlook.com,9518644925,BATCH_25,EE,25EE167
Meera Chandra,2006-05-22,MALE,meera.chandra@gmail.com,9870998616,BATCH_24,ME,24ME158
Om Gupta,2009-06-11,MALE,omgupta375@gmail.com,9182377210,BATCH_26,CM,26CM153
Rakesh Kumar,2007-11-14,FEMALE,rakeshkumar819@outlook.com,9388309045,BATCH_24,EC,24EC157
Nisha Devi,2007-06-23,MALE,nishadevi88@hotmail.com,9352181883,BATCH_25,EE,25EE168
Vivaan Krishnan,2007-01-15,FEMALE,vivaan_krishnan@gmail.com,9244550229,BATCH_25,EE,25EE169
Krishna Raju,2006-03-18,FEMALE,krishna.raju92@gmail.com,9842561962,BATCH_23,EE,23EE160
Ira Sharma,2004-05-10,FEMALE,ira.sharma@gmail.com,9269263444,BATCH_22,CS,22CS163
Diya Pillai,2005-06-26,MALE,diya_pillai@gmail.com,9992853387,BATCH_23,CS,23CS157
Isha Reddy,2003-10-04,FEMALE,ishareddy660@gmail.com,9439950918,BATCH_22,CD,22CD169
Zoya Rao,2004-05-12,FEMALE,zoya_rao@gmail.com,9883144682,BATCH_22,EE,22EE163
Aryan Sharma,2007-02-28,MALE,aryan_sharma@gmail.com,9167190229,BATCH_25,EE,25EE170
Harini Kumar,2007-06-23,MALE,harinikumar254@gmail.com,9614035440,BATCH_25,CC,25CC167
Ishaan Goud,2007-08-29,MALE,ishaangoud780@gmail.com,9469671603,BATCH_24,CM,24CM166
Chitra Krishnan,2007-10-30,FEMALE,chitra.krishnan21@gmail.com,9404963650,BATCH_25,CC,25CC168
Priya Verma,2003-12-29,FEMALE,pverma@gmail.com,9802427434,BATCH_22,CD,22CD170
Nisha Desai,2008-06-25,FEMALE,nisha_desai@gmail.com,9372444971,BATCH_27,ME,27ME150
Sanjay Kumar,2008-04-10,FEMALE,sanjay.kumar35@gmail.com,9930380354,BATCH_25,CM,25CM160
Reyansh Kapoor,2006-12-13,FEMALE,reyanshkapoor@gmail.com,9406958051,BATCH_24,CI,24CI169
Aryan Iyer,2006-01-30,FEMALE,aryaniyer7@gmail.com,9307053457,BATCH_24,ME,24ME159
Naveen Mohan,2008-08-02,FEMALE,naveen.mohan21@gmail.com,9367072413,BATCH_27,CS,27CS178
Om Raju,2009-01-17,FEMALE,om.raju97@gmail.com,9173822606,BATCH_27,EC,27EC164
Karthik Desai,2009-02-07,FEMALE,karthik_desai@gmail.com,9918043843,BATCH_27,CM,27CM178
Uday Babu,2004-03-01,FEMALE,uday.babu@gmail.com,9951307455,BATCH_22,CS,22CS164
Lakshmi Yadav,2005-12-04,MALE,lakshmiyadav896@gmail.com,9291603248,BATCH_23,CD,23CD163
Isha Verma,2003-07-30,FEMALE,isha.verma@gmail.com,9756836333,BATCH_22,CI,22CI162
Meera Joshi,2007-01-11,FEMALE,meerajoshi824@hotmail.com,9089317342,BATCH_25,CS,25CS161
Manish Verma,2005-07-01,MALE,manishverma964@gmail.com,9576329516,BATCH_24,CI,24CI170
Meera Gupta,2005-08-06,MALE,mgupta@outlook.com,9102967469,BATCH_22,CS,22CS165
Aryan Reddy,2008-07-09,MALE,aryanreddy@outlook.com,9693259627,BATCH_26,CM,26CM154
Om Malhotra,2007-01-09,MALE,om.malhotra92@gmail.com,9791904878,BATCH_25,ME,25ME162
Vihaan Kumar,2006-09-17,FEMALE,vihaan.kumar@yahoo.com,9678744227,BATCH_25,CI,25CI162
Riya Goud,2004-01-02,OTHER,riyagoud@gmail.com,9190190945,BATCH_22,CM,22CM172
Sanjay Babu,2008-10-16,MALE,sanjay.babu89@gmail.com,9099199846,BATCH_26,EC,26EC156
Zoya Rao,2005-02-21,MALE,zoyarao204@gmail.com,9089028515,BATCH_23,CM,23CM167
Riya Singh,2007-07-14,FEMALE,riya_singh@gmail.com,9693278417,BATCH_26,CC,26CC157
Varun Chowdary,2006-12-01,FEMALE,varun.chowdary38@gmail.com,9990625145,BATCH_24,CM,24CM167
Ira Kapoor,2008-06-05,MALE,ikapoor@gmail.com,9629567230,BATCH_26,CI,26CI169
Gauri Kapoor,2004-11-15,FEMALE,gauri.kapoor89@gmail.com,9403640298,BATCH_23,EE,23EE161
Pranav Yadav,2009-06-08,FEMALE,pranavyadav776@hotmail.com,9980618464,BATCH_27,ME,27ME151
Meera Yadav,2004-03-01,MALE,meera.yadav92@outlook.com,9214639476,BATCH_22,CC,22CC153
Vihaan Kapoor,2007-12-05,MALE,vihaankapoor594@outlook.com,9555018789,BATCH_24,CC,24CC160
Sai Yadav,2008-01-19,MALE,sai_yadav@gmail.com,9124480569,BATCH_25,ME,25ME163
Bhavya Nair,2005-12-21,FEMALE,bhavya.nair56@yahoo.com,9379337563,BATCH_23,CD,23CD164
Bhavya Patel,2009-08-10,FEMALE,bhavya.patel@gmail.com,9753866881,BATCH_27,ME,27ME152
Priya Babu,2008-07-31,MALE,priya.babu93@gmail.com,9894093636,BATCH_26,CM,26CM155
Rohan Krishnan,2005-04-12,MALE,rohan_krishnan@gmail.com,9592057083,BATCH_22,CS,22CS166
Ira Chowdary,2005-02-27,FEMALE,irachowdary18@yahoo.com,9032022401,BATCH_24,CS,24CS170
Aarav Patel,2005-07-12,FEMALE,aarav_patel@yahoo.com,9042359737,BATCH_23,CM,23CM168
Priya Pandey,2004-04-25,MALE,ppandey@outlook.com,9606400474,BATCH_22,EC,22EC158
Zoya Chowdary,2004-02-22,FEMALE,zoya.chowdary26@yahoo.com,9569220949,BATCH_22,EC,22EC159
Esha Chandra,2005-08-20,FEMALE,esha.chandra@gmail.com,9378159157,BATCH_22,CC,22CC154
Karthik Mishra,2006-12-21,FEMALE,karthikmishra265@gmail.com,9456625282,BATCH_23,CS,23CS158
Karthik Kumar,2006-07-10,MALE,karthik_kumar@yahoo.com,9705120461,BATCH_24,ME,24ME160
Nisha Krishnan,2007-10-02,MALE,nishakrishnan@gmail.com,9322327234,BATCH_25,CM,25CM161
Zoya Kumar,2006-12-19,MALE,zoya.kumar98@gmail.com,9053795381,BATCH_24,EE,24EE170
Varun Rao,2006-10-27,FEMALE,varun.rao@yahoo.com,9237245018,BATCH_23,CM,23CM169
Kabir Pandey,2007-05-02,FEMALE,kabir.pandey@outlook.com,9882015149,BATCH_26,CM,26CM156
Om Reddy,2009-07-24,FEMALE,om.reddy51@gmail.com,9689957041,BATCH_27,EE,27EE151
Aditi Pandey,2009-06-24,MALE,aditipandey@gmail.com,9657267654,BATCH_27,CC,27CC155
Rohan Mohan,2006-09-18,MALE,rohan_mohan@gmail.com,9867925298,BATCH_24,EE,24EE171
Vihaan Gupta,2004-12-15,MALE,vihaan.gupta44@outlook.com,9547836437,BATCH_22,EE,22EE164
Yash Prasad,2004-12-26,FEMALE,yash_prasad@outlook.com,9320024263,BATCH_23,CS,23CS159
Meera Nair,2006-09-19,FEMALE,meeranair@gmail.com,9227069777,BATCH_24,CC,24CC161
Meera Mishra,2006-01-18,FEMALE,meera_mishra@gmail.com,9052493835,BATCH_24,CM,24CM168
Ishaan Chandra,2009-07-11,FEMALE,ishaan.chandra@gmail.com,9416019919,BATCH_27,CC,27CC156
Yash Malhotra,2009-11-22,FEMALE,ymalhotra@yahoo.com,9519419979,BATCH_27,ME,27ME153
Dhruv Krishnan,2006-10-19,FEMALE,dhruv.krishnan53@gmail.com,9837801820,BATCH_23,CD,23CD165
Tanvi Gupta,2004-08-22,MALE,tanvigupta@outlook.com,9392203075,BATCH_22,CI,22CI163
Lakshmi Naidu,2006-11-09,MALE,lakshmi.naidu@yahoo.com,9259968650,BATCH_24,CC,24CC162
Isha Verma,2005-09-30,MALE,ishaverma@outlook.com,9660474733,BATCH_22,EC,22EC160
Chitra Kapoor,2008-02-12,FEMALE,chitra_kapoor@yahoo.com,9791159872,BATCH_27,EE,27EE152
Vivaan Mishra,2008-08-21,MALE,vivaan_mishra@gmail.com,9085412447,BATCH_26,CD,26CD162
Karthik Rani,2006-05-13,MALE,karthikrani271@gmail.com,9814196799,BATCH_25,CM,25CM162
Ishaan Yadav,2008-08-23,OTHER,iyadav@outlook.com,9250583334,BATCH_26,ME,26ME151
Divya Krishnan,2004-05-08,MALE,divya.krishnan@gmail.com,9631945236,BATCH_22,CD,22CD171
Vivaan Menon,2009-09-01,MALE,vivaanmenon692@gmail.com,9001441306,BATCH_26,CC,26CC158
Kabir Goud,2009-03-10,MALE,kabir.goud7@gmail.com,9805883774,BATCH_27,CC,27CC157
Reyansh Malhotra,2007-05-04,MALE,reyanshmalhotra89@yahoo.com,9398454615,BATCH_25,EE,25EE171
Rakesh Menon,2006-09-25,FEMALE,rakesh_menon@gmail.com,9963899968,BATCH_24,CS,24CS171
Krishna Krishnan,2006-05-11,FEMALE,krishna.krishnan@gmail.com,9469316815,BATCH_24,EC,24EC158
Ishaan Sharma,2009-05-29,OTHER,ishaan.sharma84@gmail.com,9214876302,BATCH_27,ME,27ME154
Reyansh Kapoor,2005-05-27,FEMALE,reyanshkapoor391@outlook.com,9808557800,BATCH_23,EC,23EC165
Varun Prasad,2009-04-08,FEMALE,varun.prasad@yahoo.com,9311519683,BATCH_26,CS,26CS160
Riya Goud,2010-02-10,MALE,riyagoud59@gmail.com,9410488206,BATCH_27,ME,27ME155
Jyoti Singh,2003-05-17,MALE,jyotisingh@gmail.com,9460789075,BATCH_22,EC,22EC161
Aarav Reddy,2007-12-17,FEMALE,aarav.reddy@gmail.com,9687069057,BATCH_25,CD,25CD149
Gauri Krishnan,2005-10-09,MALE,gaurikrishnan875@yahoo.com,9802544408,BATCH_23,CI,23CI157
Aarav Devi,2006-03-30,MALE,adevi@hotmail.com,9060993960,BATCH_24,CS,24CS172
Jyoti Krishnan,2005-07-03,FEMALE,jkrishnan@hotmail.com,9603266251,BATCH_22,CS,22CS167
Vihaan Iyer,2007-08-14,MALE,vihaaniyer344@hotmail.com,9476911612,BATCH_25,CD,25CD150
Riya Prasad,2006-11-30,FEMALE,riyaprasad@outlook.com,9027989145,BATCH_24,CD,24CD170
Jyoti Iyer,2004-01-19,MALE,jyotiiyer@gmail.com,9772309669,BATCH_22,EE,22EE165
Vihaan Rao,2007-09-18,FEMALE,vihaanrao@gmail.com,9942443793,BATCH_25,ME,25ME164
Zoya Patel,2006-02-17,FEMALE,zoya.patel54@gmail.com,9289812317,BATCH_23,CM,23CM170
Aditya Patel,2007-08-16,MALE,aditya.patel@gmail.com,9514148351,BATCH_25,ME,25ME165
Aryan Desai,2003-09-13,MALE,aryan.desai11@gmail.com,9830057525,BATCH_22,EE,22EE166
Chitra Rao,2007-09-14,FEMALE,chitrarao874@gmail.com,9843772118,BATCH_26,CI,26CI170
Manish Chandra,2009-02-20,FEMALE,manish.chandra59@gmail.com,9550757644,BATCH_27,EC,27EC165
Uday Iyer,2005-10-27,MALE,uiyer@outlook.com,9123779398,BATCH_23,CC,23CC159
Aarav Raju,2004-02-20,MALE,aarav_raju@gmail.com,9523133631,BATCH_23,CC,23CC160
Tanvi Reddy,2007-12-02,FEMALE,tanvireddy691@gmail.com,9217459615,BATCH_25,EE,25EE172
Vihaan Joshi,2006-02-11,FEMALE,vihaan.joshi26@gmail.com,9123993302,BATCH_25,CD,25CD151
Isha Verma,2004-03-11,MALE,ishaverma143@gmail.com,9045315703,BATCH_23,ME,23ME170
Sanjay Prasad,2005-11-17,FEMALE,sanjay.prasad16@gmail.com,9643468207,BATCH_23,CI,23CI158
Vikram Krishnan,2006-03-07,FEMALE,vikram_krishnan@gmail.com,9805400923,BATCH_24,CD,24CD171
Gauri Rani,2005-03-03,MALE,gauri.rani@gmail.com,9628230880,BATCH_23,CI,23CI159
Naveen Kapoor,2005-07-19,MALE,naveen.kapoor63@gmail.com,9331476730,BATCH_22,CD,22CD172
Gauri Chandra,2008-01-14,FEMALE,gauri.chandra13@gmail.com,9158199560,BATCH_25,EE,25EE173
Zoya Joshi,2005-01-26,MALE,zoyajoshi674@gmail.com,9310051112,BATCH_23,CI,23CI160
Yash Devi,2009-09-24,MALE,yash.devi28@gmail.com,9646412663,BATCH_27,EE,27EE153
Dhruv Devi,2003-05-24,FEMALE,dhruv_devi@gmail.com,9452490541,BATCH_22,EE,22EE167
Vihaan Desai,2005-08-23,FEMALE,vihaan.desai94@gmail.com,9292774233,BATCH_23,CD,23CD166
Divya Rani,2010-03-15,FEMALE,divya.rani82@outlook.com,9307105640,BATCH_27,EC,27EC166
Rohan Naidu,2005-03-04,FEMALE,rohannaidu@outlook.com,9093524392,BATCH_23,CC,23CC161
Abhinav Menon,2008-07-14,FEMALE,abhinav.menon56@gmail.com,9129390025,BATCH_26,ME,26ME152
Priya Menon,2007-01-16,MALE,priya.menon@gmail.com,9380954185,BATCH_25,CM,25CM163
Vivaan Iyer,2006-09-23,FEMALE,vivaan.iyer89@gmail.com,9073651133,BATCH_23,CI,23CI161
Vihaan Verma,2006-01-21,OTHER,vihaan.verma11@gmail.com,9795118121,BATCH_25,EC,25EC172
Chitra Sharma,2005-11-05,MALE,chitrasharma@hotmail.com,9720565227,BATCH_23,EE,23EE162
Sanjay Naidu,2008-03-11,MALE,sanjaynaidu617@gmail.com,9426378368,BATCH_26,EC,26EC157
Om Desai,2006-10-10,MALE,om_desai@hotmail.com,9154836115,BATCH_24,EC,24EC159
Meera Iyer,2009-02-12,FEMALE,meera_iyer@gmail.com,9078577884,BATCH_27,ME,27ME156
Yash Joshi,2010-02-25,FEMALE,yashjoshi139@gmail.com,9879997179,BATCH_27,EC,27EC167
Ishaan Yadav,2006-10-22,FEMALE,ishaan.yadav60@gmail.com,9806813563,BATCH_24,CC,24CC163
Ishaan Babu,2008-07-30,FEMALE,ishaan.babu78@gmail.com,9118820380,BATCH_26,CM,26CM157
Arjun Patel,2008-08-30,MALE,arjunpatel563@gmail.com,9630737225,BATCH_27,EC,27EC168
Varun Joshi,2008-07-19,MALE,varun.joshi@gmail.com,9073723861,BATCH_26,CM,26CM158
Siddharth Devi,2005-10-31,MALE,siddharth.devi@gmail.com,9739716479,BATCH_23,CS,23CS160
Uday Patel,2010-05-31,MALE,uday.patel14@yahoo.com,9530996543,BATCH_27,CS,27CS179
Reyansh Rao,2009-12-12,FEMALE,reyanshrao597@gmail.com,9949305534,BATCH_26,EE,26EE161
Vivaan Devi,2007-03-27,MALE,vivaan_devi@gmail.com,9897409393,BATCH_24,EC,24EC160
Zoya Naidu,2007-08-02,MALE,zoya.naidu@outlook.com,9600999749,BATCH_26,EC,26EC158
Sai Raju,2005-04-25,FEMALE,sai_raju@gmail.com,9418807964,BATCH_23,CC,23CC162
Lakshmi Devi,2009-03-20,FEMALE,lakshmi_devi@gmail.com,9842680928,BATCH_27,CC,27CC158
Karthik Chandra,2004-07-12,MALE,karthikchandra736@yahoo.com,9059529842,BATCH_22,CC,22CC155
Sanya Patel,2009-05-27,FEMALE,sanyapatel609@gmail.com,9027849192,BATCH_26,CD,26CD163
Isha Reddy,2008-07-21,MALE,isha.reddy72@outlook.com,9273752090,BATCH_27,CS,27CS180
Kabir Pillai,2006-10-26,FEMALE,kabir.pillai@gmail.com,9753328409,BATCH_23,CS,23CS161
Uday Pillai,2007-08-25,MALE,uday.pillai@yahoo.com,9331881567,BATCH_25,ME,25ME166
Nikhil Yadav,2005-08-25,FEMALE,nikhilyadav@gmail.com,9272812916,BATCH_23,EC,23EC166
Divya Goud,2005-12-25,FEMALE,divyagoud66@gmail.com,9934674484,BATCH_22,CI,22CI164
Harini Kapoor,2006-12-18,MALE,harini.kapoor81@gmail.com,9123616603,BATCH_23,CI,23CI162
Zoya Kumar,2004-05-07,MALE,zoya.kumar74@gmail.com,9056115272,BATCH_22,ME,22ME160
Dhruv Kapoor,2008-06-21,MALE,dhruv.kapoor77@gmail.com,9573857368,BATCH_25,CI,25CI163
Harini Chowdary,2008-11-21,FEMALE,harinichowdary650@gmail.com,9181433586,BATCH_27,ME,27ME157
Aditya Menon,2005-06-22,FEMALE,aditya.menon22@gmail.com,9511286381,BATCH_23,CC,23CC163
Abhinav Goud,2005-12-17,FEMALE,abhinav.goud3@gmail.com,9094386825,BATCH_23,CC,23CC164
Tanvi Patel,2008-06-09,MALE,tanvipatel143@gmail.com,9654527111,BATCH_25,EE,25EE174
Tarun Naidu,2007-08-17,MALE,tarun.naidu@gmail.com,9339785037,BATCH_25,CC,25CC169
Priya Iyer,2006-11-17,MALE,piyer@gmail.com,9444507654,BATCH_24,CS,24CS173
Tarun Mishra,2007-01-21,FEMALE,tarun_mishra@gmail.com,9664932375,BATCH_25,CM,25CM164
Reyansh Chowdary,2008-08-26,FEMALE,reyanshchowdary985@gmail.com,9527071279,BATCH_26,CM,26CM159
Vivaan Nair,2006-12-03,OTHER,vivaan.nair53@gmail.com,9621188069,BATCH_24,CS,24CS174
Nikhil Verma,2007-09-19,MALE,nikhilverma390@gmail.com,9650394750,BATCH_25,CD,25CD152
Tarun Goud,2008-02-02,FEMALE,tarun_goud@outlook.com,9175556774,BATCH_25,CM,25CM165
Diya Nair,2010-03-23,MALE,diya_nair@gmail.com,9260082283,BATCH_27,CC,27CC159
Siddharth Rani,2009-09-15,FEMALE,siddharth.rani9@gmail.com,9977950146,BATCH_26,CM,26CM160
Arjun Joshi,2008-06-11,FEMALE,arjunjoshi999@gmail.com,9883140035,BATCH_26,CM,26CM161
Chitra Verma,2006-10-03,FEMALE,chitraverma363@gmail.com,9801336138,BATCH_24,ME,24ME161
Reyansh Menon,2005-10-06,FEMALE,reyanshmenon894@gmail.com,9238604201,BATCH_22,CM,22CM173
Lakshmi Menon,2008-07-21,MALE,lmenon@gmail.com,9739211219,BATCH_27,EE,27EE154
Abhinav Nair,2006-09-22,FEMALE,abhinav_nair@outlook.com,9779724792,BATCH_23,EC,23EC167
Aryan Kumar,2004-11-09,FEMALE,aryankumar@gmail.com,9347097512,BATCH_22,CM,22CM174
Vihaan Nair,2006-06-28,FEMALE,vihaan.nair64@outlook.com,9159234665,BATCH_25,EC,25EC173
Vikram Patel,2010-09-30,FEMALE,vikram_patel@hotmail.com,9361088025,BATCH_27,CM,27CM179
Bhavya Yadav,2008-11-02,FEMALE,bhavya.yadav4@gmail.com,9207983381,BATCH_27,ME,27ME158
Divya Menon,2006-01-05,FEMALE,divyamenon483@gmail.com,9922251455,BATCH_23,CC,23CC165
Om Kapoor,2004-09-03,MALE,omkapoor@outlook.com,9861986645,BATCH_22,CS,22CS168
Nikhil Kapoor,2005-10-02,MALE,nikhilkapoor419@yahoo.com,9608822351,BATCH_23,ME,23ME171
Chitra Krishnan,2008-07-16,FEMALE,ckrishnan@gmail.com,9127651492,BATCH_26,EE,26EE162
Yash Rani,2005-03-03,MALE,yrani@gmail.com,9425482718,BATCH_23,EE,23EE163
Jyoti Prasad,2008-08-15,MALE,jyoti_prasad@gmail.com,9246191965,BATCH_25,CS,25CS162
Harini Nair,2010-02-14,MALE,harini.nair@outlook.com,9568540262,BATCH_27,CI,27CI158
Kabir Raju,2006-08-17,FEMALE,kabir.raju@yahoo.com,9693431752,BATCH_23,CS,23CS162
Divya Iyer,2009-12-30,MALE,divyaiyer33@gmail.com,9415076523,BATCH_27,EE,27EE155
Gauri Rani,2008-05-01,FEMALE,gauri.rani35@gmail.com,9578461138,BATCH_26,EE,26EE163
Kavya Mishra,2006-01-28,MALE,kavya.mishra2@gmail.com,9993409600,BATCH_25,CM,25CM166
Tarun Joshi,2007-05-07,MALE,tarunjoshi940@gmail.com,9110812348,BATCH_26,CD,26CD164
Sanya Menon,2004-06-13,FEMALE,sanya.menon73@yahoo.com,9468159576,BATCH_22,ME,22ME161
Sanya Raju,2007-03-05,FEMALE,sanyaraju502@gmail.com,9824404283,BATCH_26,CI,26CI171
Vikram Yadav,2007-08-25,FEMALE,vikramyadav808@gmail.com,9598358947,BATCH_25,EC,25EC174
Ishaan Pandey,2008-01-01,MALE,ishaanpandey@outlook.com,9267199614,BATCH_26,CS,26CS161
Aryan Patel,2008-11-04,FEMALE,aryan_patel@gmail.com,9289821744,BATCH_27,EE,27EE156
Lakshmi Joshi,2007-04-22,OTHER,lakshmi.joshi@gmail.com,9874430818,BATCH_26,CM,26CM162
Rohan Verma,2004-05-26,MALE,rohanverma@gmail.com,9048874696,BATCH_22,CM,22CM175
Sai Raju,2007-04-04,MALE,sairaju@hotmail.com,9046537556,BATCH_25,EE,25EE175
Aryan Verma,2006-03-16,FEMALE,aryan.verma9@gmail.com,9764579389,BATCH_24,EE,24EE172
Ananya Rao,2005-11-08,FEMALE,ananya.rao99@gmail.com,9367857646,BATCH_22,CC,22CC156
Nikhil Pandey,2009-04-14,MALE,npandey@gmail.com,9460749687,BATCH_27,CI,27CI159
Naveen Rao,2008-10-12,MALE,naveenrao@yahoo.com,9306344371,BATCH_25,CM,25CM167
Naveen Prasad,2009-04-04,MALE,naveenprasad@gmail.com,9705498578,BATCH_27,CC,27CC160
Meera Kumar,2009-09-08,FEMALE,meera.kumar24@gmail.com,9545422336,BATCH_26,CI,26CI172
Esha Goud,2009-09-01,MALE,esha.goud20@yahoo.com,9078703301,BATCH_27,CD,27CD162
Isha Devi,2007-01-03,FEMALE,ishadevi@outlook.com,9312438701,BATCH_26,CD,26CD165
Manish Mohan,2008-04-03,FEMALE,mmohan@yahoo.com,9552576150,BATCH_26,CS,26CS162
Pranav Babu,2005-11-10,MALE,pranavbabu@gmail.com,9082456094,BATCH_23,EE,23EE164
Vihaan Singh,2008-01-22,MALE,vihaan.singh@gmail.com,9893956089,BATCH_26,EC,26EC159
Tanvi Chowdary,2009-03-17,MALE,tanvichowdary442@gmail.com,9391932528,BATCH_27,CC,27CC161
Reyansh Kumar,2004-06-14,FEMALE,reyanshkumar83@outlook.com,9116397149,BATCH_22,EC,22EC162
Kabir Mohan,2004-01-08,MALE,kabir.mohan13@gmail.com,9746863864,BATCH_22,CS,22CS169
Lakshmi Singh,2003-08-02,FEMALE,lakshmi.singh39@gmail.com,9039790645,BATCH_22,CM,22CM176
Manish Kapoor,2007-09-18,MALE,manish.kapoor98@gmail.com,9533961938,BATCH_26,CD,26CD166
Tanvi Verma,2004-09-17,MALE,tanvi.verma14@gmail.com,9653469328,BATCH_22,ME,22ME162
Krishna Gupta,2005-06-21,OTHER,krishna.gupta57@gmail.com,9676776195,BATCH_23,CC,23CC166
Rohan Nair,2007-01-15,FEMALE,rohan.nair@gmail.com,9426527428,BATCH_26,CC,26CC159
Yash Mohan,2004-07-08,MALE,yash.mohan61@gmail.com,9289216722,BATCH_23,CS,23CS163
Chitra Reddy,2004-07-09,FEMALE,creddy@yahoo.com,9401726370,BATCH_22,ME,22ME163
Rakesh Gupta,2006-02-18,FEMALE,rakesh.gupta55@gmail.com,9097921583,BATCH_24,EE,24EE173
Om Mishra,2009-07-20,MALE,ommishra539@gmail.com,9360385528,BATCH_27,CI,27CI160
Sanya Mishra,2003-09-04,MALE,sanya.mishra84@hotmail.com,9987811132,BATCH_22,CI,22CI165
Bhavya Devi,2008-04-22,FEMALE,bhavya.devi76@gmail.com,9690034324,BATCH_25,EE,25EE176
Ira Gupta,2009-04-08,MALE,ira.gupta11@gmail.com,9258663702,BATCH_26,CI,26CI173
Tanvi Mishra,2003-02-09,FEMALE,tanvimishra946@gmail.com,9107248351,BATCH_22,EE,22EE168
Sai Yadav,2009-07-31,MALE,sai.yadav10@gmail.com,9592396597,BATCH_27,EC,27EC169
Divya Mohan,2005-06-01,MALE,divya.mohan@outlook.com,9468717490,BATCH_23,CS,23CS164
Arjun Naidu,2009-01-20,MALE,arjunnaidu631@yahoo.com,9619377061,BATCH_27,CD,27CD163
Aditya Joshi,2005-12-01,FEMALE,aditya.joshi17@gmail.com,9591004436,BATCH_23,CC,23CC167
Priya Mishra,2005-12-18,FEMALE,priya.mishra@gmail.com,9321475252,BATCH_22,CD,22CD173
Gauri Raju,2008-06-05,MALE,gauri_raju@outlook.com,9717613798,BATCH_26,CD,26CD167
Isha Pillai,2005-04-17,MALE,ishapillai942@yahoo.com,9511096745,BATCH_23,CC,23CC168
Rohan Singh,2008-11-28,MALE,rohansingh316@gmail.com,9050926000,BATCH_27,CC,27CC162
Nikhil Sharma,2005-12-09,MALE,nikhilsharma@gmail.com,9260248696,BATCH_23,CS,23CS165
Sanjay Gupta,2009-03-26,MALE,sanjay.gupta48@gmail.com,9149290783,BATCH_26,CI,26CI174
Aditya Joshi,2006-11-04,MALE,adityajoshi880@gmail.com,9342330568,BATCH_24,CM,24CM169
Vikram Kapoor,2005-12-31,FEMALE,vikram.kapoor93@gmail.com,9392918819,BATCH_23,EE,23EE165
Vikram Chowdary,2007-05-08,MALE,vikram.chowdary48@gmail.com,9121788881,BATCH_24,CC,24CC164
Riya Kumar,2007-05-24,MALE,riyakumar625@gmail.com,9667856371,BATCH_25,CM,25CM168
Chitra Joshi,2004-12-22,FEMALE,chitra_joshi@gmail.com,9879244940,BATCH_23,CC,23CC169
Pranav Malhotra,2004-04-25,FEMALE,pranavmalhotra@gmail.com,9215285067,BATCH_23,CD,23CD167
Priya Verma,2007-08-14,FEMALE,priyaverma447@gmail.com,9347749678,BATCH_25,ME,25ME167
Siddharth Mohan,2007-11-09,FEMALE,siddharth.mohan@gmail.com,9127997029,BATCH_25,CI,25CI164
Sanya Raju,2006-03-29,FEMALE,sanyaraju681@gmail.com,9182097023,BATCH_23,CD,23CD168
Zoya Devi,2005-06-24,MALE,zoya_devi@gmail.com,9703434917,BATCH_22,CS,22CS170
Nikhil Malhotra,2006-04-11,MALE,nikhilmalhotra700@gmail.com,9022393540,BATCH_23,EE,23EE166
Ananya Rani,2009-09-05,MALE,ananya.rani87@gmail.com,9303820000,BATCH_27,CD,27CD164
Bhavya Mishra,2006-02-15,MALE,bhavya_mishra@gmail.com,9984656316,BATCH_24,CC,24CC165
Ananya Patel,2007-12-09,MALE,ananyapatel@yahoo.com,9134931675,BATCH_26,EE,26EE164
Vikram Patel,2008-04-17,FEMALE,vikrampatel145@gmail.com,9533270289,BATCH_26,CS,26CS163
Yash Menon,2008-02-24,MALE,yashmenon749@gmail.com,9504519678,BATCH_26,CS,26CS164
Sanya Mishra,2006-03-22,MALE,sanyamishra160@gmail.com,9567032718,BATCH_24,CD,24CD172
Jyoti Verma,2008-07-16,FEMALE,jyoti.verma@gmail.com,9271531234,BATCH_25,CI,25CI165
Sanjay Sharma,2008-10-14,MALE,sanjay.sharma57@yahoo.com,9764486764,BATCH_26,ME,26ME153
Rahul Joshi,2007-10-22,FEMALE,rahul.joshi@gmail.com,9055855759,BATCH_26,CC,26CC160
Nisha Pillai,2008-09-01,FEMALE,nisha.pillai73@gmail.com,9451453752,BATCH_26,CM,26CM163
Manish Krishnan,2006-02-28,MALE,manishkrishnan659@gmail.com,9175634406,BATCH_24,EC,24EC161
Aryan Desai,2007-01-23,FEMALE,aryan_desai@yahoo.com,9215442389,BATCH_25,CC,25CC170
Tarun Joshi,2006-08-28,FEMALE,tarun_joshi@outlook.com,9209264652,BATCH_24,EC,24EC162
Kavya Babu,2003-12-28,FEMALE,kavyababu@gmail.com,9410692276,BATCH_22,ME,22ME164
Sanya Verma,2004-07-25,MALE,sanyaverma387@gmail.com,9988649767,BATCH_23,CD,23CD169
Sai Mohan,2003-08-24,MALE,saimohan569@gmail.com,9853395682,BATCH_22,CM,22CM177
Sanjay Menon,2007-08-11,FEMALE,sanjay_menon@gmail.com,9729813940,BATCH_24,CM,24CM170
Aarav Mohan,2008-05-19,FEMALE,aaravmohan175@gmail.com,9615012350,BATCH_26,CS,26CS165
Ishaan Joshi,2008-03-14,FEMALE,ishaan.joshi52@gmail.com,9347851961,BATCH_25,CS,25CS163
Ira Sharma,2007-10-24,FEMALE,irasharma798@gmail.com,9502648016,BATCH_25,CI,25CI166
Rahul Babu,2004-03-03,FEMALE,rahul.babu27@yahoo.com,9283531855,BATCH_22,CM,22CM178
Rahul Iyer,2004-11-26,MALE,rahul.iyer@gmail.com,9730671822,BATCH_22,CC,22CC157
Esha Naidu,2009-07-10,FEMALE,esha.naidu93@gmail.com,9025802894,BATCH_26,EE,26EE165
Vihaan Babu,2007-10-29,MALE,vihaan.babu@gmail.com,9169833179,BATCH_25,CD,25CD153
Reyansh Malhotra,2004-12-28,FEMALE,reyanshmalhotra@outlook.com,9785193583,BATCH_23,CM,23CM171
Aditi Mohan,2007-09-23,FEMALE,aditi.mohan@gmail.com,9330614435,BATCH_25,CD,25CD154
Sanya Kapoor,2004-07-19,OTHER,sanyakapoor385@gmail.com,9218754065,BATCH_23,CS,23CS166
Riya Raju,2007-07-15,FEMALE,riya.raju@gmail.com,9719196993,BATCH_25,CD,25CD155
Uday Gupta,2006-01-11,OTHER,uday_gupta@gmail.com,9432230233,BATCH_25,CI,25CI167
Ananya Naidu,2005-09-08,FEMALE,ananyanaidu33@yahoo.com,9703784679,BATCH_23,CC,23CC170
Rohan Raju,2008-12-06,FEMALE,rohan.raju@yahoo.com,9642569087,BATCH_25,CS,25CS164
Ira Desai,2006-08-27,MALE,iradesai397@outlook.com,9202590947,BATCH_24,ME,24ME162
Nisha Reddy,2008-06-10,FEMALE,nisha.reddy82@gmail.com,9300958403,BATCH_26,EE,26EE166
Bhavya Prasad,2005-12-02,MALE,bhavyaprasad551@outlook.com,9623425289,BATCH_23,CI,23CI163
Zoya Sharma,2005-11-26,MALE,zsharma@gmail.com,9854027723,BATCH_23,CI,23CI164
Vikram Pillai,2008-05-24,MALE,vpillai@outlook.com,9275373732,BATCH_27,ME,27ME159
Arjun Mishra,2004-07-24,MALE,arjunmishra478@gmail.com,9982025420,BATCH_23,ME,23ME172
Priya Malhotra,2006-10-08,MALE,priya.malhotra40@gmail.com,9724308848,BATCH_24,CI,24CI171
Tarun Chandra,2007-01-10,FEMALE,tarun.chandra@gmail.com,9330864148,BATCH_26,CM,26CM164
Karthik Kumar,2007-08-28,MALE,karthik.kumar17@gmail.com,9786341448,BATCH_26,EC,26EC160
Aditi Sharma,2008-05-22,MALE,aditi.sharma59@outlook.com,9555195132,BATCH_26,EE,26EE167
Meera Pandey,2009-05-01,MALE,meera.pandey@gmail.com,9845319807,BATCH_26,ME,26ME154
Vivaan Pandey,2005-12-05,MALE,vivaanpandey546@yahoo.com,9889489789,BATCH_24,CC,24CC166
Kavya Kapoor,2009-07-29,FEMALE,kavya.kapoor24@gmail.com,9939632299,BATCH_27,CD,27CD165
Aditya Prasad,2006-10-03,FEMALE,adityaprasad83@gmail.com,9644491185,BATCH_25,CM,25CM169
Aditi Rao,2005-07-20,MALE,arao@yahoo.com,9303438300,BATCH_22,EC,22EC163
Vikram Malhotra,2007-11-15,MALE,vikram_malhotra@gmail.com,9911838425,BATCH_25,EE,25EE177
Vivaan Krishnan,2009-11-04,FEMALE,vivaankrishnan146@gmail.com,9788331020,BATCH_27,ME,27ME160
Rahul Malhotra,2005-10-17,FEMALE,rahul.malhotra@gmail.com,9358201630,BATCH_22,EC,22EC164
Sanya Verma,2004-04-14,FEMALE,sanya.verma59@gmail.com,9258238687,BATCH_23,CD,23CD170
Rohan Nair,2004-04-27,MALE,rohannair457@gmail.com,9595724493,BATCH_22,CI,22CI166
Kabir Menon,2008-09-09,MALE,kabir.menon97@gmail.com,9917761960,BATCH_26,EC,26EC161
Dhruv Raju,2006-03-24,MALE,dhruv.raju46@gmail.com,9763916949,BATCH_24,EC,24EC163
Kabir Pillai,2007-01-07,MALE,kabir.pillai49@yahoo.com,9695422310,BATCH_26,CD,26CD168
Nisha Pandey,2008-12-18,MALE,nisha.pandey4@gmail.com,9804460819,BATCH_25,CD,25CD156
Ananya Mohan,2007-07-09,MALE,ananyamohan201@gmail.com,9238055257,BATCH_25,CS,25CS165
Sanya Rani,2006-02-12,FEMALE,srani@outlook.com,9048591590,BATCH_25,CM,25CM170
Aditi Malhotra,2007-09-19,MALE,aditi_malhotra@gmail.com,9061990746,BATCH_25,EC,25EC175
Meera Pillai,2008-11-30,MALE,meera_pillai@gmail.com,9116859524,BATCH_25,CM,25CM171
Vikram Chandra,2010-12-28,MALE,vikram.chandra49@yahoo.com,9341137320,BATCH_27,EC,27EC170
Vikram Singh,2006-01-23,MALE,vikram.singh@gmail.com,9900632586,BATCH_23,CC,23CC171
Aditi Chandra,2005-04-05,MALE,aditi.chandra@gmail.com,9149997032,BATCH_23,CC,23CC172
Meera Desai,2004-07-24,MALE,meera.desai@yahoo.com,9496741991,BATCH_22,EC,22EC165
Diya Patel,2003-03-24,FEMALE,diyapatel642@gmail.com,9672800727,BATCH_22,EC,22EC166
Gauri Rani,2007-10-27,MALE,gaurirani407@gmail.com,9478730024,BATCH_25,CS,25CS166
Varun Reddy,2005-05-01,FEMALE,varun.reddy27@yahoo.com,9700968730,BATCH_23,CM,23CM172
Tarun Reddy,2005-10-24,FEMALE,tarun.reddy4@gmail.com,9256297266,BATCH_23,CC,23CC173
Ishaan Chandra,2009-08-19,MALE,ishaan.chandra69@gmail.com,9435095288,BATCH_26,CC,26CC161
Gauri Babu,2003-04-22,MALE,gauri.babu@gmail.com,9210985565,BATCH_22,EE,22EE169
Dhruv Mishra,2004-12-03,FEMALE,dhruv_mishra@gmail.com,9036240896,BATCH_22,ME,22ME165
Lakshmi Yadav,2005-01-21,FEMALE,lakshmiyadav700@gmail.com,9981149001,BATCH_23,CI,23CI165
Reyansh Sharma,2006-11-26,FEMALE,rsharma@outlook.com,9826096007,BATCH_24,CC,24CC167
Tanvi Menon,2004-05-15,FEMALE,tanvi_menon@gmail.com,9723661176,BATCH_22,EE,22EE170
Krishna Raju,2004-05-12,MALE,krishnaraju765@gmail.com,9804677933,BATCH_22,CS,22CS171
Dhruv Devi,2009-10-26,FEMALE,dhruv.devi83@gmail.com,9346502758,BATCH_26,CM,26CM165
Gauri Nair,2005-03-19,FEMALE,gaurinair338@outlook.com,9786263141,BATCH_22,CS,22CS172
Dhruv Pandey,2005-08-11,FEMALE,dhruv_pandey@gmail.com,9416382511,BATCH_24,CD,24CD173
Vikram Sharma,2008-07-15,OTHER,vikramsharma960@gmail.com,9756770028,BATCH_25,CS,25CS167
Abhinav Verma,2006-05-06,FEMALE,abhinavverma@gmail.com,9265234655,BATCH_24,CD,24CD174
Gauri Naidu,2005-03-03,MALE,gauri.naidu21@gmail.com,9940334977,BATCH_24,CC,24CC168
Dhruv Chowdary,2005-08-14,MALE,dhruvchowdary21@gmail.com,9679279054,BATCH_23,CI,23CI166
Sanjay Rani,2006-06-16,FEMALE,sanjay.rani90@gmail.com,9458661824,BATCH_23,CC,23CC174
Meera Babu,2004-11-02,FEMALE,meera.babu62@gmail.com,9378954047,BATCH_22,EE,22EE171
Sai Prasad,2009-06-22,MALE,saiprasad810@gmail.com,9667390607,BATCH_27,ME,27ME161
Esha Naidu,2006-08-23,MALE,eshanaidu489@gmail.com,9147859696,BATCH_24,ME,24ME163
Riya Mohan,2005-02-17,FEMALE,riya_mohan@gmail.com,9745033571,BATCH_23,ME,23ME173
Priya Chandra,2008-03-02,MALE,priya.chandra18@gmail.com,9421472380,BATCH_26,CI,26CI175
Harini Pandey,2007-12-07,FEMALE,harini.pandey36@gmail.com,9246872203,BATCH_25,CD,25CD157
Isha Yadav,2005-01-23,MALE,ishayadav365@yahoo.com,9160993247,BATCH_23,CC,23CC175
Uday Goud,2004-08-11,FEMALE,udaygoud635@yahoo.com,9521634878,BATCH_22,CS,22CS173
Karthik Joshi,2009-07-25,MALE,karthik.joshi@gmail.com,9303356369,BATCH_26,CC,26CC162
Manish Patel,2008-08-12,MALE,mpatel@gmail.com,9681389102,BATCH_27,CD,27CD166
Lakshmi Kapoor,2007-04-30,MALE,lakshmi.kapoor91@outlook.com,9625378630,BATCH_25,CC,25CC171
Aryan Nair,2010-07-29,MALE,aryannair@outlook.com,9383264897,BATCH_27,CC,27CC163
Esha Sharma,2010-02-02,FEMALE,esha.sharma22@outlook.com,9826062011,BATCH_27,CD,27CD167
Tarun Pandey,2005-08-11,MALE,tarun_pandey@hotmail.com,9738960003,BATCH_23,CS,23CS167
Jyoti Kapoor,2006-02-12,MALE,jyoti.kapoor23@gmail.com,9218024051,BATCH_24,CM,24CM171
Arjun Kapoor,2006-03-17,MALE,arjunkapoor313@gmail.com,9124998569,BATCH_25,EE,25EE178
Ishaan Desai,2005-05-06,MALE,ishaandesai936@gmail.com,9541572397,BATCH_24,CC,24CC169
Kabir Joshi,2003-02-27,MALE,kabirjoshi588@gmail.com,9472373564,BATCH_22,EC,22EC167
Dhruv Nair,2004-04-26,FEMALE,dnair@outlook.com,9310747603,BATCH_22,CS,22CS174
Ananya Goud,2004-06-15,FEMALE,ananya.goud75@gmail.com,9229425251,BATCH_23,EC,23EC168
Isha Chandra,2006-12-01,FEMALE,ishachandra@gmail.com,9793763928,BATCH_24,EE,24EE174
Gauri Singh,2009-01-28,FEMALE,gauri.singh2@gmail.com,9146023535,BATCH_26,CS,26CS166
Rahul Rao,2008-03-04,MALE,rahulrao@hotmail.com,9859212684,BATCH_26,CC,26CC163
Vikram Kumar,2004-03-21,MALE,vikramkumar@gmail.com,9295217970,BATCH_22,CC,22CC158
Rakesh Naidu,2008-06-18,MALE,rakesh.naidu16@gmail.com,9587700623,BATCH_27,CC,27CC164
Bhavya Malhotra,2007-07-22,MALE,bhavya_malhotra@gmail.com,9942616664,BATCH_24,CD,24CD175
Vihaan Pandey,2005-02-08,MALE,vihaanpandey869@gmail.com,9160201221,BATCH_23,EE,23EE167
Rakesh Malhotra,2008-11-08,FEMALE,rakeshmalhotra@outlook.com,9120111628,BATCH_27,EE,27EE157
Dhruv Krishnan,2004-06-21,MALE,dhruvkrishnan303@gmail.com,9786718153,BATCH_23,CM,23CM173
Rahul Kapoor,2004-07-03,FEMALE,rahul.kapoor65@yahoo.com,9907009740,BATCH_23,EE,23EE168
Jyoti Verma,2004-10-16,FEMALE,jyotiverma697@outlook.com,9728824635,BATCH_22,EE,22EE172
Riya Nair,2007-08-04,MALE,riya.nair@outlook.com,9801922716,BATCH_26,EC,26EC162
Ananya Devi,2008-05-19,MALE,ananyadevi751@gmail.com,9725604678,BATCH_26,CM,26CM166
Ira Gupta,2006-11-13,MALE,ira.gupta@gmail.com,9249912513,BATCH_24,ME,24ME164
Rakesh Nair,2005-08-14,MALE,rakeshnair72@gmail.com,9320430977,BATCH_23,CM,23CM174
Nikhil Goud,2008-03-18,FEMALE,nikhilgoud331@yahoo.com,9428234429,BATCH_26,CI,26CI176
Karthik Goud,2007-03-06,MALE,kgoud@outlook.com,9486898322,BATCH_25,CM,25CM172
Nisha Pillai,2008-09-01,FEMALE,nisha.pillai33@outlook.com,9862430146,BATCH_26,CM,26CM167
Aryan Pillai,2004-09-04,MALE,aryan.pillai@outlook.com,9162834754,BATCH_23,CI,23CI167
Jyoti Desai,2006-04-22,MALE,jyotidesai@yahoo.com,9319422686,BATCH_24,EE,24EE175
Sanjay Kumar,2005-10-31,MALE,sanjaykumar125@gmail.com,9221911429,BATCH_23,CC,23CC176
Vihaan Iyer,2007-03-14,MALE,vihaaniyer613@gmail.com,9781575849,BATCH_26,EE,26EE168
Aryan Chowdary,2007-11-25,FEMALE,aryan.chowdary30@gmail.com,9329089841,BATCH_24,CM,24CM172
Priya Singh,2007-09-16,FEMALE,priyasingh@gmail.com,9470710855,BATCH_24,CM,24CM173
Vivaan Rao,2005-03-06,FEMALE,vivaan.rao99@gmail.com,9117384962,BATCH_23,EE,23EE169
Yash Prasad,2007-05-27,MALE,yprasad@gmail.com,9726490827,BATCH_25,CS,25CS168
Siddharth Raju,2005-12-08,FEMALE,siddharthraju48@gmail.com,9451017397,BATCH_23,CM,23CM175
Aarav Naidu,2003-08-09,MALE,aarav_naidu@gmail.com,9634209536,BATCH_22,CC,22CC159
Rakesh Devi,2005-03-13,OTHER,rakesh.devi75@outlook.com,9748073046,BATCH_23,ME,23ME174
Varun Nair,2004-05-17,MALE,varunnair937@gmail.com,9162558081,BATCH_22,CD,22CD174
Nisha Goud,2005-04-21,OTHER,nishagoud@hotmail.com,9390296514,BATCH_23,ME,23ME175
Naveen Mohan,2003-05-01,FEMALE,naveenmohan@yahoo.com,9804169937,BATCH_22,CI,22CI167
Ananya Kumar,2004-06-30,MALE,ananya.kumar@gmail.com,9588599189,BATCH_22,CS,22CS175
Rohan Patel,2009-07-28,FEMALE,rohanpatel66@gmail.com,9292669236,BATCH_27,ME,27ME162
Siddharth Goud,2006-04-13,FEMALE,siddharth.goud@gmail.com,9699951679,BATCH_25,CI,25CI168
Aditi Mishra,2006-06-23,MALE,aditi.mishra18@gmail.com,9513138436,BATCH_25,CC,25CC172
Tarun Desai,2009-02-23,MALE,tarun.desai@gmail.com,9676718776,BATCH_26,CC,26CC164
Yash Babu,2005-01-18,MALE,yashbabu@yahoo.com,9628647923,BATCH_22,EE,22EE173
Gauri Devi,2004-05-08,MALE,gdevi@gmail.com,9345243680,BATCH_22,CI,22CI168
Lakshmi Raju,2006-12-17,OTHER,lraju@outlook.com,9647725129,BATCH_23,CM,23CM176
Om Raju,2004-03-11,MALE,om_raju@gmail.com,9883222747,BATCH_22,ME,22ME166
Tanvi Gupta,2005-06-30,OTHER,tanvigupta97@gmail.com,9700168451,BATCH_24,CI,24CI172
Vikram Yadav,2008-03-11,OTHER,vikramyadav298@gmail.com,9118148506,BATCH_27,EE,27EE158
Chitra Rani,2007-03-13,MALE,crani@outlook.com,9913322760,BATCH_24,CS,24CS175
Meera Goud,2007-04-26,FEMALE,mgoud@hotmail.com,9894726970,BATCH_25,CC,25CC173
Karthik Mishra,2010-12-16,OTHER,karthikmishra377@gmail.com,9822047301,BATCH_27,CD,27CD168
Manish Nair,2009-12-03,FEMALE,manishnair360@gmail.com,9996433853,BATCH_26,ME,26ME155
Harini Iyer,2006-09-20,FEMALE,harini.iyer9@gmail.com,9788443448,BATCH_23,CD,23CD171
Manish Chowdary,2009-03-03,FEMALE,manishchowdary628@hotmail.com,9883955701,BATCH_27,CD,27CD169
Lakshmi Raju,2007-12-02,MALE,lakshmi_raju@gmail.com,9028795083,BATCH_24,EE,24EE176
Naveen Chandra,2004-03-12,FEMALE,naveen.chandra@gmail.com,9495806953,BATCH_22,CI,22CI169
Sai Patel,2007-12-25,FEMALE,sai_patel@outlook.com,9877645808,BATCH_24,CD,24CD176
Diya Patel,2004-10-21,MALE,diyapatel138@gmail.com,9476469145,BATCH_22,CS,22CS176
Dhruv Joshi,2009-04-27,OTHER,dhruv.joshi@gmail.com,9172749631,BATCH_27,ME,27ME163
Dhruv Babu,2008-07-17,MALE,dhruv.babu10@gmail.com,9795383779,BATCH_26,EE,26EE169
Gauri Desai,2006-02-20,FEMALE,gauridesai186@gmail.com,9203471754,BATCH_24,ME,24ME165
Varun Pandey,2007-04-18,MALE,varun.pandey23@gmail.com,9641547155,BATCH_25,CI,25CI169
Sanya Mohan,2005-04-13,FEMALE,sanyamohan444@gmail.com,9023467912,BATCH_23,CD,23CD172
Sanya Mohan,2004-06-09,FEMALE,sanyamohan@gmail.com,9466289735,BATCH_22,EC,22EC168
Bhavya Singh,2009-09-02,FEMALE,bhavyasingh@yahoo.com,9020426201,BATCH_26,ME,26ME156
Kavya Prasad,2008-12-20,FEMALE,kavyaprasad96@gmail.com,9868354737,BATCH_27,ME,27ME164
Ananya Desai,2006-03-11,FEMALE,ananyadesai641@gmail.com,9932276973,BATCH_24,CC,24CC170
Karthik Joshi,2009-11-30,MALE,karthik.joshi@yahoo.com,9718624475,BATCH_27,CC,27CC165
Krishna Nair,2003-07-22,FEMALE,krishna_nair@outlook.com,9118394975,BATCH_22,CD,22CD175
Riya Yadav,2008-08-02,MALE,riya_yadav@gmail.com,9112869222,BATCH_27,CS,27CS181
Kavya Reddy,2008-02-25,FEMALE,kavyareddy690@gmail.com,9152610537,BATCH_26,ME,26ME157
Priya Mishra,2006-06-17,MALE,priyamishra@yahoo.com,9592214632,BATCH_24,CM,24CM174
Varun Verma,2005-11-08,FEMALE,varunverma691@gmail.com,9841673478,BATCH_23,EC,23EC169
Pranav Pandey,2005-11-23,FEMALE,pranavpandey@gmail.com,9009561488,BATCH_23,CS,23CS168
Ira Kumar,2008-11-05,FEMALE,irakumar380@gmail.com,9739889413,BATCH_26,ME,26ME158
Karthik Pillai,2008-12-07,FEMALE,karthik.pillai@gmail.com,9722329716,BATCH_25,CS,25CS169
Uday Rao,2007-04-01,MALE,udayrao832@gmail.com,9672885744,BATCH_24,ME,24ME166
Siddharth Singh,2008-06-20,FEMALE,siddharthsingh@gmail.com,9913720677,BATCH_26,EC,26EC163
Aryan Devi,2006-01-06,FEMALE,aryan.devi44@gmail.com,9052513627,BATCH_24,CS,24CS176
Divya Gupta,2006-04-02,FEMALE,divyagupta841@gmail.com,9460639818,BATCH_24,CS,24CS177
Siddharth Chowdary,2008-10-18,FEMALE,siddharthchowdary998@outlook.com,9551611339,BATCH_26,CM,26CM168
Jyoti Iyer,2009-07-22,MALE,jyotiiyer827@gmail.com,9325031392,BATCH_26,CC,26CC165
Dhruv Desai,2008-12-08,FEMALE,dhruv.desai78@hotmail.com,9176464489,BATCH_25,CI,25CI170
Jyoti Babu,2006-12-06,FEMALE,jyotibabu255@outlook.com,9872191630,BATCH_24,CC,24CC171
Aditi Gupta,2006-02-09,MALE,aditi.gupta78@gmail.com,9626922255,BATCH_24,CM,24CM175
Aditi Sharma,2010-08-08,FEMALE,aditisharma331@gmail.com,9323998877,BATCH_27,CI,27CI161
Siddharth Kapoor,2007-01-21,MALE,siddharth.kapoor@gmail.com,9970209790,BATCH_26,CS,26CS167
Riya Sharma,2008-01-23,MALE,riyasharma822@gmail.com,9092449287,BATCH_26,CC,26CC166
Meera Naidu,2006-06-23,MALE,meeranaidu39@gmail.com,9381447443,BATCH_23,CD,23CD173
Manish Joshi,2009-11-24,MALE,manishjoshi@yahoo.com,9433508511,BATCH_27,CD,27CD170
Om Devi,2007-03-02,FEMALE,omdevi218@gmail.com,9401401193,BATCH_25,CS,25CS170
Karthik Desai,2007-10-11,MALE,karthikdesai387@gmail.com,9889921075,BATCH_25,CS,25CS171
Nikhil Singh,2003-02-18,MALE,nikhilsingh461@hotmail.com,9071072645,BATCH_22,CM,22CM179
Rahul Chowdary,2005-04-26,MALE,rahul.chowdary75@gmail.com,9442252160,BATCH_23,EC,23EC170
Aditya Sharma,2006-06-30,MALE,aditya.sharma90@gmail.com,9464533479,BATCH_24,CD,24CD177
Bhavya Iyer,2005-02-16,MALE,bhavya.iyer83@yahoo.com,9530293336,BATCH_24,EC,24EC164
Diya Yadav,2006-06-13,MALE,diya_yadav@gmail.com,9215704331,BATCH_24,ME,24ME167
Riya Verma,2008-07-20,MALE,riya.verma@gmail.com,9280812268,BATCH_26,CC,26CC167
Yash Chowdary,2007-12-21,FEMALE,yashchowdary818@hotmail.com,9232487632,BATCH_25,CS,25CS172
Rohan Devi,2008-11-10,MALE,rohan.devi92@gmail.com,9868184397,BATCH_27,CC,27CC166
Sanjay Rani,2003-03-15,MALE,sanjay.rani51@gmail.com,9523815474,BATCH_22,CS,22CS177
Diya Krishnan,2004-05-15,OTHER,diyakrishnan1@gmail.com,9916161266,BATCH_22,CM,22CM180
Naveen Chowdary,2004-11-06,FEMALE,naveen.chowdary@yahoo.com,9461257981,BATCH_22,CS,22CS178
Manish Joshi,2005-09-30,FEMALE,manish_joshi@gmail.com,9910087292,BATCH_23,CS,23CS169
Ananya Nair,2006-05-22,FEMALE,ananyanair700@gmail.com,9525777547,BATCH_24,ME,24ME168
Yash Krishnan,2008-06-12,FEMALE,yashkrishnan590@outlook.com,9632770361,BATCH_26,CI,26CI177
Krishna Chowdary,2008-04-12,FEMALE,krishna.chowdary@gmail.com,9942418504,BATCH_27,CD,27CD171
Manish Reddy,2004-06-17,MALE,mreddy@gmail.com,9651851663,BATCH_23,CI,23CI168
Tarun Naidu,2007-06-04,MALE,tarunnaidu497@gmail.com,9522759426,BATCH_25,ME,25ME168
Nikhil Menon,2005-01-31,MALE,nikhilmenon852@gmail.com,9426854460,BATCH_24,CI,24CI173
Sanya Chandra,2009-11-15,FEMALE,sanya.chandra43@gmail.com,9944725121,BATCH_27,EE,27EE159
Vihaan Mishra,2006-02-18,MALE,vihaanmishra@gmail.com,9041109792,BATCH_25,CC,25CC174
Ananya Rao,2008-04-01,FEMALE,ananyarao880@gmail.com,9570267218,BATCH_27,CD,27CD172
Isha Gupta,2007-08-24,MALE,isha.gupta91@gmail.com,9108165359,BATCH_24,CS,24CS178
Ishaan Devi,2008-01-02,FEMALE,ishaan_devi@yahoo.com,9062381839,BATCH_26,EC,26EC164
Rahul Singh,2004-01-18,MALE,rahul.singh10@gmail.com,9503374698,BATCH_22,CC,22CC160
Kabir Reddy,2004-06-20,FEMALE,kreddy@yahoo.com,9741424873,BATCH_22,EC,22EC169
Pranav Mohan,2006-01-20,MALE,pranav.mohan32@gmail.com,9141280447,BATCH_24,CD,24CD178
Divya Sharma,2004-07-10,FEMALE,divya.sharma7@outlook.com,9096085874,BATCH_23,CM,23CM177
Esha Desai,2007-07-11,FEMALE,edesai@gmail.com,9973642480,BATCH_24,EE,24EE177
Kabir Menon,2005-10-10,MALE,kabir.menon@outlook.com,9109794122,BATCH_23,EC,23EC171
Lakshmi Reddy,2009-05-14,FEMALE,lakshmireddy450@outlook.com,9508146470,BATCH_27,CM,27CM180
Diya Chowdary,2006-09-28,MALE,diyachowdary342@gmail.com,9564111824,BATCH_23,CD,23CD174
Varun Sharma,2008-08-24,MALE,varunsharma778@gmail.com,9213661592,BATCH_26,CI,26CI178
Pranav Singh,2009-01-29,FEMALE,psingh@outlook.com,9927051417,BATCH_27,CS,27CS182
Ira Malhotra,2005-07-24,FEMALE,ira.malhotra45@gmail.com,9877541184,BATCH_22,CD,22CD176
Priya Rani,2003-11-11,MALE,priyarani@yahoo.com,9683355707,BATCH_22,CC,22CC161
Vikram Sharma,2009-12-03,FEMALE,vikram.sharma54@gmail.com,9642597205,BATCH_27,CC,27CC167
Varun Joshi,2010-10-13,MALE,varun_joshi@gmail.com,9004501531,BATCH_27,CM,27CM181
Kavya Kapoor,2004-12-04,FEMALE,kavya.kapoor77@gmail.com,9024912469,BATCH_22,CD,22CD177
Om Kapoor,2007-01-27,FEMALE,okapoor@gmail.com,9165712082,BATCH_25,EE,25EE179
Sai Reddy,2007-11-20,FEMALE,sai.reddy@yahoo.com,9264913597,BATCH_24,CI,24CI174
Nisha Chowdary,2009-07-30,MALE,nishachowdary@gmail.com,9246302578,BATCH_27,ME,27ME165
Sai Raju,2007-11-29,FEMALE,sai.raju48@gmail.com,9127761518,BATCH_26,EC,26EC165
Sanjay Devi,2006-07-27,MALE,sanjay.devi@gmail.com,9727857302,BATCH_24,CS,24CS179
Pranav Pandey,2007-08-12,OTHER,pranav.pandey@gmail.com,9863644498,BATCH_25,ME,25ME169
Aditya Patel,2009-10-13,FEMALE,aditya_patel@outlook.com,9252292546,BATCH_27,CI,27CI162
Harini Naidu,2005-09-13,FEMALE,hnaidu@gmail.com,9984197102,BATCH_22,ME,22ME167
Esha Pillai,2008-12-19,FEMALE,esha.pillai18@gmail.com,9260682287,BATCH_26,CS,26CS168
Divya Naidu,2008-08-25,MALE,divyanaidu714@gmail.com,9092071152,BATCH_26,ME,26ME159
Karthik Naidu,2010-05-22,FEMALE,karthiknaidu937@gmail.com,9711856306,BATCH_27,EE,27EE160
Diya Mishra,2007-10-12,FEMALE,diya.mishra64@gmail.com,9875921299,BATCH_26,ME,26ME160
Aditi Rani,2005-09-12,MALE,aditi_rani@hotmail.com,9002100580,BATCH_23,CS,23CS170
Esha Chowdary,2008-08-21,MALE,eshachowdary246@gmail.com,9777747142,BATCH_27,CS,27CS183
Zoya Mohan,2004-01-23,FEMALE,zoya_mohan@yahoo.com,9608548186,BATCH_23,EC,23EC172
Karthik Babu,2005-03-15,FEMALE,karthik.babu58@outlook.com,9978552964,BATCH_22,CD,22CD178
Aarav Joshi,2008-06-10,FEMALE,aaravjoshi@yahoo.com,9657758097,BATCH_26,ME,26ME161
Priya Pandey,2009-11-29,MALE,priyapandey430@gmail.com,9679754053,BATCH_27,CS,27CS184
Jyoti Reddy,2005-09-20,FEMALE,jyotireddy@gmail.com,9235130523,BATCH_24,EE,24EE178
Vivaan Krishnan,2008-12-20,FEMALE,vivaan.krishnan62@gmail.com,9839739527,BATCH_27,EE,27EE161
Aryan Pillai,2007-07-15,MALE,aryan.pillai40@gmail.com,9221559637,BATCH_25,CD,25CD158
Reyansh Chandra,2007-02-04,MALE,reyansh.chandra@gmail.com,9920849653,BATCH_25,CM,25CM173
Rahul Joshi,2003-12-16,MALE,rahuljoshi@gmail.com,9348308637,BATCH_22,EE,22EE174
Arjun Rao,2007-10-16,MALE,arjunrao61@gmail.com,9481001123,BATCH_25,ME,25ME170
Varun Chandra,2005-03-23,MALE,varunchandra659@gmail.com,9394535461,BATCH_23,CM,23CM178
Sanjay Chandra,2008-08-01,FEMALE,sanjay.chandra95@outlook.com,9711207545,BATCH_25,CS,25CS173
Vihaan Nair,2006-02-22,MALE,vihaannair744@gmail.com,9571619546,BATCH_24,CS,24CS180
Varun Prasad,2008-06-01,MALE,varunprasad298@gmail.com,9023055412,BATCH_26,CD,26CD169
Isha Goud,2006-09-05,MALE,isha.goud43@hotmail.com,9796304483,BATCH_24,EE,24EE179
Nikhil Kumar,2006-12-29,FEMALE,nikhilkumar@gmail.com,9005684172,BATCH_24,EC,24EC165
Dhruv Krishnan,2003-06-07,MALE,dhruv.krishnan87@outlook.com,9574941251,BATCH_22,CM,22CM181
Rohan Joshi,2009-01-18,MALE,rohan.joshi5@gmail.com,9215262076,BATCH_27,EC,27EC171
Varun Desai,2008-12-03,FEMALE,varundesai@gmail.com,9405602018,BATCH_26,EE,26EE170
Nisha Reddy,2008-03-20,MALE,nreddy@yahoo.com,9174470749,BATCH_27,CD,27CD173
Dhruv Mohan,2007-01-09,FEMALE,dhruv.mohan@gmail.com,9548495165,BATCH_25,CD,25CD159
Divya Verma,2005-05-28,FEMALE,divyaverma613@gmail.com,9792216009,BATCH_22,CM,22CM182
Bhavya Babu,2008-07-24,FEMALE,bhavyababu409@gmail.com,9315922912,BATCH_26,CC,26CC168
Pranav Rao,2007-08-08,FEMALE,pranavrao@gmail.com,9037790542,BATCH_26,CI,26CI179
Isha Rani,2006-07-02,MALE,isha_rani@yahoo.com,9208983187,BATCH_23,CC,23CC177
Harini Chandra,2009-10-06,FEMALE,harini.chandra10@gmail.com,9359301684,BATCH_27,CD,27CD174
Reyansh Reddy,2004-05-11,MALE,reyansh.reddy12@gmail.com,9720207955,BATCH_22,ME,22ME168
Gauri Goud,2009-04-05,FEMALE,ggoud@gmail.com,9076049783,BATCH_27,CS,27CS185
Naveen Devi,2006-12-03,MALE,naveen.devi75@gmail.com,9355669633,BATCH_23,CC,23CC178
Siddharth Gupta,2007-01-28,MALE,siddharthgupta561@gmail.com,9941010276,BATCH_25,CD,25CD160
Vihaan Rao,2005-02-21,MALE,vihaan_rao@gmail.com,9626969672,BATCH_24,EC,24EC166
Kabir Krishnan,2006-08-01,MALE,kabirkrishnan601@gmail.com,9048736826,BATCH_24,EE,24EE180
Kabir Goud,2010-12-03,MALE,kabirgoud@gmail.com,9209459691,BATCH_27,CI,27CI163
Aarav Kapoor,2006-09-25,FEMALE,aarav.kapoor@yahoo.com,9650863765,BATCH_24,ME,24ME169
Vihaan Iyer,2009-02-03,FEMALE,vihaaniyer@yahoo.com,9346508656,BATCH_27,CI,27CI164
Ananya Mohan,2005-01-13,MALE,ananya_mohan@gmail.com,9620952795,BATCH_24,CS,24CS181
Krishna Reddy,2006-10-07,FEMALE,krishnareddy697@gmail.com,9725407748,BATCH_24,CC,24CC172
Nikhil Naidu,2010-06-18,FEMALE,nikhilnaidu@gmail.com,9529742866,BATCH_27,EE,27EE162
Tarun Rani,2006-05-29,MALE,tarun.rani@gmail.com,9459914521,BATCH_25,CM,25CM174
Siddharth Reddy,2006-03-31,FEMALE,siddharth.reddy12@gmail.com,9927524372,BATCH_25,CS,25CS174
Aditi Pandey,2004-05-07,FEMALE,aditi_pandey@gmail.com,9902262473,BATCH_22,EC,22EC170
Meera Mishra,2005-05-31,MALE,meeramishra219@gmail.com,9418776896,BATCH_24,EC,24EC167
Priya Gupta,2008-01-07,MALE,priya.gupta12@gmail.com,9799216457,BATCH_26,CM,26CM169
Diya Reddy,2005-11-11,FEMALE,diyareddy@yahoo.com,9187594626,BATCH_23,CI,23CI169
Naveen Devi,2005-03-20,FEMALE,naveen.devi@gmail.com,9952496726,BATCH_23,CS,23CS171
Lakshmi Kumar,2005-01-11,MALE,lakshmi.kumar@gmail.com,9061558108,BATCH_24,EE,24EE181
Rohan Chandra,2003-09-23,MALE,rohanchandra895@gmail.com,9159061929,BATCH_22,CI,22CI170
Zoya Singh,2009-06-01,FEMALE,zoyasingh859@gmail.com,9492095455,BATCH_27,ME,27ME166
Kavya Reddy,2009-08-06,FEMALE,kavya.reddy88@outlook.com,9272974127,BATCH_26,CD,26CD170
Rakesh Sharma,2008-11-02,FEMALE,rakesh_sharma@gmail.com,9251999452,BATCH_26,ME,26ME162
Rakesh Babu,2006-07-19,FEMALE,rakeshbabu@gmail.com,9012796114,BATCH_24,ME,24ME170
Kavya Babu,2005-02-21,MALE,kbabu@outlook.com,9749938379,BATCH_22,CI,22CI171
Sanya Rao,2005-01-09,MALE,sanyarao364@gmail.com,9732723420,BATCH_22,ME,22ME169
Rohan Chandra,2005-10-27,FEMALE,rohan.chandra35@gmail.com,9335158807,BATCH_23,EC,23EC173
Sanjay Iyer,2004-11-23,FEMALE,sanjay.iyer@yahoo.com,9900631403,BATCH_23,CM,23CM179
Varun Chandra,2005-04-01,MALE,varunchandra959@gmail.com,9997968845,BATCH_24,ME,24ME171
Vivaan Desai,2009-02-24,MALE,vivaandesai@yahoo.com,9956773188,BATCH_26,CD,26CD171
Dhruv Reddy,2008-01-12,FEMALE,dhruvreddy564@gmail.com,9681484991,BATCH_26,CS,26CS169
Nikhil Kumar,2006-02-13,MALE,nikhilkumar827@gmail.com,9727279732,BATCH_23,CC,23CC179
Zoya Chandra,2009-01-27,FEMALE,zoya_chandra@gmail.com,9972459552,BATCH_26,CD,26CD172
Lakshmi Malhotra,2006-12-22,MALE,lakshmi.malhotra@yahoo.com,9907372291,BATCH_25,CM,25CM175
Nisha Goud,2008-09-08,MALE,nisha_goud@outlook.com,9331342414,BATCH_26,CS,26CS170
Sai Mohan,2006-05-30,MALE,sai.mohan67@gmail.com,9043842797,BATCH_24,ME,24ME172
Aarav Babu,2008-08-12,FEMALE,aaravbabu636@gmail.com,9099873170,BATCH_25,EC,25EC176
Manish Mohan,2008-08-12,FEMALE,manishmohan602@gmail.com,9023175081,BATCH_26,CI,26CI180
Vihaan Patel,2009-12-05,FEMALE,vihaanpatel94@yahoo.com,9490359341,BATCH_27,CI,27CI165
Aditya Goud,2010-08-05,MALE,aditya.goud@outlook.com,9938473810,BATCH_27,EC,27EC172
Yash Desai,2006-01-16,MALE,yash.desai69@hotmail.com,9577614069,BATCH_24,CC,24CC173
Isha Rao,2008-01-30,MALE,isharao721@gmail.com,9406325295,BATCH_26,EE,26EE171
Nikhil Desai,2007-02-28,FEMALE,nikhildesai@hotmail.com,9828560539,BATCH_25,CI,25CI171
Gauri Pillai,2008-07-22,MALE,gauri_pillai@gmail.com,9631138850,BATCH_26,ME,26ME163
Rakesh Babu,2007-08-10,FEMALE,rakesh.babu@gmail.com,9516800472,BATCH_24,CC,24CC174
Kabir Rao,2006-01-29,FEMALE,kabir.rao@outlook.com,9211686602,BATCH_24,EC,24EC168
Pranav Pandey,2007-03-16,FEMALE,pranav.pandey66@gmail.com,9419962642,BATCH_26,ME,26ME164
Arjun Goud,2006-12-19,FEMALE,arjun.goud@outlook.com,9959627423,BATCH_24,CS,24CS182
Naveen Naidu,2008-03-28,FEMALE,naveennaidu@gmail.com,9568578843,BATCH_26,EE,26EE172
Arjun Reddy,2007-09-24,FEMALE,arjun.reddy@gmail.com,9569557988,BATCH_25,CS,25CS175
Ira Verma,2008-11-15,FEMALE,ira.verma@hotmail.com,9070547360,BATCH_26,CC,26CC169
Uday Mishra,2006-08-31,MALE,uday.mishra40@gmail.com,9645208814,BATCH_24,ME,24ME173
Pranav Joshi,2007-06-18,MALE,pranav.joshi@gmail.com,9862185311,BATCH_26,CM,26CM170
Siddharth Babu,2006-08-26,MALE,siddharth.babu79@outlook.com,9623802670,BATCH_24,CC,24CC175
Gauri Reddy,2004-03-06,MALE,gauri_reddy@gmail.com,9407553666,BATCH_23,CD,23CD175
Aditya Naidu,2008-07-25,FEMALE,aditya.naidu53@gmail.com,9875670718,BATCH_25,CD,25CD161
Gauri Chandra,2008-10-28,MALE,gaurichandra334@gmail.com,9800246141,BATCH_26,EE,26EE173
Arjun Patel,2004-12-19,FEMALE,arjunpatel612@yahoo.com,9040492224,BATCH_22,CD,22CD179
Aryan Patel,2006-09-20,FEMALE,aryanpatel962@gmail.com,9575391691,BATCH_24,CS,24CS183
Nisha Mohan,2006-09-16,MALE,nisha_mohan@outlook.com,9244649566,BATCH_23,EE,23EE170
Gauri Nair,2007-05-08,FEMALE,gauri.nair@gmail.com,9721885666,BATCH_25,CI,25CI172
Harini Yadav,2007-10-10,FEMALE,harini.yadav@outlook.com,9923710449,BATCH_24,EC,24EC169
Dhruv Chowdary,2005-05-07,MALE,dhruv.chowdary14@gmail.com,9610515134,BATCH_23,CI,23CI170
Yash Malhotra,2006-07-05,MALE,yashmalhotra707@hotmail.com,9375137651,BATCH_24,EE,24EE182
Naveen Yadav,2004-07-22,MALE,naveenyadav917@gmail.com,9096484745,BATCH_22,CM,22CM183
Vivaan Yadav,2003-12-14,FEMALE,vivaan.yadav21@gmail.com,9820028443,BATCH_22,ME,22ME170
Jyoti Yadav,2005-02-03,MALE,jyotiyadav845@gmail.com,9313521485,BATCH_23,EE,23EE171
Jyoti Kumar,2009-06-17,FEMALE,jyoti.kumar@outlook.com,9512637007,BATCH_27,CI,27CI166
Aditya Naidu,2006-10-29,FEMALE,aditya.naidu64@gmail.com,9425016575,BATCH_24,CD,24CD179
Sanya Kapoor,2008-05-14,MALE,sanyakapoor856@gmail.com,9304350238,BATCH_26,ME,26ME165
Karthik Krishnan,2009-06-24,OTHER,karthikkrishnan@gmail.com,9128589130,BATCH_27,EE,27EE163
Aarav Sharma,2005-04-19,FEMALE,aarav_sharma@gmail.com,9474916247,BATCH_23,CD,23CD176
Varun Chowdary,2007-06-14,MALE,varunchowdary89@gmail.com,9072831018,BATCH_25,EC,25EC177
Vikram Rao,2005-09-09,MALE,vikram_rao@gmail.com,9238748489,BATCH_23,EE,23EE172
Arjun Kumar,2009-03-04,MALE,arjunkumar136@gmail.com,9319139683,BATCH_27,EC,27EC173
Nikhil Iyer,2008-04-09,FEMALE,nikhil.iyer@gmail.com,9495220940,BATCH_25,CD,25CD162
Bhavya Singh,2006-04-25,FEMALE,bhavya.singh83@gmail.com,9046875063,BATCH_23,CD,23CD177
Arjun Sharma,2007-09-15,MALE,arjunsharma573@outlook.com,9311395001,BATCH_25,CI,25CI173
Uday Kumar,2008-02-09,FEMALE,udaykumar261@gmail.com,9037622659,BATCH_26,CS,26CS171
Sai Yadav,2005-08-11,MALE,saiyadav149@gmail.com,9793014811,BATCH_22,CC,22CC162
Varun Goud,2010-02-23,OTHER,varun.goud@gmail.com,9864357161,BATCH_27,EE,27EE164
Lakshmi Chandra,2004-12-09,MALE,lakshmichandra906@gmail.com,9642240592,BATCH_22,CC,22CC163
Sanjay Prasad,2006-01-13,FEMALE,sanjayprasad45@gmail.com,9772625701,BATCH_25,CS,25CS176
Abhinav Mohan,2005-07-02,FEMALE,abhinav.mohan@gmail.com,9255803153,BATCH_23,EE,23EE173
Jyoti Patel,2007-08-02,MALE,jyoti.patel46@gmail.com,9078049903,BATCH_26,EE,26EE174
Isha Rani,2005-01-04,FEMALE,isharani710@gmail.com,9827231843,BATCH_24,ME,24ME174
Harini Malhotra,2007-01-19,FEMALE,harinimalhotra736@hotmail.com,9457884714,BATCH_26,EE,26EE175
Sanya Mishra,2006-01-19,FEMALE,sanyamishra650@gmail.com,9898126574,BATCH_25,CI,25CI174
Pranav Chandra,2007-10-15,FEMALE,pranav_chandra@hotmail.com,9280647969,BATCH_25,CS,25CS177
Priya Kumar,2008-02-26,MALE,priya.kumar89@gmail.com,9206276729,BATCH_26,CC,26CC170
Vihaan Sharma,2004-03-30,FEMALE,vihaansharma@gmail.com,9991390410,BATCH_22,CD,22CD180
Ira Pandey,2008-05-08,FEMALE,irapandey504@gmail.com,9311240986,BATCH_27,EE,27EE165
Chitra Chowdary,2006-04-25,MALE,chitra.chowdary66@gmail.com,9143874437,BATCH_24,CC,24CC176
Ira Sharma,2004-01-31,FEMALE,irasharma934@gmail.com,9302520945,BATCH_22,CC,22CC164
Priya Mohan,2007-09-17,MALE,priya.mohan31@gmail.com,9495170420,BATCH_24,EC,24EC170
Yash Singh,2007-04-28,FEMALE,ysingh@gmail.com,9658540591,BATCH_25,EC,25EC178
Bhavya Chandra,2005-07-16,FEMALE,bhavyachandra864@gmail.com,9196893135,BATCH_23,CD,23CD178
Chitra Malhotra,2007-03-08,MALE,chitramalhotra101@gmail.com,9146548193,BATCH_24,CC,24CC177
Rahul Nair,2004-08-12,MALE,rahulnair494@gmail.com,9808108887,BATCH_22,EE,22EE175
Nisha Chowdary,2008-05-28,FEMALE,nisha.chowdary@gmail.com,9553637766,BATCH_26,CS,26CS172
Rakesh Menon,2005-04-06,MALE,rakeshmenon@yahoo.com,9177025383,BATCH_22,CD,22CD181
Aditi Pandey,2005-05-05,MALE,aditipandey338@gmail.com,9268578105,BATCH_23,EE,23EE174
Yash Rani,2004-01-26,FEMALE,yashrani@gmail.com,9009409165,BATCH_22,EC,22EC171
Nisha Naidu,2007-10-27,FEMALE,nishanaidu584@gmail.com,9692621684,BATCH_24,CI,24CI175
Naveen Verma,2008-12-20,MALE,naveen.verma16@yahoo.com,9361756826,BATCH_27,CD,27CD175
Lakshmi Menon,2007-06-05,FEMALE,lakshmi_menon@yahoo.com,9138113863,BATCH_24,ME,24ME175
Abhinav Kumar,2009-10-30,OTHER,abhinavkumar132@gmail.com,9241337332,BATCH_27,ME,27ME167
Aditi Pillai,2009-03-21,FEMALE,aditi.pillai46@gmail.com,9066527359,BATCH_27,EE,27EE166
Manish Krishnan,2006-04-06,MALE,manishkrishnan58@gmail.com,9392914967,BATCH_23,CS,23CS172
Karthik Chandra,2005-09-20,MALE,karthik.chandra29@gmail.com,9333647704,BATCH_23,EC,23EC174
Manish Kumar,2004-10-01,MALE,manishkumar262@gmail.com,9816498044,BATCH_23,EC,23EC175
Rahul Gupta,2009-09-08,MALE,rgupta@yahoo.com,9625593765,BATCH_27,CI,27CI167
Vihaan Prasad,2008-02-04,FEMALE,vihaan_prasad@gmail.com,9645104636,BATCH_25,CS,25CS178
Naveen Mishra,2006-04-09,MALE,naveenmishra153@gmail.com,9065240778,BATCH_24,ME,24ME176
Kavya Kumar,2005-07-13,MALE,kkumar@outlook.com,9328107056,BATCH_24,CD,24CD180
Yash Pillai,2009-12-22,MALE,yashpillai@outlook.com,9574814525,BATCH_27,CI,27CI168
Kavya Rao,2005-10-23,FEMALE,kavyarao@outlook.com,9040983665,BATCH_23,CD,23CD179
Aryan Sharma,2007-11-27,MALE,aryan.sharma@yahoo.com,9759930013,BATCH_25,EC,25EC179
Zoya Sharma,2005-12-16,MALE,zoyasharma@gmail.com,9601326843,BATCH_23,CI,23CI171
Arjun Malhotra,2005-04-16,OTHER,arjun_malhotra@gmail.com,9348170580,BATCH_23,CD,23CD180
Tarun Raju,2004-02-09,MALE,traju@gmail.com,9665937350,BATCH_22,CD,22CD182
Rohan Krishnan,2008-06-11,MALE,rohan.krishnan55@outlook.com,9076248644,BATCH_26,EE,26EE176
Krishna Chandra,2005-05-08,MALE,krishnachandra19@gmail.com,9982218039,BATCH_22,CC,22CC165
Esha Kumar,2005-02-24,MALE,eshakumar332@outlook.com,9021133407,BATCH_22,CD,22CD183
Meera Mishra,2004-12-21,FEMALE,meeramishra752@gmail.com,9899927517,BATCH_23,CM,23CM180
Aarav Desai,2008-05-29,MALE,aaravdesai@gmail.com,9729564694,BATCH_26,CD,26CD173
Divya Mishra,2010-10-02,FEMALE,divya.mishra@gmail.com,9075393985,BATCH_27,ME,27ME168
Rakesh Desai,2005-05-23,FEMALE,rakesh_desai@outlook.com,9174553934,BATCH_24,CM,24CM176
Diya Chowdary,2005-11-05,MALE,diyachowdary338@gmail.com,9350824326,BATCH_23,CC,23CC180
Gauri Mohan,2004-11-26,MALE,gaurimohan717@gmail.com,9871972769,BATCH_22,ME,22ME171
Dhruv Naidu,2008-06-19,MALE,dhruv.naidu69@gmail.com,9440274124,BATCH_26,CI,26CI181
Kabir Verma,2005-07-04,MALE,kverma@hotmail.com,9328632666,BATCH_23,CD,23CD181
Karthik Iyer,2008-01-12,FEMALE,karthikiyer299@gmail.com,9334677116,BATCH_26,ME,26ME166
Aryan Nair,2008-07-30,MALE,aryan.nair21@gmail.com,9558062475,BATCH_25,CD,25CD163
Sanya Kapoor,2006-06-18,MALE,sanyakapoor860@gmail.com,9984451436,BATCH_23,EC,23EC176
Vihaan Babu,2008-09-21,MALE,vihaan_babu@gmail.com,9040146159,BATCH_26,CM,26CM171
Rohan Kapoor,2009-03-19,OTHER,rohan.kapoor79@gmail.com,9562443762,BATCH_27,ME,27ME169
Diya Mohan,2005-03-07,FEMALE,diya.mohan15@gmail.com,9593993379,BATCH_23,CM,23CM181
Rakesh Babu,2007-10-09,MALE,rakeshbabu438@gmail.com,9544240294,BATCH_25,ME,25ME171
Yash Verma,2005-02-01,FEMALE,yashverma755@hotmail.com,9248435074,BATCH_23,CC,23CC181
Tarun Pillai,2006-08-02,MALE,tarun.pillai@yahoo.com,9210830832,BATCH_24,EC,24EC171
Ananya Menon,2009-03-03,MALE,ananya_menon@gmail.com,9282731542,BATCH_26,EE,26EE177
Aditya Mishra,2007-09-05,MALE,adityamishra655@gmail.com,9603673361,BATCH_25,ME,25ME172
Bhavya Singh,2005-12-01,FEMALE,bhavyasingh@gmail.com,9660284136,BATCH_22,EC,22EC172
Sai Nair,2006-06-15,MALE,sainair@gmail.com,9970881236,BATCH_23,ME,23ME176
Esha Raju,2009-06-14,FEMALE,eraju@gmail.com,9490787255,BATCH_27,CI,27CI169
Ira Mohan,2006-05-02,MALE,iramohan447@gmail.com,9445655743,BATCH_24,ME,24ME177
Nikhil Nair,2007-09-14,MALE,nikhilnair@hotmail.com,9379023894,BATCH_25,CM,25CM176
Kavya Patel,2007-06-16,MALE,kavya_patel@gmail.com,9770171577,BATCH_25,CS,25CS179
Pranav Rani,2003-06-14,FEMALE,pranavrani@outlook.com,9124179843,BATCH_22,CM,22CM184
Naveen Pillai,2004-09-21,MALE,naveen.pillai68@gmail.com,9499795728,BATCH_23,EC,23EC177
Diya Nair,2008-11-04,FEMALE,diya_nair@hotmail.com,9521154240,BATCH_27,CI,27CI170
Sanya Singh,2009-03-09,MALE,sanyasingh@gmail.com,9710610420,BATCH_27,EC,27EC174
Uday Naidu,2006-05-16,MALE,udaynaidu42@gmail.com,9346845686,BATCH_23,CI,23CI172
Aryan Raju,2004-05-29,MALE,aryan_raju@outlook.com,9971967068,BATCH_22,CC,22CC166
Rohan Pillai,2004-12-26,FEMALE,rohanpillai@outlook.com,9758190815,BATCH_22,CM,22CM185
Priya Pandey,2008-11-13,OTHER,priya_pandey@gmail.com,9156630363,BATCH_26,EC,26EC166
Uday Babu,2007-02-03,OTHER,ubabu@yahoo.com,9279757366,BATCH_25,CS,25CS180
Tanvi Menon,2009-05-05,FEMALE,tanvimenon640@outlook.com,9436664798,BATCH_27,CD,27CD176
Tanvi Mohan,2009-09-08,MALE,tanvimohan708@gmail.com,9154894950,BATCH_26,CI,26CI182
Varun Iyer,2004-12-12,MALE,varun.iyer45@outlook.com,9310823211,BATCH_22,CD,22CD184
Aryan Prasad,2006-11-05,FEMALE,aryanprasad158@yahoo.com,9993695841,BATCH_23,ME,23ME177
Dhruv Devi,2004-01-13,MALE,dhruv.devi@gmail.com,9752034476,BATCH_23,CM,23CM182
Priya Goud,2009-06-20,MALE,priya_goud@outlook.com,9471996130,BATCH_26,CI,26CI183
Aditi Chowdary,2004-06-19,MALE,achowdary@yahoo.com,9633725926,BATCH_22,ME,22ME172
Jyoti Chowdary,2006-12-25,FEMALE,jchowdary@gmail.com,9910961968,BATCH_25,CD,25CD164
Aditya Mishra,2007-06-24,FEMALE,adityamishra896@gmail.com,9428873449,BATCH_26,CC,26CC171
Tarun Rani,2004-12-28,FEMALE,tarunrani@gmail.com,9128866911,BATCH_22,EC,22EC173
Nisha Sharma,2007-06-22,MALE,nishasharma966@gmail.com,9350637311,BATCH_26,ME,26ME167
Rohan Chowdary,2009-02-12,FEMALE,rohanchowdary657@gmail.com,9617277539,BATCH_27,EC,27EC175
Aditya Chowdary,2006-03-07,FEMALE,aditya.chowdary96@gmail.com,9255511972,BATCH_23,ME,23ME178
Varun Raju,2009-06-24,MALE,varun.raju3@gmail.com,9672427420,BATCH_27,CD,27CD177
Sanya Mishra,2005-09-27,OTHER,sanyamishra683@outlook.com,9897779767,BATCH_23,ME,23ME179
Rakesh Rao,2005-07-07,FEMALE,rakeshrao622@gmail.com,9018850535,BATCH_23,ME,23ME180
Harini Pandey,2005-11-21,MALE,harini_pandey@gmail.com,9184293359,BATCH_22,EC,22EC174
Reyansh Naidu,2009-10-12,FEMALE,reyansh_naidu@gmail.com,9369559582,BATCH_27,CI,27CI171
Nisha Naidu,2007-11-04,FEMALE,nisha.naidu40@gmail.com,9172174292,BATCH_26,CC,26CC172
Krishna Pandey,2004-09-05,FEMALE,krishnapandey@outlook.com,9787461872,BATCH_22,ME,22ME173
Ira Gupta,2006-09-22,FEMALE,iragupta@gmail.com,9899114160,BATCH_23,EC,23EC178
Om Gupta,2005-04-16,MALE,omgupta345@gmail.com,9537771249,BATCH_23,CI,23CI173
Ishaan Raju,2004-08-29,MALE,ishaan.raju57@gmail.com,9413973177,BATCH_23,CI,23CI174
Priya Menon,2010-11-15,FEMALE,priya.menon41@gmail.com,9729410367,BATCH_27,CI,27CI172
Ishaan Kumar,2006-05-06,FEMALE,ishaankumar311@gmail.com,9552637338,BATCH_24,CC,24CC178
Divya Rani,2009-04-30,MALE,divya_rani@gmail.com,9031653933,BATCH_27,CS,27CS186
Tarun Kumar,2004-04-16,FEMALE,tarunkumar443@gmail.com,9896298532,BATCH_22,CC,22CC167
Tanvi Menon,2007-06-27,MALE,tanvi.menon64@gmail.com,9471216275,BATCH_24,CS,24CS184
Ananya Patel,2007-06-30,MALE,apatel@yahoo.com,9510749818,BATCH_25,CM,25CM177
Uday Desai,2006-12-21,MALE,udaydesai273@gmail.com,9107643263,BATCH_25,CC,25CC175
Pranav Mohan,2006-07-06,FEMALE,pranav.mohan7@outlook.com,9044817766,BATCH_24,EE,24EE183
Dhruv Babu,2008-02-27,MALE,dhruv_babu@outlook.com,9039240514,BATCH_25,CS,25CS181
Zoya Mohan,2007-12-14,FEMALE,zoya_mohan@outlook.com,9791782200,BATCH_25,EC,25EC180
Om Sharma,2007-09-02,FEMALE,om.sharma60@gmail.com,9177588562,BATCH_25,CD,25CD165
Rahul Rani,2006-09-13,MALE,rahulrani785@gmail.com,9918055269,BATCH_24,ME,24ME178
Varun Desai,2009-11-28,MALE,varun.desai@hotmail.com,9611217043,BATCH_26,CI,26CI184
Aarav Sharma,2005-08-20,FEMALE,asharma@yahoo.com,9807395623,BATCH_23,CS,23CS173
Siddharth Patel,2006-08-10,FEMALE,siddharth.patel18@gmail.com,9892924768,BATCH_24,CC,24CC179
Varun Mohan,2008-03-01,FEMALE,varun_mohan@hotmail.com,9767550043,BATCH_25,ME,25ME173
Bhavya Rani,2009-03-03,FEMALE,bhavya.rani44@gmail.com,9309373297,BATCH_27,EE,27EE167
Nikhil Goud,2009-11-13,FEMALE,nikhil_goud@gmail.com,9390200145,BATCH_26,CI,26CI185
Meera Naidu,2010-08-25,FEMALE,meeranaidu@outlook.com,9392230651,BATCH_27,CS,27CS187
Sanjay Mohan,2003-04-15,MALE,sanjaymohan@gmail.com,9774029286,BATCH_22,CC,22CC168
Nikhil Desai,2007-03-13,MALE,nikhil_desai@outlook.com,9863040296,BATCH_26,CC,26CC173
Bhavya Prasad,2009-10-26,FEMALE,bhavyaprasad855@gmail.com,9922691569,BATCH_27,CI,27CI173
Yash Desai,2008-03-29,MALE,ydesai@yahoo.com,9362288296,BATCH_26,CD,26CD174
Varun Pandey,2004-07-11,FEMALE,varunpandey371@gmail.com,9925976924,BATCH_22,EE,22EE176
Chitra Pillai,2007-07-26,FEMALE,chitra.pillai@gmail.com,9482366299,BATCH_25,EE,25EE180
Reyansh Mohan,2008-10-06,FEMALE,reyanshmohan@gmail.com,9723075578,BATCH_27,ME,27ME170
Vivaan Nair,2004-02-04,FEMALE,vivaan_nair@gmail.com,9390768384,BATCH_22,ME,22ME174
Manish Chandra,2004-07-30,FEMALE,manish.chandra39@gmail.com,9958471368,BATCH_22,EE,22EE177
Ananya Rani,2006-11-03,MALE,ananyarani827@gmail.com,9693445361,BATCH_24,CM,24CM177
Diya Krishnan,2006-10-17,MALE,diya.krishnan@hotmail.com,9750198038,BATCH_24,EE,24EE184
Tanvi Krishnan,2004-11-19,MALE,tanvikrishnan686@gmail.com,9116164666,BATCH_23,EE,23EE175
Harini Malhotra,2008-08-21,MALE,harini_malhotra@gmail.com,9661772002,BATCH_26,CI,26CI186
Aarav Chandra,2008-06-08,FEMALE,aarav_chandra@gmail.com,9797531154,BATCH_27,ME,27ME171
Harini Krishnan,2010-03-12,FEMALE,harinikrishnan@gmail.com,9306553351,BATCH_27,EE,27EE168
Bhavya Gupta,2006-05-31,MALE,bhavya.gupta37@gmail.com,9298514486,BATCH_23,EC,23EC179
Chitra Chowdary,2007-10-14,MALE,chitrachowdary@gmail.com,9189993284,BATCH_26,EE,26EE178
Naveen Malhotra,2007-07-16,MALE,naveen.malhotra@gmail.com,9513420457,BATCH_25,ME,25ME174
Nikhil Verma,2008-08-17,MALE,nikhil.verma45@gmail.com,9974452769,BATCH_27,EE,27EE169
Dhruv Menon,2007-06-06,FEMALE,dhruvmenon472@yahoo.com,9171932257,BATCH_26,CI,26CI187
Bhavya Reddy,2004-09-02,MALE,bhavya.reddy@yahoo.com,9271067951,BATCH_22,ME,22ME175
Bhavya Nair,2004-07-02,FEMALE,bhavyanair718@gmail.com,9231913437,BATCH_22,CD,22CD185
Rakesh Naidu,2006-09-11,MALE,rakesh.naidu68@gmail.com,9101044330,BATCH_25,CM,25CM178
Uday Mishra,2005-09-16,MALE,uday_mishra@outlook.com,9116786290,BATCH_23,CC,23CC182
Karthik Nair,2009-02-19,FEMALE,karthiknair681@gmail.com,9085837558,BATCH_27,CI,27CI174
Krishna Singh,2005-12-30,MALE,krishna.singh75@yahoo.com,9097753738,BATCH_22,CM,22CM186
Meera Menon,2005-11-06,FEMALE,meeramenon@gmail.com,9394166740,BATCH_23,CC,23CC183
Meera Naidu,2007-01-15,MALE,meera_naidu@yahoo.com,9869273210,BATCH_26,CD,26CD175
Krishna Raju,2004-01-12,FEMALE,krishnaraju721@outlook.com,9539040044,BATCH_23,CS,23CS174
Priya Raju,2010-08-18,MALE,priya.raju6@gmail.com,9406817406,BATCH_27,CS,27CS188
Diya Chandra,2009-06-26,MALE,diyachandra@gmail.com,9292676988,BATCH_27,CC,27CC168
Chitra Iyer,2009-07-24,FEMALE,chitraiyer@gmail.com,9125780473,BATCH_27,CC,27CC169
Dhruv Singh,2008-07-16,FEMALE,dhruv.singh@gmail.com,9878499121,BATCH_25,EE,25EE181
Krishna Sharma,2006-03-02,FEMALE,krishna.sharma@yahoo.com,9803567215,BATCH_23,CI,23CI175
Abhinav Goud,2006-08-02,FEMALE,abhinav.goud7@gmail.com,9450446240,BATCH_24,CI,24CI176
Sanya Babu,2010-06-10,FEMALE,sanya.babu40@outlook.com,9913618562,BATCH_27,CS,27CS189
Kavya Patel,2009-04-24,MALE,kavya.patel79@gmail.com,9004335901,BATCH_27,ME,27ME172
Varun Patel,2007-03-15,MALE,varun.patel87@gmail.com,9713124013,BATCH_25,CC,25CC176
Chitra Goud,2005-10-27,MALE,chitra.goud94@yahoo.com,9366055378,BATCH_23,CS,23CS175
Sanya Krishnan,2006-03-22,MALE,sanyakrishnan974@gmail.com,9930944312,BATCH_24,CD,24CD181
Divya Pillai,2009-09-24,FEMALE,dpillai@hotmail.com,9464015774,BATCH_27,CM,27CM182
Varun Raju,2004-07-21,FEMALE,varun.raju7@gmail.com,9380136846,BATCH_22,ME,22ME176
Diya Kapoor,2008-07-21,MALE,dkapoor@gmail.com,9300593777,BATCH_26,ME,26ME168
Vikram Mishra,2006-09-08,MALE,vikrammishra@gmail.com,9129666676,BATCH_24,ME,24ME179
Vihaan Yadav,2009-07-31,MALE,vihaanyadav@gmail.com,9460961490,BATCH_27,CM,27CM183
Jyoti Goud,2005-04-12,FEMALE,jgoud@hotmail.com,9353643861,BATCH_23,ME,23ME181
Kabir Devi,2010-05-13,MALE,kabirdevi483@gmail.com,9136325586,BATCH_27,ME,27ME173
Vihaan Pandey,2007-04-06,MALE,vihaan.pandey@outlook.com,9151751967,BATCH_25,ME,25ME175
Pranav Patel,2008-09-10,MALE,pranavpatel885@gmail.com,9944740158,BATCH_27,EC,27EC176
Uday Yadav,2009-05-21,MALE,uday.yadav@gmail.com,9924424919,BATCH_27,CS,27CS190
Krishna Kapoor,2004-03-30,FEMALE,krishnakapoor@yahoo.com,9560351837,BATCH_22,EE,22EE178
Meera Mohan,2009-04-11,FEMALE,meera_mohan@yahoo.com,9524154479,BATCH_26,EE,26EE179
Esha Rani,2008-03-23,FEMALE,esha.rani22@gmail.com,9598672419,BATCH_27,CD,27CD178
Aarav Desai,2004-03-19,FEMALE,aarav.desai14@gmail.com,9361080926,BATCH_22,CC,22CC169
Rahul Singh,2005-04-12,MALE,rahulsingh@yahoo.com,9844727812,BATCH_23,EE,23EE176
Priya Pillai,2003-09-19,FEMALE,priya_pillai@outlook.com,9090495260,BATCH_22,CS,22CS179
Ananya Reddy,2009-07-09,MALE,ananya.reddy98@gmail.com,9311015845,BATCH_27,CM,27CM184
Aryan Sharma,2007-10-22,MALE,aryan_sharma@hotmail.com,9421700018,BATCH_25,CC,25CC177
Rohan Singh,2006-04-08,MALE,rohan_singh@gmail.com,9373643537,BATCH_24,EC,24EC172
Om Nair,2008-01-04,FEMALE,om.nair@gmail.com,9804619905,BATCH_27,CS,27CS191
Vihaan Devi,2008-09-12,FEMALE,vihaandevi817@gmail.com,9079919062,BATCH_26,EC,26EC167
Isha Raju,2005-05-21,FEMALE,isharaju@gmail.com,9033445056,BATCH_23,CM,23CM183
Aditya Naidu,2008-04-22,MALE,adityanaidu193@gmail.com,9617457417,BATCH_26,EC,26EC168
Reyansh Kapoor,2009-09-23,FEMALE,reyanshkapoor@hotmail.com,9790650614,BATCH_26,CM,26CM172
Kavya Rani,2005-04-24,MALE,kavyarani846@gmail.com,9424110588,BATCH_24,CM,24CM178
Esha Raju,2003-12-09,MALE,esha.raju76@gmail.com,9954771604,BATCH_22,CM,22CM187
Ira Krishnan,2008-09-21,FEMALE,irakrishnan440@outlook.com,9496033429,BATCH_26,CS,26CS173
Bhavya Menon,2007-11-13,MALE,bhavya_menon@gmail.com,9404378141,BATCH_24,CS,24CS185
Sanya Pillai,2006-10-06,MALE,sanya.pillai11@outlook.com,9340030830,BATCH_23,ME,23ME182
Abhinav Rani,2004-08-30,MALE,abhinav.rani@gmail.com,9643911722,BATCH_22,CD,22CD186
Sai Iyer,2007-01-27,MALE,saiiyer@gmail.com,9125343646,BATCH_25,CM,25CM179
Riya Nair,2005-01-03,MALE,riya.nair35@gmail.com,9678738411,BATCH_23,CI,23CI176
Bhavya Singh,2006-11-25,FEMALE,bhavya.singh27@gmail.com,9872096289,BATCH_24,EE,24EE185
Diya Gupta,2006-01-26,MALE,diya.gupta1@gmail.com,9296670662,BATCH_24,ME,24ME180
Krishna Reddy,2008-01-17,MALE,krishna_reddy@outlook.com,9360894118,BATCH_26,ME,26ME169
Om Goud,2009-01-22,MALE,omgoud48@gmail.com,9073212712,BATCH_27,EC,27EC177
Lakshmi Mishra,2005-07-22,FEMALE,lakshmi.mishra54@gmail.com,9403037276,BATCH_23,ME,23ME183
Pranav Patel,2006-02-10,MALE,pranav.patel70@gmail.com,9166289279,BATCH_23,CS,23CS176
Manish Iyer,2008-01-07,MALE,manish.iyer@gmail.com,9045158284,BATCH_26,EE,26EE180
Ishaan Krishnan,2008-03-02,FEMALE,ishaan.krishnan84@gmail.com,9523005166,BATCH_26,EE,26EE181
Om Menon,2005-03-05,FEMALE,ommenon@gmail.com,9458561978,BATCH_22,EE,22EE179
Esha Goud,2009-04-06,FEMALE,eshagoud537@gmail.com,9728760320,BATCH_27,CC,27CC170
Nisha Malhotra,2005-03-11,FEMALE,nisha.malhotra@gmail.com,9379953420,BATCH_24,CC,24CC180
Rahul Reddy,2006-07-06,MALE,rahul.reddy@gmail.com,9694597414,BATCH_25,CC,25CC178
Siddharth Pillai,2010-04-09,FEMALE,siddharth.pillai86@gmail.com,9428756731,BATCH_27,CD,27CD179
Diya Iyer,2008-11-06,OTHER,diya.iyer84@outlook.com,9627466621,BATCH_26,ME,26ME170
Tanvi Iyer,2009-08-26,FEMALE,tanvi.iyer@gmail.com,9940970908,BATCH_27,CS,27CS192
Meera Mishra,2004-05-07,MALE,meeramishra411@gmail.com,9770964225,BATCH_22,CS,22CS180
Aarav Verma,2006-12-02,FEMALE,aaravverma804@gmail.com,9562217146,BATCH_24,CM,24CM179
Aditya Mohan,2007-09-15,MALE,aditya.mohan73@gmail.com,9757215862,BATCH_25,CS,25CS182
Lakshmi Raju,2005-11-29,MALE,lraju@gmail.com,9634108562,BATCH_23,CD,23CD182
Riya Patel,2005-08-08,MALE,riyapatel985@hotmail.com,9467826803,BATCH_24,CM,24CM180
Chitra Chandra,2005-12-29,MALE,chitrachandra127@gmail.com,9101127470,BATCH_23,CS,23CS177
Kavya Mohan,2004-12-07,MALE,kavyamohan573@gmail.com,9220429862,BATCH_22,CC,22CC170
Isha Malhotra,2007-10-11,MALE,ishamalhotra558@gmail.com,9338789591,BATCH_25,ME,25ME176
Yash Iyer,2004-11-25,MALE,yashiyer@gmail.com,9898525880,BATCH_23,EE,23EE177
Varun Chowdary,2009-04-26,FEMALE,varunchowdary@gmail.com,9592664869,BATCH_26,ME,26ME171
Jyoti Desai,2006-10-22,MALE,jyoti.desai32@gmail.com,9952997877,BATCH_25,CS,25CS183
Jyoti Mohan,2005-10-30,FEMALE,jyotimohan@yahoo.com,9045464373,BATCH_23,CI,23CI177
Esha Mohan,2007-04-19,MALE,eshamohan@gmail.com,9905370137,BATCH_26,EC,26EC169
Jyoti Joshi,2006-08-08,FEMALE,jyotijoshi753@gmail.com,9318871879,BATCH_25,CC,25CC179
Esha Krishnan,2006-09-26,FEMALE,esha_krishnan@yahoo.com,9149896569,BATCH_24,EC,24EC173
Zoya Menon,2006-10-18,MALE,zoyamenon886@gmail.com,9903948111,BATCH_24,CM,24CM181
Dhruv Pandey,2007-07-08,MALE,dhruvpandey377@gmail.com,9134170054,BATCH_25,CD,25CD166
Nisha Joshi,2009-08-18,FEMALE,nisha_joshi@gmail.com,9938028392,BATCH_27,EE,27EE170
Meera Naidu,2008-08-27,FEMALE,meera.naidu80@gmail.com,9569990604,BATCH_26,EC,26EC170
Sanya Kumar,2005-11-12,FEMALE,sanya_kumar@gmail.com,9976453496,BATCH_22,EC,22EC175
Riya Yadav,2008-01-16,FEMALE,riya_yadav@outlook.com,9537894098,BATCH_26,EE,26EE182
Aryan Joshi,2009-11-16,FEMALE,aryanjoshi@outlook.com,9958742796,BATCH_27,ME,27ME174
Manish Pillai,2005-11-10,FEMALE,manish.pillai@yahoo.com,9192845525,BATCH_23,CM,23CM184
Nikhil Pillai,2007-03-20,FEMALE,nikhil.pillai@gmail.com,9834370375,BATCH_24,CS,24CS186
Harini Chowdary,2005-03-10,FEMALE,harinichowdary91@gmail.com,9918844376,BATCH_23,ME,23ME184
Sanjay Mohan,2007-05-27,MALE,sanjaymohan586@gmail.com,9927852346,BATCH_25,ME,25ME177
Abhinav Raju,2009-04-24,FEMALE,abhinav.raju75@hotmail.com,9599285535,BATCH_26,ME,26ME172
Tanvi Devi,2008-09-18,FEMALE,tanvidevi955@gmail.com,9434176503,BATCH_26,EE,26EE183
Lakshmi Babu,2007-01-17,FEMALE,lakshmi.babu64@gmail.com,9374850837,BATCH_25,CM,25CM180
Om Patel,2007-02-03,MALE,om.patel@gmail.com,9382412704,BATCH_24,EE,24EE186
Abhinav Malhotra,2004-01-29,FEMALE,abhinavmalhotra421@gmail.com,9047587012,BATCH_22,CS,22CS181
Nikhil Gupta,2009-08-25,FEMALE,nikhilgupta915@gmail.com,9861902547,BATCH_26,ME,26ME173
Esha Sharma,2008-05-21,MALE,esha.sharma17@gmail.com,9130753841,BATCH_26,ME,26ME174
Aditya Raju,2006-07-19,FEMALE,aditya.raju12@gmail.com,9065349309,BATCH_24,CI,24CI177
Krishna Patel,2007-11-27,FEMALE,krishnapatel780@gmail.com,9278634876,BATCH_24,EC,24EC174
Sai Chandra,2006-04-13,MALE,sai.chandra27@gmail.com,9494937597,BATCH_24,ME,24ME181
Rohan Prasad,2009-05-06,OTHER,rohanprasad119@gmail.com,9494652650,BATCH_27,CM,27CM185
Sanya Naidu,2008-01-18,MALE,sanya.naidu52@gmail.com,9845631479,BATCH_25,CM,25CM181
Rohan Yadav,2007-07-08,MALE,rohan.yadav@outlook.com,9707650946,BATCH_25,CD,25CD167
Riya Iyer,2005-09-15,MALE,riya_iyer@gmail.com,9393963044,BATCH_24,CM,24CM182
Vikram Yadav,2003-10-28,FEMALE,vikramyadav864@gmail.com,9538294419,BATCH_22,EC,22EC176
Reyansh Chandra,2005-05-24,FEMALE,rchandra@yahoo.com,9616388168,BATCH_22,EC,22EC177
Krishna Rao,2009-10-29,FEMALE,krishna.rao30@gmail.com,9673971263,BATCH_26,CD,26CD176
Aditya Devi,2007-01-22,FEMALE,adityadevi@yahoo.com,9400241703,BATCH_26,CS,26CS174
Lakshmi Sharma,2006-06-09,FEMALE,lakshmi.sharma75@gmail.com,9415298217,BATCH_23,CM,23CM185
Nikhil Chowdary,2007-03-17,MALE,nikhil.chowdary93@yahoo.com,9251790864,BATCH_25,CS,25CS184
Kabir Rani,2008-07-03,FEMALE,kabirrani512@gmail.com,9799883594,BATCH_26,EC,26EC171
Meera Singh,2008-11-05,MALE,meerasingh880@gmail.com,9208653749,BATCH_26,EC,26EC172
Uday Mohan,2005-02-18,FEMALE,udaymohan@gmail.com,9663382222,BATCH_22,CC,22CC171
Lakshmi Raju,2004-10-18,FEMALE,lakshmi_raju@outlook.com,9483074139,BATCH_22,CD,22CD187
Krishna Iyer,2008-06-28,MALE,krishna_iyer@gmail.com,9286209297,BATCH_26,ME,26ME175
Dhruv Kumar,2010-03-08,MALE,dhruvkumar466@gmail.com,9772871565,BATCH_27,CC,27CC171
Reyansh Verma,2008-03-06,FEMALE,reyansh_verma@yahoo.com,9824718301,BATCH_26,CC,26CC174
Vikram Nair,2005-02-28,OTHER,vikram_nair@yahoo.com,9887474749,BATCH_24,CM,24CM183
Sanya Prasad,2006-03-27,OTHER,sanya.prasad@yahoo.com,9735984070,BATCH_24,EC,24EC175
Yash Kapoor,2008-08-17,MALE,yashkapoor496@gmail.com,9172662565,BATCH_26,CC,26CC175
Chitra Malhotra,2008-03-16,MALE,chitra.malhotra40@gmail.com,9254376366,BATCH_27,CI,27CI175
Krishna Gupta,2004-06-26,MALE,krishna.gupta87@gmail.com,9428326701,BATCH_23,CC,23CC184
Nisha Pillai,2007-08-19,MALE,nishapillai525@gmail.com,9359569192,BATCH_25,CD,25CD168
Kabir Menon,2007-06-01,FEMALE,kabir.menon20@yahoo.com,9517123685,BATCH_25,EE,25EE182
Kabir Malhotra,2008-03-11,FEMALE,kabirmalhotra304@gmail.com,9653793221,BATCH_26,CC,26CC176
Vikram Pillai,2007-09-26,MALE,vikrampillai26@gmail.com,9788752632,BATCH_24,EC,24EC176
Aarav Naidu,2009-08-20,FEMALE,aarav.naidu65@gmail.com,9195605285,BATCH_26,CD,26CD177
Manish Malhotra,2009-09-18,MALE,manish.malhotra45@gmail.com,9324951109,BATCH_27,EC,27EC178
Harini Gupta,2010-05-17,FEMALE,hgupta@gmail.com,9637216266,BATCH_27,CC,27CC172
Naveen Sharma,2009-01-17,FEMALE,naveen.sharma77@gmail.com,9289936500,BATCH_27,CD,27CD180
Rohan Menon,2004-06-22,MALE,rohan.menon67@gmail.com,9912987384,BATCH_22,ME,22ME177
Priya Yadav,2005-09-16,FEMALE,priyayadav35@yahoo.com,9632956758,BATCH_22,CI,22CI172
Aarav Gupta,2005-02-10,MALE,aarav.gupta57@yahoo.com,9812344665,BATCH_22,ME,22ME178
Ananya Reddy,2008-03-04,FEMALE,ananya_reddy@outlook.com,9716578939,BATCH_26,CC,26CC177
Abhinav Kapoor,2009-03-02,FEMALE,abhinavkapoor@gmail.com,9470616537,BATCH_27,CM,27CM186
Lakshmi Kumar,2004-04-30,OTHER,lakshmi.kumar53@gmail.com,9842640088,BATCH_23,CI,23CI178
Sanjay Gupta,2008-02-23,FEMALE,sanjay.gupta60@gmail.com,9115673385,BATCH_26,CM,26CM173
Rohan Devi,2009-02-23,MALE,rohan.devi11@gmail.com,9978680428,BATCH_27,CD,27CD181
Nikhil Rao,2008-09-27,OTHER,nikhilrao@yahoo.com,9920790426,BATCH_26,CI,26CI188
Ananya Prasad,2005-03-24,FEMALE,ananyaprasad@gmail.com,9388565271,BATCH_23,CM,23CM186
Aditya Goud,2008-11-15,FEMALE,adityagoud417@gmail.com,9212030827,BATCH_27,EE,27EE171
Diya Patel,2006-04-10,FEMALE,diya_patel@hotmail.com,9205065069,BATCH_25,ME,25ME178
Priya Malhotra,2009-12-02,MALE,priyamalhotra198@gmail.com,9428237663,BATCH_27,EE,27EE172
Varun Desai,2005-06-22,FEMALE,varun_desai@gmail.com,9797273139,BATCH_23,EE,23EE178
Gauri Mishra,2006-07-01,FEMALE,gauri.mishra@gmail.com,9736253034,BATCH_24,CC,24CC181
Diya Reddy,2009-12-03,MALE,diya_reddy@outlook.com,9194342548,BATCH_27,CD,27CD182
Sanya Chandra,2004-03-02,FEMALE,sanya.chandra@yahoo.com,9204597767,BATCH_22,CS,22CS182
Karthik Desai,2008-01-12,FEMALE,karthikdesai@gmail.com,9292950143,BATCH_25,CI,25CI175
Ananya Malhotra,2008-01-29,MALE,ananya.malhotra57@gmail.com,9445072962,BATCH_25,EC,25EC181
Vihaan Pandey,2008-08-22,FEMALE,vihaanpandey614@gmail.com,9843614244,BATCH_25,CI,25CI176
Isha Nair,2008-10-09,FEMALE,isha.nair62@gmail.com,9757617657,BATCH_25,ME,25ME179
Aditi Patel,2009-07-03,MALE,aditipatel260@outlook.com,9840811441,BATCH_27,CC,27CC173
Priya Rao,2009-05-29,OTHER,priya_rao@outlook.com,9201186682,BATCH_27,ME,27ME175
Sanya Kumar,2006-02-05,FEMALE,sanya.kumar@gmail.com,9499959770,BATCH_25,ME,25ME180
Aryan Kumar,2007-07-03,FEMALE,aryankumar647@gmail.com,9958013264,BATCH_26,CD,26CD178
Diya Verma,2007-01-13,MALE,diya_verma@yahoo.com,9241905362,BATCH_25,CC,25CC180
Nisha Verma,2006-12-23,FEMALE,nishaverma927@gmail.com,9917921651,BATCH_24,CI,24CI178
Kavya Prasad,2010-12-28,MALE,kavya.prasad42@yahoo.com,9436116861,BATCH_27,CC,27CC174
Vivaan Raju,2008-08-18,MALE,vivaan_raju@gmail.com,9393045741,BATCH_26,CI,26CI189
Pranav Iyer,2007-12-04,FEMALE,pranaviyer492@gmail.com,9148951343,BATCH_25,EE,25EE183
Ananya Prasad,2004-05-01,MALE,ananyaprasad564@outlook.com,9454182991,BATCH_22,EC,22EC178
Varun Mohan,2008-05-18,FEMALE,varun.mohan58@gmail.com,9101120174,BATCH_25,CM,25CM182
Pranav Sharma,2006-05-29,MALE,pranavsharma@gmail.com,9761927812,BATCH_25,CM,25CM183
Siddharth Yadav,2006-10-12,OTHER,siddharth.yadav@yahoo.com,9390397997,BATCH_25,CD,25CD169
Rohan Kumar,2007-03-12,MALE,rohan.kumar10@gmail.com,9494178584,BATCH_25,CM,25CM184
Vikram Desai,2004-06-09,MALE,vikram_desai@gmail.com,9949330781,BATCH_22,EC,22EC179
Bhavya Gupta,2007-06-13,MALE,bhavyagupta@gmail.com,9398724581,BATCH_25,EC,25EC182
Nikhil Malhotra,2010-02-26,MALE,nikhilmalhotra@hotmail.com,9245861547,BATCH_27,ME,27ME176
Om Pillai,2007-11-23,FEMALE,ompillai580@gmail.com,9648309889,BATCH_25,CC,25CC181
Aarav Krishnan,2008-02-27,MALE,aaravkrishnan942@yahoo.com,9543039117,BATCH_25,EE,25EE184
Gauri Singh,2004-04-01,MALE,gaurisingh79@gmail.com,9180439969,BATCH_23,CS,23CS178
Arjun Pandey,2005-09-20,FEMALE,arjunpandey178@gmail.com,9855229297,BATCH_24,CI,24CI179
Meera Pillai,2008-07-07,OTHER,mpillai@yahoo.com,9127983124,BATCH_27,CC,27CC175
Ishaan Desai,2007-03-17,OTHER,ishaan.desai@gmail.com,9992119247,BATCH_25,ME,25ME181
Aditi Verma,2008-12-17,MALE,aditiverma@gmail.com,9962768612,BATCH_27,CC,27CC176
Nikhil Yadav,2005-05-14,FEMALE,nikhil.yadav65@gmail.com,9666045894,BATCH_23,CI,23CI179
Aryan Krishnan,2004-10-05,MALE,aryan.krishnan@gmail.com,9599752657,BATCH_22,CS,22CS183
Priya Mohan,2009-04-12,MALE,priya_mohan@gmail.com,9363452804,BATCH_27,EC,27EC179
Vikram Krishnan,2008-12-30,MALE,vikramkrishnan@gmail.com,9742542904,BATCH_27,CI,27CI176
Sanya Joshi,2006-10-15,FEMALE,sanya.joshi@gmail.com,9600451266,BATCH_23,CS,23CS179
Ishaan Pillai,2004-12-09,MALE,ishaan.pillai@gmail.com,9292786321,BATCH_22,ME,22ME179
Chitra Prasad,2006-04-03,FEMALE,chitraprasad511@gmail.com,9082973748,BATCH_25,CS,25CS185
Isha Prasad,2008-02-22,FEMALE,isha.prasad@gmail.com,9694963788,BATCH_26,CC,26CC178
Nisha Joshi,2008-11-15,MALE,nisha.joshi35@outlook.com,9217234051,BATCH_26,EC,26EC173
Ishaan Nair,2004-05-11,MALE,ishaannair@gmail.com,9223177816,BATCH_22,CS,22CS184
Siddharth Krishnan,2008-12-27,OTHER,siddharth.krishnan88@gmail.com,9447107923,BATCH_27,EE,27EE173
Harini Malhotra,2006-11-21,MALE,harini.malhotra@gmail.com,9752789628,BATCH_23,CI,23CI180
Yash Goud,2008-11-08,MALE,yash.goud@gmail.com,9698504505,BATCH_26,CC,26CC179
Vivaan Patel,2007-04-27,FEMALE,vivaan_patel@gmail.com,9944101042,BATCH_25,CD,25CD170
Isha Nair,2004-09-17,FEMALE,isha.nair@yahoo.com,9318592493,BATCH_22,CD,22CD188
Diya Mishra,2009-11-04,MALE,diya.mishra48@gmail.com,9438563375,BATCH_27,CI,27CI177
Kabir Kapoor,2008-10-17,MALE,kabirkapoor706@gmail.com,9109531001,BATCH_27,CM,27CM187
Gauri Desai,2009-01-21,MALE,gauri.desai@gmail.com,9793200822,BATCH_27,ME,27ME177
Uday Krishnan,2005-01-13,MALE,uday.krishnan12@gmail.com,9559319426,BATCH_23,CS,23CS180
Esha Malhotra,2009-07-16,MALE,eshamalhotra@hotmail.com,9230037363,BATCH_27,EC,27EC180
Yash Pillai,2006-02-05,OTHER,ypillai@gmail.com,9179549571,BATCH_24,CC,24CC182
Uday Rao,2004-06-29,MALE,udayrao513@gmail.com,9364512543,BATCH_22,ME,22ME180
Jyoti Desai,2007-10-13,MALE,jyoti_desai@gmail.com,9507196129,BATCH_25,CD,25CD171
Esha Yadav,2005-06-14,MALE,esha.yadav14@gmail.com,9744965391,BATCH_22,CC,22CC172
Aditi Nair,2008-08-02,MALE,aditinair686@gmail.com,9744499890,BATCH_25,CM,25CM185
Om Yadav,2005-12-12,FEMALE,omyadav@gmail.com,9172928832,BATCH_23,CS,23CS181
Rohan Joshi,2009-07-02,FEMALE,rohanjoshi159@gmail.com,9342364460,BATCH_27,CS,27CS193
Reyansh Iyer,2003-03-14,MALE,reyanshiyer@yahoo.com,9967074215,BATCH_22,EC,22EC180
Aarav Chandra,2007-01-28,MALE,aaravchandra993@gmail.com,9429579035,BATCH_25,CM,25CM186
Gauri Kumar,2008-11-16,FEMALE,gauri_kumar@gmail.com,9979336860,BATCH_25,CD,25CD172
Sanjay Nair,2005-06-23,FEMALE,sanjay.nair26@gmail.com,9736105084,BATCH_23,CI,23CI181
Tarun Singh,2005-04-29,FEMALE,tarunsingh166@gmail.com,9985872000,BATCH_22,ME,22ME181
Divya Pandey,2006-11-04,MALE,divya_pandey@outlook.com,9971791100,BATCH_23,CD,23CD183
Sanjay Verma,2007-10-21,FEMALE,sanjay.verma16@outlook.com,9207492699,BATCH_25,CI,25CI177
Sanjay Naidu,2007-10-25,FEMALE,sanjay.naidu78@outlook.com,9169422292,BATCH_25,ME,25ME182
Esha Sharma,2004-08-13,FEMALE,esha.sharma77@gmail.com,9901437357,BATCH_23,CI,23CI182
Riya Chandra,2007-07-01,FEMALE,riya.chandra@gmail.com,9326909738,BATCH_25,CS,25CS186
Karthik Krishnan,2004-03-20,MALE,karthikkrishnan@hotmail.com,9233936469,BATCH_22,CS,22CS185
Rakesh Rani,2006-04-17,FEMALE,rakeshrani847@gmail.com,9421808931,BATCH_24,CC,24CC183
Arjun Verma,2004-11-19,MALE,arjunverma134@gmail.com,9473403618,BATCH_22,EE,22EE180
Esha Devi,2009-10-01,FEMALE,edevi@gmail.com,9618174575,BATCH_27,ME,27ME178
Aryan Desai,2006-11-28,MALE,aryandesai669@gmail.com,9562271926,BATCH_25,CD,25CD173
Vikram Sharma,2009-11-30,FEMALE,vikram.sharma61@hotmail.com,9850756638,BATCH_27,EE,27EE174
Bhavya Pandey,2003-11-17,FEMALE,bpandey@gmail.com,9551224494,BATCH_22,CI,22CI173
Jyoti Iyer,2006-03-30,FEMALE,jyoti_iyer@yahoo.com,9044851579,BATCH_24,EE,24EE187
Nisha Reddy,2005-03-01,MALE,nishareddy314@gmail.com,9558301916,BATCH_23,CS,23CS182
Tarun Mohan,2003-10-02,MALE,tarunmohan@outlook.com,9368089880,BATCH_22,CS,22CS186
Dhruv Malhotra,2007-01-19,FEMALE,dhruv.malhotra49@gmail.com,9493665380,BATCH_25,CI,25CI178
Zoya Rani,2008-10-16,MALE,zrani@gmail.com,9347412678,BATCH_26,EC,26EC174
Varun Babu,2007-02-19,FEMALE,varunbabu916@outlook.com,9895202845,BATCH_25,CS,25CS187
Kavya Patel,2008-11-13,FEMALE,kavyapatel45@outlook.com,9189875579,BATCH_25,EC,25EC183
Sanjay Goud,2008-04-06,FEMALE,sanjaygoud@outlook.com,9598480861,BATCH_26,CS,26CS175
Nisha Chandra,2008-05-22,MALE,nisha.chandra@gmail.com,9126165542,BATCH_25,ME,25ME183
Karthik Pillai,2004-03-25,MALE,karthik.pillai17@gmail.com,9117456026,BATCH_22,EE,22EE181
Uday Desai,2010-09-15,OTHER,udaydesai985@gmail.com,9511477716,BATCH_27,ME,27ME179
Karthik Singh,2006-10-02,FEMALE,karthik.singh77@gmail.com,9634255638,BATCH_24,EE,24EE188
Tarun Malhotra,2003-09-27,MALE,tarun.malhotra62@gmail.com,9691503091,BATCH_22,CI,22CI174
Aryan Devi,2004-12-16,FEMALE,aryan.devi37@gmail.com,9120220175,BATCH_22,EC,22EC181
Manish Singh,2009-03-26,FEMALE,manishsingh854@gmail.com,9528546130,BATCH_26,CC,26CC180
Varun Raju,2006-07-03,MALE,varun.raju5@gmail.com,9290550957,BATCH_25,EC,25EC184
Divya Desai,2009-03-18,FEMALE,divyadesai55@yahoo.com,9213189605,BATCH_26,EC,26EC175
Reyansh Desai,2005-09-09,FEMALE,reyansh_desai@yahoo.com,9826183294,BATCH_23,CS,23CS183
Siddharth Nair,2007-06-11,MALE,siddharth.nair@outlook.com,9182337498,BATCH_25,EE,25EE185
Diya Yadav,2008-10-25,FEMALE,diyayadav@outlook.com,9894081672,BATCH_27,CD,27CD183
Aarav Babu,2004-06-28,FEMALE,aarav.babu@gmail.com,9953479576,BATCH_22,EE,22EE182
Yash Pillai,2006-11-04,FEMALE,yashpillai@yahoo.com,9791814336,BATCH_24,CD,24CD182
Karthik Mishra,2010-05-03,FEMALE,karthik.mishra9@gmail.com,9726512558,BATCH_27,EE,27EE175
Rahul Chandra,2008-03-31,MALE,rahulchandra432@hotmail.com,9409752606,BATCH_25,CC,25CC182
Rakesh Rani,2007-04-28,FEMALE,rakesh.rani@hotmail.com,9099479141,BATCH_25,CM,25CM187
Vihaan Naidu,2004-10-05,FEMALE,vihaannaidu273@gmail.com,9064204886,BATCH_22,EE,22EE183
Vihaan Kumar,2008-02-08,FEMALE,vihaankumar338@yahoo.com,9080153374,BATCH_27,CC,27CC177
Tanvi Kumar,2007-10-30,MALE,tanvi.kumar95@gmail.com,9583850833,BATCH_25,ME,25ME184
Isha Mohan,2004-09-05,FEMALE,ishamohan162@yahoo.com,9764149003,BATCH_22,CC,22CC173
Aryan Prasad,2008-06-18,MALE,aryan_prasad@gmail.com,9397871375,BATCH_25,CI,25CI179
Diya Pandey,2007-03-02,FEMALE,diya.pandey88@gmail.com,9387829310,BATCH_25,CS,25CS188
Sanya Naidu,2005-01-24,FEMALE,sanyanaidu@yahoo.com,9766420763,BATCH_23,EC,23EC180
Abhinav Verma,2004-01-09,MALE,abhinav.verma3@outlook.com,9326753180,BATCH_22,EC,22EC182
Zoya Menon,2006-06-27,MALE,zoya_menon@yahoo.com,9013681945,BATCH_23,EE,23EE179
Krishna Verma,2006-01-27,FEMALE,krishna_verma@gmail.com,9645478399,BATCH_24,CC,24CC184
Zoya Verma,2009-02-12,FEMALE,zoyaverma@gmail.com,9028296380,BATCH_27,ME,27ME180
Ananya Pandey,2009-08-19,FEMALE,ananya.pandey3@gmail.com,9016299885,BATCH_27,EE,27EE176
Manish Kapoor,2007-07-05,MALE,manish.kapoor@gmail.com,9980433315,BATCH_25,EC,25EC185
Uday Joshi,2005-01-01,FEMALE,uday_joshi@outlook.com,9371258454,BATCH_23,CI,23CI183
Chitra Gupta,2008-12-26,MALE,cgupta@gmail.com,9269243935,BATCH_27,CS,27CS194
Tarun Devi,2008-09-21,FEMALE,tdevi@yahoo.com,9123867397,BATCH_26,EE,26EE184
Ishaan Desai,2005-11-03,FEMALE,ishaan_desai@outlook.com,9447469057,BATCH_22,CS,22CS187
Yash Rani,2003-05-16,MALE,yash.rani32@gmail.com,9733750987,BATCH_22,ME,22ME182
Tarun Raju,2005-03-21,FEMALE,tarun.raju77@gmail.com,9799994994,BATCH_23,EE,23EE180
Siddharth Rani,2005-11-29,OTHER,siddharthrani831@gmail.com,9219705466,BATCH_23,CD,23CD184
Ishaan Yadav,2008-01-22,FEMALE,ishaanyadav@gmail.com,9885329873,BATCH_26,CM,26CM174
Yash Sharma,2004-10-18,FEMALE,yashsharma@gmail.com,9651482682,BATCH_22,CS,22CS188
Tanvi Patel,2005-07-31,FEMALE,tanvipatel@yahoo.com,9948825951,BATCH_23,ME,23ME185
Aditi Chowdary,2008-10-03,MALE,aditichowdary@yahoo.com,9306719855,BATCH_25,CS,25CS189
Naveen Yadav,2005-07-14,FEMALE,naveen_yadav@gmail.com,9466719342,BATCH_22,CI,22CI175
Jyoti Joshi,2004-01-13,MALE,jyotijoshi848@gmail.com,9245598516,BATCH_23,EC,23EC181
Siddharth Prasad,2004-12-20,FEMALE,siddharth.prasad29@gmail.com,9950904189,BATCH_22,EC,22EC183
Diya Kumar,2008-02-13,MALE,diya.kumar@gmail.com,9811246488,BATCH_26,CI,26CI190
Krishna Rani,2004-01-16,MALE,krishna.rani@gmail.com,9115959318,BATCH_22,CD,22CD189
Arjun Pandey,2007-03-30,MALE,arjun.pandey20@outlook.com,9923835223,BATCH_25,ME,25ME185
Esha Rani,2004-08-30,FEMALE,esharani649@outlook.com,9496719471,BATCH_22,CI,22CI176
Aarav Kumar,2006-10-18,MALE,aarav.kumar25@gmail.com,9951239728,BATCH_23,CM,23CM187
Lakshmi Kapoor,2005-01-14,MALE,lakshmi_kapoor@gmail.com,9607174811,BATCH_23,CM,23CM188
Om Chowdary,2009-08-23,MALE,omchowdary@gmail.com,9792445475,BATCH_26,EC,26EC176
Tanvi Sharma,2006-01-20,MALE,tanvi.sharma@gmail.com,9291681546,BATCH_24,EE,24EE189
Bhavya Gupta,2004-08-09,FEMALE,bhavya.gupta@yahoo.com,9328246306,BATCH_22,EC,22EC184
Nikhil Mohan,2004-03-09,MALE,nikhilmohan333@gmail.com,9655575768,BATCH_22,CS,22CS189
Dhruv Menon,2004-04-14,MALE,dhruvmenon824@outlook.com,9053788033,BATCH_23,EC,23EC182
Pranav Prasad,2004-08-04,FEMALE,pprasad@hotmail.com,9657200712,BATCH_22,CI,22CI177
Pranav Goud,2003-02-17,MALE,pranav_goud@gmail.com,9843113266,BATCH_22,CC,22CC174
Reyansh Rao,2004-02-26,FEMALE,reyansh.rao@outlook.com,9113697938,BATCH_22,ME,22ME183
Krishna Pillai,2003-11-09,MALE,krishna_pillai@gmail.com,9670692195,BATCH_22,CC,22CC175
Karthik Singh,2008-04-18,MALE,karthik_singh@yahoo.com,9138783056,BATCH_25,CD,25CD174
Nisha Kumar,2006-10-09,MALE,nisha.kumar5@gmail.com,9887447321,BATCH_25,CM,25CM188
Tanvi Krishnan,2008-11-15,MALE,tanvi.krishnan@yahoo.com,9822104016,BATCH_25,CI,25CI180
Tanvi Krishnan,2004-04-26,FEMALE,tanvi_krishnan@outlook.com,9620171114,BATCH_22,CD,22CD190
Vikram Reddy,2007-01-11,FEMALE,vreddy@outlook.com,9923271937,BATCH_25,EE,25EE186
Ira Devi,2005-06-13,MALE,iradevi318@gmail.com,9373377731,BATCH_23,CM,23CM189
Zoya Singh,2007-06-28,MALE,zoya.singh@hotmail.com,9085491248,BATCH_25,CC,25CC183
Divya Naidu,2006-11-24,MALE,divya_naidu@gmail.com,9891787356,BATCH_24,EC,24EC177
Ananya Desai,2007-11-15,FEMALE,ananya.desai97@gmail.com,9012717209,BATCH_24,CC,24CC185
Priya Babu,2004-04-20,MALE,priyababu@outlook.com,9428644976,BATCH_22,CC,22CC176
Yash Desai,2006-12-15,FEMALE,yash.desai66@gmail.com,9301864323,BATCH_23,CC,23CC185
Pranav Kapoor,2009-01-02,MALE,pranav.kapoor56@gmail.com,9040839366,BATCH_26,CD,26CD179
Tarun Raju,2004-01-30,OTHER,tarunraju688@gmail.com,9495069251,BATCH_22,CS,22CS190
Vivaan Singh,2004-07-20,MALE,vivaan.singh92@gmail.com,9096746272,BATCH_22,EC,22EC185
Gauri Rani,2008-05-17,MALE,gauri_rani@gmail.com,9463128420,BATCH_26,EC,26EC177
Om Patel,2006-10-28,MALE,ompatel622@gmail.com,9914353959,BATCH_24,CC,24CC186
Zoya Mishra,2005-12-23,MALE,zmishra@gmail.com,9332263731,BATCH_24,EC,24EC178
Chitra Rani,2007-07-25,MALE,chitra.rani77@gmail.com,9292917736,BATCH_25,CM,25CM189
Abhinav Kapoor,2010-07-02,MALE,abhinavkapoor@outlook.com,9816231539,BATCH_27,CI,27CI178
Om Naidu,2007-03-03,MALE,omnaidu25@gmail.com,9179963911,BATCH_26,CD,26CD180
Siddharth Joshi,2004-07-17,FEMALE,siddharth.joshi@gmail.com,9777639857,BATCH_22,ME,22ME184
Harini Gupta,2005-04-30,FEMALE,harini_gupta@gmail.com,9209980714,BATCH_23,ME,23ME186
Meera Joshi,2006-02-26,FEMALE,meera.joshi@yahoo.com,9824932832,BATCH_23,CS,23CS184
Manish Rani,2008-12-29,MALE,manishrani222@outlook.com,9965667640,BATCH_26,CC,26CC181
Nisha Pillai,2004-12-31,MALE,nishapillai538@gmail.com,9500953723,BATCH_23,EC,23EC183
Ananya Patel,2008-04-02,MALE,ananyapatel@gmail.com,9992023766,BATCH_26,CC,26CC182
Ira Iyer,2007-05-09,MALE,ira.iyer51@gmail.com,9953127344,BATCH_26,CM,26CM175
Tanvi Rao,2003-10-29,FEMALE,tanvi.rao@outlook.com,9403694811,BATCH_22,CC,22CC177
Ira Rao,2007-11-11,MALE,irarao485@gmail.com,9149373529,BATCH_25,CM,25CM190
Bhavya Patel,2008-11-29,FEMALE,bpatel@yahoo.com,9531386782,BATCH_26,EE,26EE185
Arjun Kumar,2005-06-06,FEMALE,arjunkumar954@gmail.com,9385286914,BATCH_22,CI,22CI178
Nisha Nair,2006-11-25,MALE,nisha.nair@gmail.com,9855971189,BATCH_24,CC,24CC187
Jyoti Singh,2004-10-24,FEMALE,jyoti.singh49@gmail.com,9487422434,BATCH_22,CS,22CS191
Naveen Babu,2008-05-03,FEMALE,naveenbabu@yahoo.com,9912878848,BATCH_26,ME,26ME176
Jyoti Iyer,2007-11-16,FEMALE,jyoti.iyer@gmail.com,9184882421,BATCH_24,CM,24CM184
Bhavya Malhotra,2008-10-09,MALE,bhavya.malhotra20@gmail.com,9346954495,BATCH_25,CD,25CD175
Siddharth Menon,2009-04-01,MALE,siddharthmenon742@gmail.com,9026838789,BATCH_26,CC,26CC183
Karthik Rani,2004-09-03,FEMALE,karthik_rani@gmail.com,9348140984,BATCH_22,CC,22CC178
Arjun Joshi,2008-02-06,MALE,arjun.joshi81@gmail.com,9283449207,BATCH_25,CC,25CC184
Rahul Rao,2007-08-13,MALE,rahul.rao54@gmail.com,9476775372,BATCH_25,CI,25CI181
Sanya Nair,2003-12-15,MALE,sanya.nair@gmail.com,9658236306,BATCH_22,CM,22CM188
Isha Babu,2008-12-11,FEMALE,isha.babu29@hotmail.com,9309673979,BATCH_26,CC,26CC184
Isha Chowdary,2007-05-25,FEMALE,ishachowdary779@gmail.com,9819011707,BATCH_25,CC,25CC185
Lakshmi Devi,2007-10-05,MALE,lakshmidevi381@gmail.com,9909066094,BATCH_26,EC,26EC178
Sanjay Rani,2005-09-15,FEMALE,sanjay.rani53@gmail.com,9179890330,BATCH_23,EE,23EE181
Naveen Goud,2008-12-29,FEMALE,naveen.goud73@gmail.com,9554904184,BATCH_26,CD,26CD181
Uday Mohan,2004-03-13,FEMALE,uday.mohan66@gmail.com,9715957696,BATCH_22,ME,22ME185
Nikhil Goud,2008-02-13,MALE,nikhilgoud890@gmail.com,9986550494,BATCH_26,ME,26ME177
Riya Chowdary,2005-08-01,FEMALE,riya.chowdary63@gmail.com,9507656738,BATCH_22,CI,22CI179
Nikhil Patel,2007-12-31,MALE,nikhil_patel@gmail.com,9437715789,BATCH_25,CC,25CC186
Meera Mishra,2006-06-16,MALE,meera.mishra47@gmail.com,9273976748,BATCH_24,CC,24CC188
Tarun Joshi,2009-10-04,MALE,tarun.joshi@gmail.com,9551074091,BATCH_26,ME,26ME178
Yash Sharma,2009-03-18,FEMALE,yash.sharma81@gmail.com,9109979885,BATCH_27,ME,27ME181
Arjun Iyer,2006-08-11,MALE,arjun.iyer@gmail.com,9828081621,BATCH_23,CI,23CI184
Karthik Kapoor,2007-01-15,MALE,karthik.kapoor68@gmail.com,9894406545,BATCH_25,CD,25CD176
Rahul Singh,2008-11-11,MALE,rahul.singh28@gmail.com,9533222739,BATCH_26,ME,26ME179
Nikhil Mishra,2005-03-12,MALE,nikhilmishra@yahoo.com,9855660847,BATCH_23,CM,23CM190
Nisha Nair,2006-06-27,MALE,nisha.nair26@gmail.com,9579431936,BATCH_24,CS,24CS187
Priya Chandra,2005-07-21,FEMALE,priyachandra493@gmail.com,9811807156,BATCH_23,CD,23CD185
Diya Singh,2007-09-18,MALE,diya_singh@yahoo.com,9826917768,BATCH_25,CI,25CI182
Krishna Mohan,2007-07-22,FEMALE,krishnamohan690@gmail.com,9524041574,BATCH_25,EE,25EE187
Sai Devi,2009-08-27,FEMALE,sdevi@hotmail.com,9606171255,BATCH_27,EC,27EC181
Riya Rao,2007-10-17,MALE,riyarao601@gmail.com,9222196937,BATCH_25,EE,25EE188
Ishaan Pillai,2008-02-03,MALE,ishaan.pillai73@outlook.com,9558221819,BATCH_25,ME,25ME186
Tanvi Malhotra,2009-02-19,MALE,tanvimalhotra243@gmail.com,9838446376,BATCH_27,CS,27CS195
Varun Kapoor,2004-10-05,MALE,varun.kapoor18@gmail.com,9955004796,BATCH_22,CD,22CD191
Siddharth Menon,2006-11-19,FEMALE,siddharthmenon@gmail.com,9663900045,BATCH_25,EC,25EC186
Naveen Singh,2007-01-11,MALE,naveensingh@yahoo.com,9243757383,BATCH_25,CS,25CS190
Vikram Pillai,2008-06-09,FEMALE,vikrampillai688@gmail.com,9670867009,BATCH_25,CI,25CI183
Lakshmi Chowdary,2007-08-13,MALE,lakshmichowdary@gmail.com,9250093219,BATCH_25,ME,25ME187
Tanvi Menon,2009-09-23,MALE,tanvimenon@gmail.com,9351612346,BATCH_27,EE,27EE177
Karthik Babu,2010-04-01,MALE,kbabu@hotmail.com,9098194014,BATCH_27,CM,27CM188
Vivaan Kumar,2007-07-16,FEMALE,vivaankumar582@gmail.com,9791207209,BATCH_25,EC,25EC187
Vihaan Kumar,2007-03-29,FEMALE,vihaan_kumar@hotmail.com,9453108124,BATCH_26,CM,26CM176
Diya Patel,2004-01-22,MALE,diyapatel157@gmail.com,9956418541,BATCH_23,CC,23CC186
Tarun Babu,2009-10-25,MALE,tarunbabu200@gmail.com,9038186832,BATCH_27,EC,27EC182
Uday Joshi,2007-08-07,FEMALE,uday.joshi49@gmail.com,9514660170,BATCH_26,EC,26EC179
Meera Pillai,2005-09-14,MALE,meera.pillai@yahoo.com,9363320948,BATCH_24,EC,24EC179
Rohan Naidu,2007-04-28,FEMALE,rohannaidu@gmail.com,9605797927,BATCH_24,CM,24CM185
Uday Raju,2009-01-04,FEMALE,uday.raju37@gmail.com,9581876240,BATCH_27,ME,27ME182
Ira Goud,2006-07-11,FEMALE,ira.goud@yahoo.com,9679825071,BATCH_24,ME,24ME182
Ishaan Devi,2006-03-10,FEMALE,ishaan_devi@gmail.com,9702317402,BATCH_24,CD,24CD183
Ira Reddy,2006-08-18,FEMALE,ira_reddy@gmail.com,9457456599,BATCH_24,EC,24EC180
Manish Krishnan,2008-03-06,MALE,manishkrishnan@gmail.com,9036096033,BATCH_26,CI,26CI191
Kavya Rao,2007-10-11,MALE,kavya.rao@yahoo.com,9471244977,BATCH_25,CC,25CC187
Chitra Desai,2007-07-27,FEMALE,chitra.desai53@gmail.com,9016685867,BATCH_25,CM,25CM191
Rahul Mishra,2005-09-01,FEMALE,rahulmishra@gmail.com,9132790332,BATCH_23,CI,23CI185
Ananya Iyer,2009-12-11,MALE,ananyaiyer500@gmail.com,9411602859,BATCH_27,CM,27CM189
Om Babu,2005-12-24,OTHER,om.babu99@gmail.com,9602076245,BATCH_23,EE,23EE182
Ira Iyer,2005-05-06,FEMALE,iraiyer598@gmail.com,9854728959,BATCH_22,EE,22EE184
Aditi Babu,2007-04-17,FEMALE,aditi.babu25@gmail.com,9676074105,BATCH_26,CM,26CM177
Gauri Malhotra,2006-12-20,FEMALE,gaurimalhotra850@gmail.com,9687443373,BATCH_24,EC,24EC181
Ishaan Iyer,2007-08-02,MALE,ishaan_iyer@yahoo.com,9268943012,BATCH_25,CI,25CI184
Nisha Reddy,2006-05-31,MALE,nishareddy164@gmail.com,9485959224,BATCH_24,EE,24EE190
Uday Reddy,2007-07-02,FEMALE,uday.reddy69@gmail.com,9869660963,BATCH_26,CM,26CM178
Tanvi Mohan,2006-10-20,MALE,tanvi.mohan10@gmail.com,9702146169,BATCH_25,ME,25ME188
Vivaan Babu,2006-06-04,FEMALE,vivaanbabu308@gmail.com,9250596310,BATCH_24,EC,24EC182
Nikhil Pillai,2006-05-23,MALE,nikhil.pillai20@gmail.com,9913577908,BATCH_24,EE,24EE191
Priya Nair,2008-09-05,MALE,priyanair943@gmail.com,9908132208,BATCH_27,CI,27CI179
Tarun Mishra,2006-08-09,MALE,tarun.mishra86@yahoo.com,9920666048,BATCH_25,CD,25CD177
Krishna Krishnan,2009-12-21,MALE,krishna_krishnan@gmail.com,9763433997,BATCH_27,CD,27CD184
Vivaan Menon,2005-12-07,MALE,vivaanmenon895@gmail.com,9743344210,BATCH_23,CC,23CC187
Arjun Kapoor,2007-06-18,MALE,arjun.kapoor@gmail.com,9456367988,BATCH_25,ME,25ME189
Rohan Menon,2004-12-16,FEMALE,rmenon@yahoo.com,9191594296,BATCH_22,EE,22EE185
Bhavya Mohan,2009-07-17,FEMALE,bmohan@gmail.com,9183442511,BATCH_26,CS,26CS176
Arjun Mohan,2006-05-03,FEMALE,arjun_mohan@gmail.com,9733312938,BATCH_24,EC,24EC183
Sanya Sharma,2007-09-11,MALE,sanyasharma574@yahoo.com,9658390187,BATCH_25,ME,25ME190
Gauri Sharma,2007-04-08,MALE,gauri_sharma@gmail.com,9155677521,BATCH_24,CS,24CS188
Om Rao,2009-08-06,MALE,om.rao@gmail.com,9244216961,BATCH_26,CD,26CD182
Sai Prasad,2004-04-05,OTHER,saiprasad967@gmail.com,9380869191,BATCH_22,CS,22CS192
Abhinav Kumar,2008-08-14,MALE,abhinav_kumar@gmail.com,9173043113,BATCH_27,CD,27CD185
Vihaan Iyer,2003-01-17,MALE,vihaaniyer@outlook.com,9817262829,BATCH_22,CC,22CC179
Diya Iyer,2009-04-07,FEMALE,diya.iyer82@gmail.com,9497197204,BATCH_27,CI,27CI180
Esha Mishra,2008-03-26,FEMALE,esha_mishra@outlook.com,9384357993,BATCH_26,CS,26CS177
Tarun Reddy,2009-06-15,MALE,tarun.reddy5@gmail.com,9841802955,BATCH_27,CC,27CC178
Naveen Babu,2008-02-03,MALE,naveen.babu@gmail.com,9791543698,BATCH_26,EC,26EC180
Ishaan Nair,2009-04-12,MALE,ishaan_nair@yahoo.com,9067509919,BATCH_26,CD,26CD183
Siddharth Yadav,2006-03-03,MALE,siddharthyadav470@gmail.com,9609365952,BATCH_25,CI,25CI185
Naveen Chowdary,2006-11-18,FEMALE,naveen.chowdary@gmail.com,9473322063,BATCH_23,CS,23CS185
Vihaan Naidu,2007-07-16,FEMALE,vihaan.naidu46@gmail.com,9716727022,BATCH_24,EC,24EC184
Lakshmi Kapoor,2006-08-20,MALE,lakshmikapoor@gmail.com,9571695402,BATCH_24,CI,24CI180
Karthik Kapoor,2006-03-24,FEMALE,karthikkapoor484@gmail.com,9928442213,BATCH_24,CC,24CC189
Priya Raju,2004-04-08,MALE,praju@gmail.com,9007915460,BATCH_22,CM,22CM189
Om Yadav,2009-06-01,MALE,om.yadav29@gmail.com,9994989763,BATCH_27,CD,27CD186
Lakshmi Rani,2006-11-02,MALE,lakshmirani643@gmail.com,9790638061,BATCH_24,CM,24CM186
Vihaan Desai,2008-03-17,FEMALE,vihaan.desai@gmail.com,9407413596,BATCH_27,CM,27CM190
Gauri Joshi,2004-03-01,FEMALE,gaurijoshi253@gmail.com,9680199034,BATCH_22,CC,22CC180
Rakesh Goud,2009-03-12,MALE,rakeshgoud403@gmail.com,9518833895,BATCH_27,CD,27CD187
Arjun Rao,2007-05-16,FEMALE,arjun.rao24@gmail.com,9337953111,BATCH_26,CC,26CC185
Lakshmi Mohan,2005-10-29,FEMALE,lakshmi.mohan10@hotmail.com,9571813410,BATCH_23,EE,23EE183
Priya Yadav,2006-07-16,FEMALE,priya.yadav22@gmail.com,9583527383,BATCH_24,CI,24CI181
Sai Mohan,2006-09-15,FEMALE,saimohan720@gmail.com,9374345096,BATCH_25,CD,25CD178
Manish Pandey,2006-07-19,FEMALE,manish.pandey63@gmail.com,9470900633,BATCH_23,CD,23CD186
Jyoti Kapoor,2006-05-12,MALE,jyoti.kapoor@gmail.com,9266053392,BATCH_23,CS,23CS186
Rakesh Patel,2005-07-20,MALE,rakesh.patel69@gmail.com,9483895337,BATCH_22,EC,22EC186
Yash Patel,2005-04-05,FEMALE,yashpatel@gmail.com,9256629523,BATCH_23,CI,23CI186
Bhavya Patel,2008-07-30,MALE,bhavya.patel51@gmail.com,9139557458,BATCH_26,CM,26CM179
Ira Nair,2003-07-23,MALE,ira_nair@outlook.com,9382988524,BATCH_22,CM,22CM190
Om Raju,2005-08-09,MALE,om.raju67@gmail.com,9318829787,BATCH_23,EE,23EE184
Sanya Nair,2005-11-25,MALE,sanyanair388@gmail.com,9582430558,BATCH_24,CM,24CM187
Kavya Yadav,2005-10-16,FEMALE,kavyayadav279@yahoo.com,9220903240,BATCH_23,CS,23CS187
Om Desai,2007-09-09,FEMALE,om.desai9@gmail.com,9624671978,BATCH_25,CS,25CS191
Vivaan Devi,2006-10-24,FEMALE,vivaan.devi4@yahoo.com,9134342966,BATCH_23,CS,23CS188
Zoya Goud,2005-11-11,FEMALE,zoya.goud@yahoo.com,9610290871,BATCH_23,CM,23CM191
Priya Menon,2005-01-21,MALE,pmenon@gmail.com,9246295668,BATCH_22,EE,22EE186
Gauri Raju,2006-02-20,MALE,gauri_raju@gmail.com,9308523156,BATCH_23,CC,23CC188
Zoya Mishra,2005-07-26,FEMALE,zoya.mishra26@gmail.com,9475661396,BATCH_22,EE,22EE187
Ananya Desai,2006-06-15,MALE,ananya.desai@gmail.com,9939836845,BATCH_24,ME,24ME183
Bhavya Naidu,2005-03-26,MALE,bhavya.naidu74@gmail.com,9921332406,BATCH_24,EC,24EC185
Ira Babu,2008-04-02,MALE,irababu285@outlook.com,9372643205,BATCH_25,CD,25CD179
Naveen Rani,2005-05-26,FEMALE,naveenrani275@gmail.com,9658617284,BATCH_23,CC,23CC189
Priya Devi,2005-09-11,OTHER,priyadevi@gmail.com,9327021648,BATCH_24,EE,24EE192
Nikhil Devi,2006-07-06,MALE,nikhildevi532@gmail.com,9505181761,BATCH_24,CI,24CI182
Siddharth Mohan,2004-07-13,MALE,siddharth_mohan@yahoo.com,9886751857,BATCH_22,EC,22EC187
Arjun Mohan,2008-11-24,MALE,arjunmohan235@gmail.com,9697486978,BATCH_26,CM,26CM180
Aditya Patel,2009-05-19,FEMALE,adityapatel@hotmail.com,9174860064,BATCH_27,CD,27CD188
Harini Pillai,2006-08-16,MALE,harini.pillai@yahoo.com,9343466095,BATCH_23,CC,23CC190
Isha Mohan,2008-04-08,FEMALE,isha_mohan@outlook.com,9643507019,BATCH_26,CD,26CD184
Dhruv Mishra,2009-04-08,MALE,dhruv.mishra75@gmail.com,9947312549,BATCH_26,CI,26CI192
Chitra Raju,2005-06-19,MALE,chitra.raju45@gmail.com,9237100687,BATCH_24,EE,24EE193
Kabir Nair,2009-06-28,FEMALE,kabir.nair95@yahoo.com,9401315350,BATCH_26,CC,26CC186
Divya Goud,2006-07-27,FEMALE,divya.goud59@gmail.com,9747427685,BATCH_23,ME,23ME187
Priya Sharma,2007-11-24,MALE,priya_sharma@gmail.com,9145057661,BATCH_25,CI,25CI186
Nikhil Pandey,2008-05-02,OTHER,nikhilpandey@yahoo.com,9591275362,BATCH_27,EC,27EC183
Kavya Pillai,2009-09-25,FEMALE,kavyapillai@gmail.com,9848805954,BATCH_27,ME,27ME183
Pranav Nair,2004-04-01,MALE,pnair@outlook.com,9900372470,BATCH_22,CS,22CS193
Gauri Yadav,2007-07-18,FEMALE,gauriyadav867@yahoo.com,9841434462,BATCH_25,ME,25ME191
Zoya Rao,2008-09-03,MALE,zoyarao@gmail.com,9567794668,BATCH_26,EC,26EC181
Pranav Mohan,2009-07-05,MALE,pranav.mohan20@outlook.com,9610067990,BATCH_26,ME,26ME180
Sanjay Prasad,2008-07-17,MALE,sanjay.prasad50@gmail.com,9611262030,BATCH_25,CD,25CD180
Rohan Menon,2009-02-19,MALE,rohanmenon@gmail.com,9395796562,BATCH_27,CM,27CM191
Karthik Krishnan,2007-12-13,MALE,karthik.krishnan@gmail.com,9362620443,BATCH_25,CS,25CS192
Harini Pillai,2004-11-09,FEMALE,harinipillai940@outlook.com,9635768662,BATCH_23,CC,23CC191
Arjun Gupta,2007-10-13,FEMALE,arjun_gupta@gmail.com,9028125954,BATCH_26,EE,26EE186
Ananya Iyer,2005-07-13,FEMALE,ananya.iyer83@gmail.com,9153908302,BATCH_22,CI,22CI180
Esha Goud,2007-01-06,MALE,eshagoud474@outlook.com,9631059507,BATCH_24,CC,24CC190
Ananya Gupta,2007-07-22,FEMALE,ananya.gupta92@gmail.com,9515854345,BATCH_25,CC,25CC188
Aditi Chandra,2007-08-15,MALE,aditichandra403@gmail.com,9456424008,BATCH_24,ME,24ME184
Aditi Prasad,2006-03-15,MALE,aditi.prasad25@gmail.com,9555625881,BATCH_25,EE,25EE189
Reyansh Babu,2005-02-08,FEMALE,reyanshbabu840@gmail.com,9134843391,BATCH_22,CC,22CC181
Bhavya Pandey,2010-04-21,FEMALE,bhavya.pandey@gmail.com,9503366894,BATCH_27,EC,27EC184
Naveen Joshi,2010-11-25,FEMALE,naveen_joshi@gmail.com,9371650942,BATCH_27,CM,27CM192
Bhavya Desai,2005-12-10,MALE,bhavyadesai868@gmail.com,9358099456,BATCH_22,CI,22CI181
Sanya Chandra,2009-05-02,FEMALE,sanyachandra@yahoo.com,9812405792,BATCH_27,EE,27EE178
Nisha Gupta,2007-08-24,MALE,nishagupta742@gmail.com,9697499564,BATCH_25,CS,25CS193
Naveen Goud,2008-06-11,FEMALE,ngoud@hotmail.com,9472815706,BATCH_26,EC,26EC182
Lakshmi Kapoor,2008-08-19,MALE,lakshmikapoor371@gmail.com,9890885069,BATCH_26,CS,26CS178
Om Malhotra,2005-10-03,FEMALE,om_malhotra@outlook.com,9268687640,BATCH_23,EC,23EC184
Dhruv Pillai,2004-08-29,MALE,dhruv_pillai@gmail.com,9330990009,BATCH_22,EC,22EC188
Kavya Gupta,2004-05-25,FEMALE,kavyagupta73@gmail.com,9983671467,BATCH_22,EC,22EC189
Ishaan Reddy,2009-11-18,FEMALE,ishaanreddy265@gmail.com,9550990701,BATCH_27,EE,27EE179
Arjun Malhotra,2006-04-08,FEMALE,arjunmalhotra@gmail.com,9215294176,BATCH_25,ME,25ME192
Lakshmi Patel,2007-11-06,FEMALE,lakshmipatel758@gmail.com,9784200141,BATCH_26,CM,26CM181
Varun Nair,2005-08-23,MALE,varunnair783@gmail.com,9924761740,BATCH_24,EC,24EC186
Rohan Naidu,2005-03-02,MALE,rohan.naidu86@outlook.com,9365177739,BATCH_24,ME,24ME185
Varun Raju,2009-09-03,FEMALE,varunraju53@outlook.com,9356232770,BATCH_27,CC,27CC179
Reyansh Pillai,2009-11-05,FEMALE,reyanshpillai@outlook.com,9290833826,BATCH_26,EC,26EC183
Lakshmi Gupta,2009-09-11,MALE,lakshmi.gupta@gmail.com,9726292875,BATCH_26,CI,26CI193
Vihaan Menon,2006-12-07,FEMALE,vihaan.menon34@gmail.com,9901380698,BATCH_23,CD,23CD187
Vikram Raju,2004-06-21,FEMALE,vikram.raju60@gmail.com,9415305386,BATCH_22,CI,22CI182
Arjun Singh,2007-06-05,FEMALE,arjun_singh@outlook.com,9747053110,BATCH_26,CC,26CC187
Esha Desai,2008-04-12,MALE,eshadesai@yahoo.com,9374612157,BATCH_26,CC,26CC188
Harini Iyer,2008-03-21,FEMALE,hariniiyer791@gmail.com,9907522775,BATCH_26,CD,26CD185
Diya Mishra,2008-05-10,FEMALE,diya.mishra18@gmail.com,9371171856,BATCH_27,ME,27ME184
Gauri Chowdary,2009-06-12,FEMALE,gchowdary@gmail.com,9961689149,BATCH_27,EE,27EE180
Jyoti Rao,2010-07-18,MALE,jyoti.rao37@hotmail.com,9250698935,BATCH_27,CC,27CC180
Rakesh Nair,2009-05-15,MALE,rakeshnair@gmail.com,9458905730,BATCH_27,ME,27ME185
Jyoti Naidu,2007-11-18,FEMALE,jyoti.naidu20@outlook.com,9530922665,BATCH_26,CD,26CD186
Aditi Reddy,2006-06-17,FEMALE,aditi.reddy15@gmail.com,9931746120,BATCH_25,EE,25EE190
Dhruv Kapoor,2007-12-03,FEMALE,dhruv_kapoor@gmail.com,9272477115,BATCH_25,ME,25ME193
Vivaan Kumar,2006-04-28,FEMALE,vivaan.kumar@outlook.com,9423221091,BATCH_25,CD,25CD181
Riya Rao,2009-01-28,FEMALE,riya.rao@gmail.com,9873922198,BATCH_26,CC,26CC189
Ananya Chandra,2007-08-31,MALE,ananyachandra231@outlook.com,9972754581,BATCH_25,CC,25CC189
Harini Gupta,2004-07-26,MALE,harinigupta586@gmail.com,9263789200,BATCH_22,ME,22ME186
Tanvi Prasad,2004-02-06,FEMALE,tanvi.prasad82@gmail.com,9767553981,BATCH_22,CC,22CC182
Divya Naidu,2007-09-11,FEMALE,divya.naidu14@yahoo.com,9730614601,BATCH_25,ME,25ME194
Diya Krishnan,2005-02-04,MALE,diyakrishnan473@outlook.com,9887223530,BATCH_23,CS,23CS189
Kabir Yadav,2006-09-28,MALE,kabir_yadav@gmail.com,9121185885,BATCH_25,CC,25CC190
Riya Naidu,2007-01-01,FEMALE,riyanaidu@outlook.com,9088887641,BATCH_24,CI,24CI183
Priya Patel,2008-08-09,FEMALE,priyapatel425@gmail.com,9050590855,BATCH_26,CS,26CS179
Om Iyer,2005-03-02,FEMALE,om.iyer32@gmail.com,9678725686,BATCH_23,CD,23CD188
Diya Iyer,2005-09-08,FEMALE,diya.iyer94@yahoo.com,9568348227,BATCH_23,CS,23CS190
Aarav Iyer,2009-03-17,FEMALE,aarav.iyer15@gmail.com,9567611258,BATCH_27,CC,27CC181
Tarun Reddy,2004-08-10,FEMALE,tarunreddy725@gmail.com,9406756020,BATCH_23,EC,23EC185
Riya Kumar,2010-09-07,FEMALE,riya.kumar72@gmail.com,9731319749,BATCH_27,CI,27CI181
Karthik Mohan,2005-07-15,MALE,karthikmohan325@gmail.com,9276028043,BATCH_23,ME,23ME188
Tarun Krishnan,2004-02-26,FEMALE,tarun.krishnan89@gmail.com,9276620808,BATCH_22,CC,22CC183
Rohan Nair,2007-01-18,MALE,rohan.nair22@gmail.com,9593706272,BATCH_25,CM,25CM192
Rahul Devi,2005-04-26,FEMALE,rahuldevi@gmail.com,9126500754,BATCH_23,ME,23ME189
Esha Reddy,2007-03-10,FEMALE,ereddy@outlook.com,9456506098,BATCH_25,EE,25EE191
Diya Singh,2005-05-18,FEMALE,diya_singh@gmail.com,9155216674,BATCH_24,ME,24ME186
Aditi Desai,2005-07-25,MALE,aditi.desai@hotmail.com,9209631786,BATCH_22,EE,22EE188
Chitra Patel,2007-12-15,FEMALE,chitra.patel93@gmail.com,9035797279,BATCH_24,ME,24ME187
Aditya Pandey,2006-10-28,FEMALE,adityapandey@gmail.com,9258578398,BATCH_25,ME,25ME195
Tarun Nair,2005-09-07,OTHER,tarun.nair@gmail.com,9420282810,BATCH_23,CI,23CI187
Vikram Malhotra,2008-12-28,FEMALE,vikrammalhotra180@gmail.com,9075059990,BATCH_26,EC,26EC184
Varun Goud,2009-11-22,OTHER,varungoud635@gmail.com,9906516512,BATCH_27,EC,27EC185
Aditya Krishnan,2006-04-03,MALE,adityakrishnan@gmail.com,9032730634,BATCH_24,CM,24CM188
Tarun Gupta,2008-08-05,MALE,tarungupta201@yahoo.com,9764249547,BATCH_27,EE,27EE181
Esha Rani,2009-05-07,OTHER,esharani874@outlook.com,9824698716,BATCH_27,EE,27EE182
Vikram Singh,2007-05-25,FEMALE,vikramsingh70@gmail.com,9225393922,BATCH_25,EC,25EC188
Naveen Sharma,2004-12-26,FEMALE,nsharma@hotmail.com,9146703128,BATCH_22,CD,22CD192
Priya Malhotra,2008-04-13,MALE,priya.malhotra88@gmail.com,9701577441,BATCH_27,CD,27CD189
Vivaan Pandey,2007-01-02,MALE,vivaan.pandey51@gmail.com,9026755475,BATCH_24,CD,24CD184
Divya Sharma,2005-01-26,MALE,divya.sharma91@gmail.com,9768205426,BATCH_23,EE,23EE185
Kabir Goud,2005-11-10,FEMALE,kabir.goud46@gmail.com,9847835016,BATCH_23,CS,23CS191
Varun Chowdary,2007-11-25,FEMALE,varunchowdary@outlook.com,9235469510,BATCH_26,ME,26ME181
Sai Malhotra,2009-09-11,FEMALE,saimalhotra299@gmail.com,9989691024,BATCH_27,CI,27CI182
Sai Malhotra,2007-07-08,FEMALE,saimalhotra980@gmail.com,9539453452,BATCH_26,CI,26CI194
Nisha Prasad,2007-06-03,FEMALE,nishaprasad@gmail.com,9101666870,BATCH_25,EE,25EE192
Arjun Rani,2005-07-06,MALE,arjunrani573@gmail.com,9270087803,BATCH_23,CI,23CI188
Meera Malhotra,2008-09-29,MALE,meera.malhotra@gmail.com,9288745871,BATCH_25,CD,25CD182
Divya Rao,2008-06-03,FEMALE,divyarao700@gmail.com,9810930548,BATCH_25,CD,25CD183
Manish Iyer,2004-05-24,FEMALE,manish.iyer11@gmail.com,9028914161,BATCH_23,CD,23CD189
Vivaan Devi,2006-02-13,FEMALE,vivaandevi362@gmail.com,9985778734,BATCH_24,CI,24CI184
Yash Gupta,2007-11-24,FEMALE,yash.gupta24@gmail.com,9772504025,BATCH_25,EC,25EC189
Om Desai,2007-12-20,MALE,omdesai632@gmail.com,9599571947,BATCH_26,EC,26EC185
Abhinav Chowdary,2006-08-27,FEMALE,abhinav.chowdary@gmail.com,9087027282,BATCH_23,CC,23CC192
Divya Malhotra,2007-01-02,MALE,divya.malhotra92@gmail.com,9718116944,BATCH_25,CM,25CM193
Kabir Gupta,2006-08-13,MALE,kabir.gupta56@gmail.com,9324491342,BATCH_24,EE,24EE194
Sai Yadav,2004-12-28,FEMALE,saiyadav640@gmail.com,9580218834,BATCH_22,ME,22ME187
Gauri Menon,2003-07-26,FEMALE,gaurimenon706@gmail.com,9865629258,BATCH_22,EC,22EC190
Nisha Pandey,2004-01-19,MALE,nishapandey@yahoo.com,9275945425,BATCH_22,CI,22CI183
Ananya Desai,2004-08-22,FEMALE,ananya.desai23@gmail.com,9099190798,BATCH_22,CD,22CD193
Meera Krishnan,2005-06-19,MALE,meera.krishnan@gmail.com,9107620918,BATCH_23,CD,23CD190
Lakshmi Menon,2006-02-21,MALE,lakshmi.menon84@gmail.com,9686708855,BATCH_25,CD,25CD184
Rakesh Mishra,2009-12-13,MALE,rakesh.mishra@gmail.com,9712199939,BATCH_26,CS,26CS180
Arjun Pillai,2008-03-26,MALE,arjunpillai@hotmail.com,9040852063,BATCH_26,CM,26CM182
Aditi Malhotra,2003-08-04,FEMALE,aditimalhotra31@outlook.com,9887064108,BATCH_22,CS,22CS194
Rakesh Patel,2006-11-17,MALE,rakesh.patel54@gmail.com,9637027702,BATCH_24,CM,24CM189
Manish Menon,2003-07-12,MALE,manish.menon55@gmail.com,9724030546,BATCH_22,CI,22CI184
Rakesh Nair,2010-10-25,MALE,rakesh_nair@gmail.com,9164467769,BATCH_27,CS,27CS196
Aditi Malhotra,2004-11-01,MALE,aditi.malhotra@gmail.com,9087131972,BATCH_22,CD,22CD194
Rakesh Malhotra,2006-12-18,FEMALE,rakesh_malhotra@gmail.com,9869274290,BATCH_24,CS,24CS189
Pranav Prasad,2005-07-04,MALE,pranav.prasad@gmail.com,9796593149,BATCH_23,CI,23CI189
Rakesh Krishnan,2005-12-18,FEMALE,rakesh.krishnan34@gmail.com,9748561366,BATCH_23,CS,23CS192
Karthik Sharma,2009-04-17,OTHER,karthiksharma560@gmail.com,9703877464,BATCH_27,ME,27ME186
Rahul Patel,2006-01-19,FEMALE,rahul.patel@gmail.com,9211045498,BATCH_24,CI,24CI185
Esha Mohan,2009-08-08,MALE,eshamohan147@gmail.com,9555146599,BATCH_27,CD,27CD190
Jyoti Desai,2008-06-29,MALE,jyotidesai175@outlook.com,9471927054,BATCH_26,CS,26CS181
Sanjay Sharma,2008-05-04,MALE,sanjaysharma303@gmail.com,9487422749,BATCH_25,CC,25CC191
Zoya Mohan,2005-11-16,FEMALE,zoyamohan631@hotmail.com,9042698087,BATCH_24,CC,24CC191
Tanvi Devi,2008-06-28,FEMALE,tdevi@hotmail.com,9879579711,BATCH_26,CS,26CS182
Aditi Rani,2004-12-26,MALE,aditi_rani@yahoo.com,9367317421,BATCH_22,CS,22CS195
Rakesh Menon,2006-12-26,FEMALE,rakeshmenon@outlook.com,9244214610,BATCH_24,CI,24CI186
Aarav Menon,2007-05-17,MALE,aaravmenon167@gmail.com,9549904530,BATCH_25,EE,25EE193
Vivaan Malhotra,2008-08-09,MALE,vivaanmalhotra516@outlook.com,9908877578,BATCH_27,EE,27EE183
Sanya Singh,2005-07-09,FEMALE,sanya.singh59@gmail.com,9747583392,BATCH_23,CM,23CM192
Diya Mohan,2006-11-01,MALE,diya_mohan@gmail.com,9449493078,BATCH_24,CI,24CI187
Manish Patel,2009-08-26,FEMALE,mpatel@yahoo.com,9308824035,BATCH_27,CC,27CC182
Varun Yadav,2003-02-28,FEMALE,varunyadav179@gmail.com,9617050221,BATCH_22,CC,22CC184
Kavya Sharma,2005-01-02,FEMALE,kavya_sharma@gmail.com,9710159559,BATCH_24,CM,24CM190
Riya Pillai,2005-05-10,MALE,riyapillai328@yahoo.com,9685192617,BATCH_24,CS,24CS190
Ananya Chowdary,2007-08-27,FEMALE,ananya.chowdary24@gmail.com,9207036798,BATCH_24,CC,24CC192
Om Pillai,2006-03-02,FEMALE,om.pillai71@yahoo.com,9363527764,BATCH_23,CI,23CI190
Sai Rao,2005-02-11,MALE,sairao456@gmail.com,9476834201,BATCH_23,CD,23CD191
Yash Verma,2005-03-28,MALE,yash_verma@gmail.com,9156910851,BATCH_22,CM,22CM191
Ananya Menon,2008-04-13,MALE,ananyamenon822@outlook.com,9931649095,BATCH_26,CM,26CM183
Aditi Prasad,2004-05-25,FEMALE,aditiprasad8@outlook.com,9931639348,BATCH_22,CS,22CS196
Uday Singh,2007-07-24,MALE,uday_singh@gmail.com,9568154098,BATCH_24,CC,24CC193
Diya Kumar,2009-02-03,FEMALE,diyakumar183@outlook.com,9994934499,BATCH_27,EC,27EC186
Sai Kapoor,2006-01-12,FEMALE,skapoor@hotmail.com,9343743256,BATCH_23,CC,23CC193
Ishaan Raju,2008-05-18,MALE,ishaanraju787@gmail.com,9198306323,BATCH_26,CC,26CC190
Esha Desai,2009-05-04,MALE,edesai@outlook.com,9019115431,BATCH_27,ME,27ME187
Diya Menon,2005-01-30,FEMALE,diya.menon73@yahoo.com,9678144649,BATCH_23,CI,23CI191
Naveen Rao,2004-11-26,MALE,naveenrao614@gmail.com,9623763459,BATCH_22,CD,22CD195
Pranav Reddy,2007-11-01,MALE,preddy@hotmail.com,9780678246,BATCH_25,CM,25CM194
Ananya Gupta,2008-03-12,MALE,ananyagupta607@gmail.com,9022711318,BATCH_26,EC,26EC186
Ananya Krishnan,2006-07-28,FEMALE,ananya.krishnan91@gmail.com,9574902504,BATCH_24,EE,24EE195
Tanvi Prasad,2004-04-22,MALE,tanvi_prasad@gmail.com,9268862194,BATCH_23,ME,23ME190
Dhruv Yadav,2009-05-04,FEMALE,dhruv.yadav@gmail.com,9710897335,BATCH_27,EE,27EE184
Tarun Rao,2003-07-08,MALE,tarunrao563@hotmail.com,9191320585,BATCH_22,CD,22CD196
Kabir Devi,2004-09-06,MALE,kabirdevi992@hotmail.com,9502209924,BATCH_22,CM,22CM192
Ira Babu,2009-05-13,MALE,ira.babu@gmail.com,9831749360,BATCH_27,EC,27EC187
Vikram Verma,2007-06-21,MALE,vikramverma@outlook.com,9793775901,BATCH_25,CM,25CM195
Sanya Patel,2009-08-10,FEMALE,sanya.patel27@gmail.com,9369008973,BATCH_27,ME,27ME188
Divya Rani,2008-05-16,MALE,divya.rani77@yahoo.com,9972655713,BATCH_26,CM,26CM184
Nisha Malhotra,2004-10-11,MALE,nisha.malhotra66@gmail.com,9036719994,BATCH_22,CS,22CS197
Divya Verma,2006-10-16,FEMALE,divyaverma73@gmail.com,9166551728,BATCH_24,CI,24CI188
Tarun Yadav,2007-04-20,FEMALE,tarunyadav601@gmail.com,9144170646,BATCH_25,CI,25CI187
Aditya Menon,2004-09-15,FEMALE,aditya.menon1@yahoo.com,9017454696,BATCH_22,CI,22CI185
Reyansh Chandra,2007-12-12,FEMALE,reyanshchandra759@gmail.com,9753409619,BATCH_24,EC,24EC187
Reyansh Rao,2005-08-27,FEMALE,reyanshrao491@gmail.com,9663404197,BATCH_24,CD,24CD185
Abhinav Nair,2005-11-14,FEMALE,abhinav.nair77@outlook.com,9102574326,BATCH_23,CD,23CD192
Divya Reddy,2004-06-26,FEMALE,divya.reddy43@gmail.com,9262738276,BATCH_22,CS,22CS198
Priya Desai,2006-10-22,FEMALE,priyadesai217@outlook.com,9506410318,BATCH_24,CD,24CD186
Meera Yadav,2007-08-19,FEMALE,meerayadav554@gmail.com,9338719183,BATCH_24,CM,24CM191
Kabir Verma,2004-07-20,MALE,kabirverma526@gmail.com,9931177355,BATCH_23,ME,23ME191
Vikram Kumar,2008-04-14,MALE,vikramkumar407@outlook.com,9935130399,BATCH_26,CI,26CI195
Kabir Menon,2005-01-29,FEMALE,kabir_menon@gmail.com,9929969528,BATCH_22,CD,22CD197
Aditi Mohan,2008-02-23,FEMALE,aditi.mohan74@yahoo.com,9472463019,BATCH_26,ME,26ME182
Meera Nair,2003-11-21,MALE,meeranair729@gmail.com,9158996099,BATCH_22,CS,22CS199
Zoya Pandey,2006-05-12,FEMALE,zoyapandey@gmail.com,9299663907,BATCH_24,CC,24CC194
Zoya Joshi,2008-12-19,FEMALE,zoyajoshi631@gmail.com,9323197670,BATCH_25,EC,25EC190
Siddharth Chandra,2010-05-04,FEMALE,siddharth_chandra@hotmail.com,9801155769,BATCH_27,CM,27CM193
Tanvi Pandey,2004-07-23,FEMALE,tpandey@yahoo.com,9906476405,BATCH_22,CM,22CM193
Dhruv Chowdary,2009-10-16,MALE,dhruv_chowdary@outlook.com,9215156944,BATCH_27,CI,27CI183
Gauri Krishnan,2008-02-24,MALE,gauri.krishnan6@gmail.com,9985967183,BATCH_26,CM,26CM185
Riya Joshi,2008-10-28,MALE,riya.joshi22@gmail.com,9490817003,BATCH_25,CD,25CD185
Rahul Mishra,2006-04-06,MALE,rahul.mishra82@gmail.com,9926205555,BATCH_24,CD,24CD187
Aditya Kumar,2005-07-28,FEMALE,akumar@outlook.com,9043878753,BATCH_24,EE,24EE196
Karthik Chowdary,2005-10-11,MALE,karthikchowdary@gmail.com,9335974876,BATCH_22,CC,22CC185
Divya Desai,2009-09-04,FEMALE,divyadesai942@gmail.com,9253081580,BATCH_27,CI,27CI184
Zoya Kumar,2008-09-21,MALE,zoyakumar529@gmail.com,9230768104,BATCH_25,CS,25CS194
Siddharth Joshi,2008-09-30,FEMALE,siddharthjoshi832@yahoo.com,9613643235,BATCH_27,ME,27ME189
Kabir Malhotra,2008-06-30,MALE,kabir.malhotra74@yahoo.com,9149473965,BATCH_26,CS,26CS183
Nisha Kumar,2009-06-16,MALE,nishakumar462@gmail.com,9324216943,BATCH_26,CM,26CM186
Harini Joshi,2008-05-07,MALE,harini_joshi@yahoo.com,9242547595,BATCH_26,EE,26EE187
Divya Reddy,2008-02-06,MALE,divya.reddy71@gmail.com,9710147824,BATCH_26,EC,26EC187
Sai Sharma,2006-04-11,MALE,sai_sharma@gmail.com,9911153202,BATCH_25,CD,25CD186
Chitra Prasad,2009-04-07,MALE,cprasad@gmail.com,9401074902,BATCH_27,EE,27EE185
Vihaan Devi,2006-11-10,MALE,vihaan.devi@gmail.com,9100262312,BATCH_24,CM,24CM192
Meera Babu,2007-05-18,FEMALE,meera.babu60@yahoo.com,9648209872,BATCH_26,CS,26CS184
Pranav Prasad,2006-06-17,MALE,pranavprasad@gmail.com,9242816945,BATCH_24,CC,24CC195
Vihaan Gupta,2007-10-04,FEMALE,vihaan.gupta@gmail.com,9753741260,BATCH_24,CS,24CS191
Riya Babu,2006-06-27,FEMALE,riya.babu69@gmail.com,9628900287,BATCH_24,ME,24ME188
Arjun Sharma,2007-07-19,MALE,arjunsharma196@gmail.com,9277657256,BATCH_25,CI,25CI188
Harini Reddy,2009-03-18,MALE,harini.reddy2@gmail.com,9097550617,BATCH_27,CC,27CC183
Manish Chandra,2004-01-06,MALE,manishchandra@gmail.com,9160762650,BATCH_22,EE,22EE189
Gauri Singh,2007-04-28,MALE,gauri.singh@hotmail.com,9703597978,BATCH_24,CS,24CS192
Chitra Iyer,2009-03-14,FEMALE,chitraiyer@yahoo.com,9061559892,BATCH_26,EE,26EE188
Arjun Kumar,2007-04-03,FEMALE,arjun.kumar88@outlook.com,9909304376,BATCH_26,CC,26CC191
Kabir Chandra,2009-01-17,FEMALE,kabirchandra@gmail.com,9969657385,BATCH_27,ME,27ME190
Diya Pillai,2009-10-22,FEMALE,diya.pillai@gmail.com,9878192147,BATCH_27,CC,27CC184
Om Nair,2008-02-28,MALE,omnair160@gmail.com,9412770153,BATCH_27,EC,27EC188
Esha Iyer,2004-07-21,MALE,eshaiyer@gmail.com,9015550155,BATCH_22,CM,22CM194
Ishaan Chandra,2004-10-10,FEMALE,ishaan_chandra@gmail.com,9348195714,BATCH_22,EE,22EE190
Ira Devi,2007-07-28,OTHER,ira.devi@gmail.com,9881303846,BATCH_25,EC,25EC191
Uday Pillai,2006-06-08,MALE,uday_pillai@gmail.com,9214316651,BATCH_23,EE,23EE186
Yash Singh,2006-06-16,MALE,yash.singh89@gmail.com,9409150863,BATCH_24,EE,24EE197
Krishna Malhotra,2005-11-19,MALE,krishna.malhotra33@gmail.com,9194001129,BATCH_24,CI,24CI189
Diya Patel,2007-03-08,MALE,diyapatel960@hotmail.com,9930958720,BATCH_24,CC,24CC196
Rahul Babu,2007-04-29,FEMALE,rahul.babu61@gmail.com,9164958649,BATCH_25,CC,25CC192
Riya Iyer,2005-06-21,MALE,riyaiyer111@gmail.com,9002309729,BATCH_23,EE,23EE187
Priya Devi,2007-04-26,FEMALE,priya.devi@gmail.com,9345004195,BATCH_26,CS,26CS185
Om Singh,2005-08-18,MALE,osingh@hotmail.com,9966186957,BATCH_22,CC,22CC186
Aarav Devi,2004-02-12,MALE,aarav.devi2@yahoo.com,9648959353,BATCH_22,CI,22CI186
Sai Patel,2006-10-01,FEMALE,sai.patel57@gmail.com,9734808514,BATCH_24,CI,24CI190
Kabir Goud,2004-03-16,FEMALE,kabirgoud173@gmail.com,9031589258,BATCH_22,CC,22CC187
Esha Kumar,2008-02-05,MALE,esha.kumar@gmail.com,9358263747,BATCH_27,ME,27ME191
Krishna Malhotra,2009-12-08,FEMALE,krishna.malhotra38@gmail.com,9489332614,BATCH_26,ME,26ME183
Priya Rani,2004-08-19,FEMALE,priya_rani@gmail.com,9567922877,BATCH_23,CD,23CD193
Ishaan Chowdary,2008-02-14,MALE,ishaanchowdary831@gmail.com,9528932816,BATCH_27,CI,27CI185
Rahul Gupta,2005-08-24,FEMALE,rahul.gupta17@gmail.com,9226414756,BATCH_22,EC,22EC191
Kavya Nair,2006-02-14,FEMALE,kavya.nair43@gmail.com,9465669380,BATCH_24,ME,24ME189
Varun Singh,2006-02-18,MALE,varunsingh552@gmail.com,9251738417,BATCH_23,CS,23CS193
Abhinav Mishra,2004-09-02,FEMALE,abhinavmishra@yahoo.com,9668098460,BATCH_22,EC,22EC192
Vivaan Nair,2006-07-21,MALE,vivaan.nair18@gmail.com,9566668327,BATCH_25,CS,25CS195
Harini Patel,2008-04-03,FEMALE,hpatel@outlook.com,9148196424,BATCH_27,EC,27EC189
Meera Pillai,2005-04-22,FEMALE,meera.pillai34@gmail.com,9184919665,BATCH_24,EE,24EE198
Riya Reddy,2008-10-20,FEMALE,riyareddy@gmail.com,9136817203,BATCH_26,ME,26ME184
Kavya Babu,2006-03-07,FEMALE,kavya.babu49@gmail.com,9355172748,BATCH_24,CC,24CC197
Divya Raju,2008-11-30,MALE,draju@outlook.com,9602093137,BATCH_26,CM,26CM187
Priya Reddy,2005-10-15,MALE,priya.reddy8@gmail.com,9382710123,BATCH_23,EC,23EC186
Arjun Goud,2008-11-05,MALE,arjun.goud@gmail.com,9163354715,BATCH_25,ME,25ME196
Jyoti Desai,2005-07-15,MALE,jyotidesai792@gmail.com,9637637335,BATCH_23,CS,23CS194
Om Iyer,2004-09-02,MALE,om.iyer83@gmail.com,9603484788,BATCH_22,ME,22ME188
Kabir Rani,2005-09-22,FEMALE,kabirrani@gmail.com,9425241056,BATCH_24,ME,24ME190
Diya Verma,2004-11-24,MALE,diyaverma599@gmail.com,9495276165,BATCH_22,EE,22EE191
Pranav Mohan,2005-10-25,FEMALE,pranav.mohan56@gmail.com,9145892970,BATCH_22,CM,22CM195
Chitra Sharma,2009-08-23,FEMALE,chitrasharma@outlook.com,9949051584,BATCH_27,EE,27EE186
Rahul Menon,2007-10-04,FEMALE,rahulmenon@yahoo.com,9299737631,BATCH_25,EE,25EE194
Ishaan Prasad,2003-11-03,MALE,ishaanprasad703@gmail.com,9283881298,BATCH_22,CM,22CM196
Nisha Rani,2005-08-13,FEMALE,nisharani759@yahoo.com,9661217744,BATCH_24,CS,24CS193
Vikram Devi,2007-09-21,FEMALE,vikramdevi802@gmail.com,9214862890,BATCH_24,ME,24ME191
Bhavya Chandra,2004-05-24,MALE,bhavya_chandra@gmail.com,9684251683,BATCH_23,ME,23ME192
Ananya Chowdary,2007-02-19,FEMALE,ananyachowdary@gmail.com,9810220317,BATCH_24,ME,24ME192
Ira Chandra,2006-01-14,MALE,irachandra44@gmail.com,9737416724,BATCH_25,EE,25EE195
Nisha Rani,2005-06-15,FEMALE,nisharani@gmail.com,9283187045,BATCH_23,ME,23ME193
Rakesh Joshi,2006-11-30,FEMALE,rakeshjoshi@gmail.com,9988108558,BATCH_25,EC,25EC192
Reyansh Pillai,2007-11-11,FEMALE,reyanshpillai324@gmail.com,9441399951,BATCH_26,CS,26CS186
Varun Nair,2008-12-27,FEMALE,varunnair753@gmail.com,9649701693,BATCH_25,CI,25CI189
Divya Chowdary,2007-11-10,FEMALE,divyachowdary809@gmail.com,9019817946,BATCH_25,CS,25CS196
Sanya Menon,2008-06-21,FEMALE,sanyamenon@outlook.com,9268064860,BATCH_26,ME,26ME185
Rohan Chowdary,2003-05-17,FEMALE,rohanchowdary677@gmail.com,9520641910,BATCH_22,EC,22EC193
Vivaan Iyer,2004-04-21,FEMALE,vivaan.iyer@outlook.com,9101388086,BATCH_22,EE,22EE192
Tarun Sharma,2008-07-02,FEMALE,tarunsharma432@hotmail.com,9746585785,BATCH_26,EC,26EC188
Rohan Raju,2008-08-21,FEMALE,rohan.raju38@gmail.com,9240896287,BATCH_26,EC,26EC189
Rakesh Desai,2007-02-26,MALE,rakeshdesai516@yahoo.com,9041459642,BATCH_24,EE,24EE199
Vikram Devi,2008-10-05,FEMALE,vikram.devi95@gmail.com,9281889667,BATCH_27,EE,27EE187
Isha Naidu,2004-03-10,FEMALE,inaidu@gmail.com,9767742393,BATCH_23,CC,23CC194
Abhinav Kumar,2007-08-29,MALE,abhinav_kumar@outlook.com,9372830093,BATCH_25,CC,25CC193
Gauri Menon,2007-11-16,MALE,gaurimenon@gmail.com,9092767360,BATCH_25,ME,25ME197
Jyoti Chandra,2004-01-09,FEMALE,jyotichandra464@gmail.com,9714991891,BATCH_22,CI,22CI187
Yash Joshi,2005-08-11,FEMALE,yash.joshi33@gmail.com,9903556416,BATCH_22,EE,22EE193
Meera Kumar,2008-04-04,MALE,meera.kumar69@gmail.com,9417842902,BATCH_26,ME,26ME186
Aarav Rani,2006-02-08,MALE,aaravrani716@gmail.com,9928729131,BATCH_23,CI,23CI192
Om Desai,2009-08-20,FEMALE,om.desai41@gmail.com,9537644512,BATCH_27,CM,27CM194
Gauri Mohan,2004-04-10,MALE,gaurimohan@gmail.com,9976210897,BATCH_22,CD,22CD198
Vikram Babu,2007-08-11,FEMALE,vikrambabu513@outlook.com,9288156603,BATCH_24,CD,24CD188
Jyoti Devi,2008-01-03,MALE,jyoti_devi@gmail.com,9133327988,BATCH_26,CS,26CS187
Jyoti Raju,2007-03-25,MALE,jyotiraju63@gmail.com,9764835030,BATCH_25,EE,25EE196
Uday Kapoor,2006-07-04,FEMALE,uday.kapoor19@gmail.com,9409411396,BATCH_24,EC,24EC188
Pranav Pandey,2008-02-10,MALE,ppandey@gmail.com,9055771030,BATCH_26,CS,26CS188
Aditi Babu,2008-04-13,FEMALE,aditi.babu33@yahoo.com,9127365485,BATCH_27,CC,27CC185
Vihaan Prasad,2007-11-04,OTHER,vihaan.prasad44@gmail.com,9907077309,BATCH_26,CI,26CI196
Ishaan Pillai,2006-11-13,MALE,ishaan.pillai67@gmail.com,9749735020,BATCH_24,ME,24ME193
Gauri Kumar,2004-06-20,MALE,gauri.kumar50@gmail.com,9513444867,BATCH_22,CC,22CC188
Harini Rani,2006-04-26,MALE,harini.rani2@gmail.com,9644349541,BATCH_24,CD,24CD189
Esha Mishra,2007-01-14,OTHER,eshamishra993@gmail.com,9974619177,BATCH_25,CI,25CI190
Priya Rani,2007-07-09,OTHER,priyarani@outlook.com,9143776936,BATCH_25,CI,25CI191
Ishaan Pillai,2009-02-19,MALE,ishaanpillai@gmail.com,9781480896,BATCH_27,EC,27EC190
Harini Verma,2007-06-03,FEMALE,hariniverma137@yahoo.com,9894009465,BATCH_25,EC,25EC193
Yash Malhotra,2008-07-09,FEMALE,yash_malhotra@gmail.com,9977597767,BATCH_26,EC,26EC190
Chitra Pillai,2004-01-04,MALE,chitrapillai811@gmail.com,9320772615,BATCH_22,EE,22EE194
Naveen Pandey,2004-02-21,MALE,naveenpandey570@gmail.com,9210407254,BATCH_23,CC,23CC195
Nikhil Kapoor,2008-09-08,MALE,nkapoor@gmail.com,9887844150,BATCH_25,CC,25CC194
Aditi Rani,2008-08-25,MALE,aditirani709@gmail.com,9346526749,BATCH_26,EE,26EE189
Sanjay Rani,2005-05-03,FEMALE,sanjay.rani88@yahoo.com,9330655976,BATCH_23,EE,23EE188
Yash Reddy,2008-05-09,MALE,yashreddy@outlook.com,9726097962,BATCH_25,EC,25EC194
Pranav Sharma,2009-02-01,MALE,pranav.sharma@gmail.com,9166366228,BATCH_26,CM,26CM188
Varun Singh,2006-09-27,MALE,varun_singh@yahoo.com,9856225866,BATCH_25,CI,25CI192
Nikhil Sharma,2009-10-20,OTHER,nikhil.sharma29@gmail.com,9975109065,BATCH_27,CI,27CI186
Rakesh Nair,2007-03-12,OTHER,rakesh.nair75@hotmail.com,9883492844,BATCH_24,CS,24CS194
Tanvi Krishnan,2006-07-13,FEMALE,tanvi_krishnan@gmail.com,9621038862,BATCH_24,ME,24ME194
Esha Patel,2006-12-05,MALE,esha.patel@gmail.com,9240002593,BATCH_24,EC,24EC189
Divya Singh,2006-11-16,MALE,divya.singh@gmail.com,9653999095,BATCH_24,CS,24CS195
Kavya Nair,2008-03-05,FEMALE,kavya.nair61@gmail.com,9360768263,BATCH_26,CI,26CI197
Gauri Chowdary,2005-04-03,MALE,gaurichowdary@gmail.com,9012234149,BATCH_23,EC,23EC187
Reyansh Nair,2008-08-18,MALE,reyansh_nair@gmail.com,9253324970,BATCH_27,ME,27ME192
Vikram Menon,2005-08-12,MALE,vikrammenon485@gmail.com,9855078967,BATCH_23,CM,23CM193
Vikram Kapoor,2007-09-15,FEMALE,vikramkapoor13@gmail.com,9293055779,BATCH_26,CM,26CM189
Sai Chowdary,2009-04-27,FEMALE,saichowdary374@outlook.com,9988636536,BATCH_26,ME,26ME187
Riya Patel,2007-11-24,MALE,rpatel@yahoo.com,9193209667,BATCH_26,EE,26EE190
Vikram Menon,2004-02-12,MALE,vikrammenon670@gmail.com,9615072919,BATCH_22,CM,22CM197
Naveen Nair,2008-11-24,MALE,naveen.nair77@gmail.com,9370388577,BATCH_26,CI,26CI198
Vikram Gupta,2009-11-08,FEMALE,vikramgupta@yahoo.com,9368359916,BATCH_27,CC,27CC186
Diya Sharma,2007-10-12,OTHER,diyasharma680@gmail.com,9321445686,BATCH_26,CI,26CI199
Diya Nair,2007-08-11,FEMALE,diyanair@yahoo.com,9178058138,BATCH_26,CM,26CM190
Aarav Goud,2009-08-01,MALE,aarav.goud@gmail.com,9603562380,BATCH_27,EE,27EE188
Sanjay Pillai,2005-02-27,FEMALE,sanjay.pillai93@gmail.com,9273585824,BATCH_23,EE,23EE189
Karthik Pandey,2005-06-19,MALE,karthik_pandey@gmail.com,9623543512,BATCH_24,EC,24EC190
Kabir Pandey,2007-01-13,FEMALE,kabir.pandey25@gmail.com,9256342160,BATCH_25,EE,25EE197
Gauri Chowdary,2008-06-21,MALE,gaurichowdary@outlook.com,9823138428,BATCH_26,CD,26CD187
Kavya Naidu,2009-11-29,MALE,kavya.naidu55@outlook.com,9107404336,BATCH_27,CC,27CC187
Ira Pandey,2005-02-20,FEMALE,ipandey@yahoo.com,9624731498,BATCH_24,ME,24ME195
Isha Prasad,2009-07-17,FEMALE,isha.prasad49@gmail.com,9525329324,BATCH_26,EC,26EC191
Ananya Kapoor,2006-09-25,FEMALE,ananyakapoor858@yahoo.com,9889213273,BATCH_25,EC,25EC195
Siddharth Menon,2009-08-22,FEMALE,siddharth.menon@gmail.com,9033730522,BATCH_27,CS,27CS197
Aditya Rao,2005-06-02,FEMALE,adityarao309@yahoo.com,9220859503,BATCH_24,CI,24CI191
Uday Verma,2006-05-11,FEMALE,uday_verma@gmail.com,9978953525,BATCH_24,CI,24CI192
Lakshmi Malhotra,2005-07-07,FEMALE,lakshmimalhotra529@gmail.com,9895516874,BATCH_23,CD,23CD194
Lakshmi Goud,2007-09-13,MALE,lakshmigoud603@gmail.com,9914560833,BATCH_25,CS,25CS197
Kabir Chowdary,2006-01-16,FEMALE,kabirchowdary217@gmail.com,9136510344,BATCH_23,EC,23EC188
Zoya Rao,2009-11-19,FEMALE,zoya.rao37@gmail.com,9088050151,BATCH_27,CM,27CM195
Isha Devi,2005-04-21,FEMALE,ishadevi28@gmail.com,9920922717,BATCH_24,CM,24CM193
Nisha Gupta,2003-12-29,MALE,nisha.gupta72@gmail.com,9095606993,BATCH_22,CS,22CS200
Aditya Nair,2005-02-27,FEMALE,aditya.nair@yahoo.com,9079446795,BATCH_24,CM,24CM194
Nisha Desai,2007-04-19,MALE,nishadesai933@gmail.com,9258974869,BATCH_25,CC,25CC195
Bhavya Menon,2007-07-09,MALE,bhavyamenon883@gmail.com,9412387249,BATCH_25,CD,25CD187
Vikram Prasad,2010-07-26,MALE,vikramprasad435@gmail.com,9125174342,BATCH_27,EC,27EC191
Lakshmi Kapoor,2007-09-10,FEMALE,lakshmikapoor745@gmail.com,9849032177,BATCH_25,ME,25ME198
Pranav Prasad,2009-10-19,MALE,pranav_prasad@gmail.com,9408836956,BATCH_27,CS,27CS198
Aditya Joshi,2008-12-26,FEMALE,adityajoshi121@outlook.com,9327980595,BATCH_26,ME,26ME188
Rahul Iyer,2006-06-21,FEMALE,rahul.iyer7@gmail.com,9470112143,BATCH_24,CI,24CI193
Dhruv Menon,2009-07-02,FEMALE,dhruv_menon@yahoo.com,9744510159,BATCH_27,EE,27EE189
Om Naidu,2004-04-09,MALE,onaidu@gmail.com,9623081726,BATCH_23,EE,23EE190
Rahul Singh,2004-10-22,MALE,rahul_singh@outlook.com,9085747177,BATCH_22,CS,22CS201
Nikhil Rani,2003-01-29,FEMALE,nikhilrani@gmail.com,9065487084,BATCH_22,CC,22CC189
Reyansh Joshi,2004-05-22,MALE,reyanshjoshi304@gmail.com,9264396945,BATCH_22,EE,22EE195
Zoya Chowdary,2008-01-24,MALE,zoya.chowdary74@outlook.com,9336202755,BATCH_26,ME,26ME189
Ananya Iyer,2006-09-13,MALE,ananya.iyer@outlook.com,9046117295,BATCH_24,EE,24EE200
Esha Malhotra,2009-07-06,MALE,esha.malhotra@yahoo.com,9311571826,BATCH_27,EC,27EC192
Sanjay Rao,2004-01-02,OTHER,sanjay_rao@outlook.com,9493795829,BATCH_22,EC,22EC194
Isha Devi,2005-01-01,MALE,isha.devi70@gmail.com,9889830574,BATCH_23,EC,23EC189
Tanvi Prasad,2005-05-27,FEMALE,tanviprasad@gmail.com,9819406812,BATCH_24,EC,24EC191
Uday Chowdary,2008-02-13,MALE,uday.chowdary59@gmail.com,9772925783,BATCH_27,ME,27ME193
Meera Desai,2004-07-18,MALE,meera.desai33@yahoo.com,9215958417,BATCH_22,CC,22CC190
Meera Krishnan,2009-09-16,FEMALE,meera_krishnan@hotmail.com,9236010712,BATCH_26,ME,26ME190
Siddharth Pillai,2005-06-03,FEMALE,siddharth.pillai59@gmail.com,9231654413,BATCH_23,EC,23EC190
Rakesh Sharma,2004-10-19,FEMALE,rakeshsharma@gmail.com,9658914976,BATCH_22,CI,22CI188
Priya Rani,2004-03-24,OTHER,priya.rani24@gmail.com,9577347589,BATCH_23,ME,23ME194
Dhruv Goud,2008-02-11,FEMALE,dhruvgoud635@outlook.com,9155241577,BATCH_26,CD,26CD188
Om Mohan,2009-07-11,FEMALE,ommohan466@gmail.com,9239170335,BATCH_27,CC,27CC188
Chitra Desai,2005-09-23,MALE,chitra.desai68@hotmail.com,9110521240,BATCH_22,CS,22CS202
Uday Pandey,2004-02-05,FEMALE,udaypandey338@gmail.com,9107351289,BATCH_22,EC,22EC195
Diya Nair,2007-11-05,FEMALE,diya.nair@gmail.com,9476318342,BATCH_25,ME,25ME199
Vikram Sharma,2006-04-05,FEMALE,vikramsharma119@gmail.com,9781469539,BATCH_24,CD,24CD190
Sai Rani,2005-08-18,FEMALE,sairani740@outlook.com,9317445776,BATCH_22,EC,22EC196
Manish Reddy,2008-09-12,FEMALE,manish.reddy@hotmail.com,9659180339,BATCH_25,EE,25EE198
Isha Pillai,2008-01-09,FEMALE,ishapillai@gmail.com,9751210184,BATCH_26,CM,26CM191
Meera Verma,2006-10-03,FEMALE,meera.verma@gmail.com,9198077046,BATCH_24,EE,24EE201
Nikhil Prasad,2004-02-09,MALE,nikhil_prasad@hotmail.com,9723456538,BATCH_22,CC,22CC191
Dhruv Pandey,2006-01-31,FEMALE,dhruvpandey529@gmail.com,9255563481,BATCH_24,EC,24EC192
Krishna Naidu,2008-09-23,MALE,krishnanaidu861@gmail.com,9359461060,BATCH_26,CD,26CD189
Chitra Devi,2005-10-23,FEMALE,chitradevi491@gmail.com,9947099069,BATCH_24,EC,24EC193
Isha Iyer,2005-01-17,FEMALE,isha.iyer93@gmail.com,9057834108,BATCH_24,CI,24CI194
Krishna Desai,2009-08-21,FEMALE,krishna.desai9@gmail.com,9423591426,BATCH_26,ME,26ME191
Sai Mishra,2007-10-01,MALE,sai.mishra52@gmail.com,9167279664,BATCH_25,CC,25CC196
Chitra Patel,2008-01-28,FEMALE,chitrapatel344@gmail.com,9551267644,BATCH_25,CD,25CD188
Rohan Krishnan,2008-07-18,MALE,rohankrishnan@gmail.com,9192767137,BATCH_26,CC,26CC192
Lakshmi Rani,2009-11-16,FEMALE,lrani@gmail.com,9823070081,BATCH_27,CM,27CM196
Priya Menon,2004-07-30,FEMALE,priya.menon82@gmail.com,9812811731,BATCH_22,EE,22EE196
Jyoti Prasad,2009-12-02,FEMALE,jprasad@hotmail.com,9903618439,BATCH_27,CD,27CD191
Manish Kumar,2005-02-16,FEMALE,manishkumar70@yahoo.com,9547315663,BATCH_23,EC,23EC191
Reyansh Nair,2006-09-17,FEMALE,reyansh.nair84@gmail.com,9710623591,BATCH_23,EE,23EE191
Bhavya Pandey,2008-11-17,MALE,bhavyapandey@outlook.com,9537281774,BATCH_27,ME,27ME194
Nisha Verma,2009-01-16,FEMALE,nverma@outlook.com,9010292718,BATCH_27,EE,27EE190
Vivaan Babu,2010-03-26,FEMALE,vivaan.babu70@gmail.com,9250112875,BATCH_27,ME,27ME195
Reyansh Singh,2006-04-08,FEMALE,reyansh.singh24@gmail.com,9699287100,BATCH_23,EE,23EE192
Priya Verma,2007-07-10,FEMALE,priya.verma7@gmail.com,9743842150,BATCH_25,CS,25CS198
Reyansh Verma,2007-01-26,FEMALE,reyansh_verma@gmail.com,9266237738,BATCH_26,CS,26CS189
Sai Raju,2004-08-22,MALE,sairaju340@gmail.com,9157872930,BATCH_22,CD,22CD199
Aditya Chandra,2004-09-25,MALE,aditya.chandra30@gmail.com,9221053161,BATCH_23,CM,23CM194
Gauri Mohan,2007-10-29,FEMALE,gaurimohan82@gmail.com,9666811822,BATCH_25,CD,25CD189
Sanya Verma,2009-02-22,MALE,sanyaverma644@outlook.com,9125023160,BATCH_26,CM,26CM192
Rahul Rani,2006-06-30,MALE,rahulrani@gmail.com,9878379213,BATCH_25,EC,25EC196
Manish Malhotra,2007-03-20,FEMALE,manishmalhotra937@gmail.com,9584329913,BATCH_25,CC,25CC197
Uday Goud,2007-10-09,MALE,udaygoud444@yahoo.com,9489554393,BATCH_24,ME,24ME196
Naveen Babu,2009-08-27,MALE,naveenbabu855@gmail.com,9613500788,BATCH_27,CC,27CC189
Diya Rani,2007-11-21,MALE,diyarani945@gmail.com,9682144488,BATCH_25,CI,25CI193
Jyoti Menon,2009-04-05,FEMALE,jyotimenon180@gmail.com,9090014310,BATCH_27,CD,27CD192
Gauri Rani,2009-11-07,FEMALE,gaurirani710@gmail.com,9905884194,BATCH_27,EC,27EC193
Rahul Mohan,2005-06-11,FEMALE,rahul.mohan@hotmail.com,9714211622,BATCH_23,CC,23CC196
Zoya Pillai,2005-07-18,MALE,zoya.pillai@gmail.com,9298145105,BATCH_22,ME,22ME189
Nikhil Goud,2006-07-28,MALE,nikhilgoud172@gmail.com,9967325496,BATCH_24,CI,24CI195
Sanya Singh,2005-02-13,MALE,sanyasingh94@gmail.com,9563268685,BATCH_24,EE,24EE202
Abhinav Verma,2008-10-12,OTHER,abhinav.verma38@gmail.com,9699938677,BATCH_25,EE,25EE199
Rakesh Singh,2005-06-26,FEMALE,rakeshsingh493@outlook.com,9658993173,BATCH_23,CI,23CI193
Siddharth Kapoor,2008-07-08,MALE,siddharthkapoor968@gmail.com,9724772139,BATCH_26,CS,26CS190
Dhruv Verma,2004-10-16,MALE,dhruv.verma44@yahoo.com,9179138601,BATCH_22,CC,22CC192
Jyoti Nair,2006-04-17,FEMALE,jyotinair@gmail.com,9109518885,BATCH_24,CD,24CD191
Dhruv Kumar,2006-05-06,MALE,dhruv.kumar65@gmail.com,9785477725,BATCH_25,EE,25EE200
Tanvi Devi,2007-04-07,MALE,tanvi.devi29@gmail.com,9912779053,BATCH_24,EC,24EC194
Ira Rao,2006-11-21,FEMALE,ira.rao96@hotmail.com,9866898010,BATCH_25,CM,25CM196
Manish Chandra,2006-10-12,FEMALE,manish.chandra69@gmail.com,9274225790,BATCH_24,ME,24ME197
Uday Patel,2007-10-24,FEMALE,udaypatel@gmail.com,9698829045,BATCH_26,ME,26ME192
Varun Sharma,2004-04-28,MALE,varun.sharma17@hotmail.com,9922205620,BATCH_22,CC,22CC193
Siddharth Nair,2003-07-31,MALE,siddharthnair786@gmail.com,9210781871,BATCH_22,CC,22CC194
Sai Patel,2004-09-09,MALE,sai.patel75@gmail.com,9237183352,BATCH_23,ME,23ME195
Pranav Malhotra,2006-08-14,FEMALE,pranavmalhotra686@gmail.com,9448923960,BATCH_24,CD,24CD192
Nisha Chandra,2008-08-01,MALE,nisha.chandra58@gmail.com,9962505073,BATCH_26,CM,26CM193
Riya Menon,2009-01-03,MALE,riyamenon@gmail.com,9050198575,BATCH_27,CM,27CM197
Vivaan Mishra,2005-02-14,FEMALE,vivaan.mishra58@hotmail.com,9431938415,BATCH_24,EC,24EC195
Gauri Joshi,2005-05-01,FEMALE,gauri.joshi38@gmail.com,9816742336,BATCH_23,CD,23CD195
Zoya Rao,2007-01-04,FEMALE,zoyarao551@gmail.com,9568808482,BATCH_25,EC,25EC197
Abhinav Reddy,2006-01-18,FEMALE,abhinav.reddy37@gmail.com,9034864518,BATCH_25,CS,25CS199
Isha Iyer,2008-01-17,FEMALE,isha.iyer51@gmail.com,9860489940,BATCH_26,EE,26EE191
Abhinav Kapoor,2005-08-31,MALE,abhinav_kapoor@gmail.com,9839018384,BATCH_23,CS,23CS195
Isha Sharma,2004-11-03,FEMALE,isha.sharma34@gmail.com,9990776582,BATCH_22,CI,22CI189
Ishaan Rani,2008-03-28,MALE,ishaanrani@gmail.com,9078003781,BATCH_25,ME,25ME200
Zoya Chowdary,2005-10-30,MALE,zoya.chowdary@yahoo.com,9559636372,BATCH_23,EC,23EC192
Aditya Iyer,2008-04-12,FEMALE,adityaiyer291@hotmail.com,9082413016,BATCH_27,CI,27CI187
Tanvi Mishra,2005-10-02,FEMALE,tanvi.mishra46@gmail.com,9118821076,BATCH_24,CI,24CI196
Rahul Menon,2009-07-26,FEMALE,rahul.menon@outlook.com,9164831230,BATCH_26,CD,26CD190
Dhruv Patel,2004-06-10,MALE,dhruvpatel@gmail.com,9968568389,BATCH_22,EE,22EE197
Bhavya Nair,2009-03-12,MALE,bhavyanair269@gmail.com,9149161019,BATCH_27,ME,27ME196
Sanya Nair,2005-07-08,FEMALE,sanya_nair@outlook.com,9271727223,BATCH_23,CD,23CD196
Rakesh Chandra,2008-06-11,FEMALE,rakesh.chandra@hotmail.com,9869263560,BATCH_26,CM,26CM194
Ishaan Devi,2004-11-22,FEMALE,ishaandevi652@gmail.com,9917235288,BATCH_23,EE,23EE193
Sai Pandey,2006-06-03,FEMALE,sai.pandey@gmail.com,9041575842,BATCH_24,CD,24CD193
Kabir Kapoor,2009-06-28,MALE,kabirkapoor49@gmail.com,9481851331,BATCH_26,CM,26CM195
Reyansh Menon,2009-02-25,MALE,reyanshmenon@gmail.com,9290588841,BATCH_27,EC,27EC194
Dhruv Rao,2009-06-19,FEMALE,dhruv.rao@yahoo.com,9931248382,BATCH_27,CD,27CD193
Bhavya Pillai,2007-10-13,FEMALE,bhavyapillai148@outlook.com,9356517962,BATCH_26,ME,26ME193
Ananya Kumar,2007-09-05,OTHER,ananyakumar435@gmail.com,9917431243,BATCH_25,CD,25CD190
Ira Chowdary,2009-09-22,FEMALE,irachowdary913@gmail.com,9092411505,BATCH_27,CC,27CC190
Vihaan Pandey,2006-01-14,FEMALE,vihaanpandey40@yahoo.com,9255618444,BATCH_25,CI,25CI194
Vivaan Babu,2006-10-01,FEMALE,vivaan.babu15@gmail.com,9107137797,BATCH_24,EC,24EC196
Karthik Yadav,2009-12-02,OTHER,karthik.yadav26@gmail.com,9656756965,BATCH_27,EE,27EE191
Lakshmi Chowdary,2005-06-06,FEMALE,lchowdary@gmail.com,9652174565,BATCH_24,EC,24EC197
Aryan Desai,2005-03-02,FEMALE,aryan.desai22@gmail.com,9691853610,BATCH_23,EE,23EE194
Vihaan Raju,2009-06-12,MALE,vihaan.raju41@gmail.com,9241142076,BATCH_26,CS,26CS191
Aditya Chowdary,2009-04-23,FEMALE,adityachowdary676@gmail.com,9659723976,BATCH_27,CM,27CM198
Pranav Pillai,2009-03-30,MALE,pranavpillai939@gmail.com,9614244839,BATCH_27,EE,27EE192
Pranav Iyer,2008-09-24,FEMALE,pranav.iyer38@gmail.com,9148374755,BATCH_26,CC,26CC193
Yash Reddy,2004-12-26,MALE,yashreddy627@gmail.com,9559898343,BATCH_23,CS,23CS196
Aditi Chandra,2006-03-22,FEMALE,aditichandra@gmail.com,9671569147,BATCH_24,EC,24EC198
Sanya Gupta,2004-11-19,FEMALE,sanyagupta138@gmail.com,9083975713,BATCH_22,CI,22CI190
Isha Chandra,2007-02-05,MALE,isha.chandra@yahoo.com,9850671657,BATCH_25,EE,25EE201
Aditi Gupta,2004-07-31,FEMALE,aditi_gupta@gmail.com,9154872012,BATCH_22,EC,22EC197
Ishaan Joshi,2006-09-25,MALE,ishaanjoshi230@outlook.com,9524013223,BATCH_25,CS,25CS200
Zoya Naidu,2007-08-29,FEMALE,znaidu@gmail.com,9169444249,BATCH_26,EE,26EE192
Isha Babu,2005-04-23,MALE,isha.babu@outlook.com,9366712881,BATCH_23,CI,23CI194
Nikhil Joshi,2008-11-03,FEMALE,nikhiljoshi793@outlook.com,9025324488,BATCH_26,EC,26EC192
Divya Nair,2010-10-25,FEMALE,divya.nair@gmail.com,9570934099,BATCH_27,CC,27CC191
Sanjay Chowdary,2007-02-07,FEMALE,sanjay.chowdary@gmail.com,9180053759,BATCH_25,CS,25CS201
Vikram Goud,2009-01-03,MALE,vikram.goud@gmail.com,9721850822,BATCH_27,EC,27EC195
Esha Pillai,2006-11-01,OTHER,esha.pillai48@gmail.com,9009749937,BATCH_25,CC,25CC198
Tanvi Menon,2006-09-24,MALE,tanvi.menon98@gmail.com,9413376870,BATCH_25,CD,25CD191
Diya Yadav,2008-09-01,FEMALE,diyayadav749@gmail.com,9173203106,BATCH_26,CS,26CS192
Siddharth Joshi,2009-12-16,FEMALE,siddharthjoshi@gmail.com,9279636512,BATCH_27,CC,27CC192
Tarun Sharma,2005-10-09,FEMALE,tsharma@gmail.com,9884235940,BATCH_24,CC,24CC198
Sai Verma,2007-02-21,MALE,sverma@hotmail.com,9241811607,BATCH_24,CI,24CI197
Ira Prasad,2008-10-28,OTHER,ira.prasad75@yahoo.com,9338419621,BATCH_26,EE,26EE193
Tarun Nair,2007-01-11,FEMALE,tarunnair856@gmail.com,9818670244,BATCH_24,EE,24EE203
Aditya Sharma,2003-08-09,FEMALE,aditya.sharma@gmail.com,9027574544,BATCH_22,CC,22CC195
Reyansh Patel,2006-08-06,FEMALE,rpatel@outlook.com,9534440923,BATCH_24,CM,24CM195
Sanjay Pandey,2007-11-20,MALE,sanjay.pandey22@outlook.com,9964825311,BATCH_24,EE,24EE204
Rohan Verma,2007-06-21,MALE,rohan.verma75@gmail.com,9561140428,BATCH_25,CI,25CI195
Kavya Naidu,2008-07-10,MALE,kavya.naidu33@gmail.com,9519675776,BATCH_26,CD,26CD191
Zoya Iyer,2006-05-20,MALE,zoyaiyer922@gmail.com,9249470025,BATCH_24,CD,24CD194
Abhinav Kumar,2009-02-04,FEMALE,abhinavkumar209@gmail.com,9107977140,BATCH_26,ME,26ME194
Tarun Chowdary,2006-09-14,FEMALE,tarunchowdary@yahoo.com,9782648713,BATCH_24,CD,24CD195
Rahul Pandey,2007-12-08,OTHER,rahulpandey703@gmail.com,9533722010,BATCH_25,CI,25CI196
Isha Raju,2006-10-13,MALE,isha.raju23@gmail.com,9695293821,BATCH_24,CC,24CC199
Naveen Raju,2008-01-02,FEMALE,naveen.raju54@gmail.com,9662834633,BATCH_26,CC,26CC194
Ishaan Naidu,2008-07-18,MALE,ishaannaidu@gmail.com,9544806344,BATCH_26,EE,26EE194
Tanvi Mohan,2008-05-23,FEMALE,tanvi.mohan@gmail.com,9157429943,BATCH_25,CC,25CC199
Gauri Menon,2009-05-09,MALE,gaurimenon209@outlook.com,9562321791,BATCH_27,EE,27EE193
Gauri Naidu,2008-11-25,MALE,gaurinaidu41@gmail.com,9449447484,BATCH_26,EC,26EC193
Aditi Rao,2005-07-05,FEMALE,aditirao@outlook.com,9435519628,BATCH_23,EC,23EC193
Chitra Krishnan,2009-05-21,FEMALE,chitrakrishnan52@gmail.com,9372436752,BATCH_27,EE,27EE194
Rahul Pillai,2008-05-24,MALE,rahulpillai729@gmail.com,9538806772,BATCH_26,CD,26CD192
Aarav Kumar,2004-08-28,FEMALE,aaravkumar310@gmail.com,9722164175,BATCH_23,CM,23CM195
Chitra Gupta,2006-07-08,FEMALE,chitragupta890@gmail.com,9960402874,BATCH_24,CI,24CI198
Tarun Krishnan,2009-01-19,MALE,tarunkrishnan@gmail.com,9082369626,BATCH_27,CC,27CC193
Aryan Krishnan,2006-03-08,MALE,aryankrishnan988@gmail.com,9920133704,BATCH_25,CM,25CM197
Divya Sharma,2003-02-23,FEMALE,divya.sharma@yahoo.com,9745527537,BATCH_22,CS,22CS203
Dhruv Pillai,2004-10-04,MALE,dhruv.pillai20@gmail.com,9674245905,BATCH_22,CM,22CM198
Isha Kumar,2007-11-18,FEMALE,isha.kumar81@outlook.com,9680666430,BATCH_26,EE,26EE195
Divya Pandey,2005-01-17,MALE,divya.pandey@gmail.com,9856271875,BATCH_24,ME,24ME198
Sanjay Rani,2007-09-07,FEMALE,sanjayrani@outlook.com,9788030249,BATCH_25,CM,25CM198
Reyansh Naidu,2005-07-25,FEMALE,reyanshnaidu95@gmail.com,9852897558,BATCH_24,ME,24ME199
Varun Mishra,2009-11-30,FEMALE,varun.mishra65@gmail.com,9185929300,BATCH_27,EC,27EC196
Vikram Kumar,2009-04-07,FEMALE,vikram.kumar@gmail.com,9163073359,BATCH_26,CI,26CI200
Abhinav Prasad,2007-08-10,MALE,abhinav.prasad@gmail.com,9660919193,BATCH_25,EC,25EC198
Abhinav Sharma,2008-06-22,FEMALE,abhinavsharma279@yahoo.com,9550627181,BATCH_27,EC,27EC197
Tarun Chowdary,2005-10-08,FEMALE,tarun.chowdary4@gmail.com,9212156495,BATCH_23,EC,23EC194
Kavya Pillai,2008-01-27,FEMALE,kavya.pillai67@gmail.com,9643719603,BATCH_27,CI,27CI188
Rohan Verma,2005-11-27,MALE,rohan.verma92@gmail.com,9618209166,BATCH_23,CD,23CD197
Harini Kapoor,2008-03-31,FEMALE,harini.kapoor91@gmail.com,9956562192,BATCH_27,CI,27CI189
Uday Naidu,2005-01-13,FEMALE,uday.naidu10@gmail.com,9349355341,BATCH_23,EE,23EE195
Karthik Goud,2006-05-02,MALE,karthik.goud27@yahoo.com,9032432983,BATCH_23,CD,23CD198
Dhruv Pillai,2005-03-15,FEMALE,dhruv.pillai26@gmail.com,9808576236,BATCH_23,EE,23EE196
Krishna Chowdary,2006-09-21,MALE,krishna.chowdary@hotmail.com,9107719676,BATCH_24,CS,24CS196
Aditya Rani,2006-12-06,MALE,aditya.rani86@gmail.com,9975131546,BATCH_24,CC,24CC200
Krishna Malhotra,2007-05-03,MALE,krishnamalhotra@hotmail.com,9782803568,BATCH_24,CD,24CD196
Rahul Krishnan,2006-01-25,FEMALE,rahul.krishnan74@yahoo.com,9710601130,BATCH_24,CS,24CS197
Nikhil Pandey,2006-04-07,MALE,nikhil.pandey27@outlook.com,9686632663,BATCH_24,ME,24ME200
Gauri Rao,2005-06-29,FEMALE,gauri.rao@gmail.com,9567192012,BATCH_22,CD,22CD200
Riya Rani,2006-04-04,MALE,riya.rani78@gmail.com,9959031775,BATCH_23,CC,23CC197
Vivaan Chandra,2005-11-09,MALE,vchandra@outlook.com,9993542762,BATCH_22,EE,22EE198
Aryan Babu,2006-02-06,MALE,aryan.babu92@gmail.com,9117851259,BATCH_25,ME,25ME201
Rohan Rao,2008-05-04,MALE,rohan_rao@gmail.com,9582339895,BATCH_26,CS,26CS193
Bhavya Iyer,2008-05-18,FEMALE,bhavya.iyer@gmail.com,9463428535,BATCH_27,EE,27EE195
Vihaan Pandey,2005-12-28,MALE,vihaanpandey281@gmail.com,9952414345,BATCH_24,CI,24CI199
Harini Krishnan,2008-05-26,MALE,harini_krishnan@gmail.com,9639555642,BATCH_27,EE,27EE196
Zoya Gupta,2008-11-25,FEMALE,zoya.gupta4@gmail.com,9541067585,BATCH_26,EE,26EE196
Vikram Krishnan,2009-12-11,FEMALE,vikram.krishnan69@gmail.com,9789415679,BATCH_27,EE,27EE197
Riya Sharma,2004-07-03,MALE,riyasharma555@gmail.com,9087551739,BATCH_22,EE,22EE199
Lakshmi Gupta,2004-03-19,FEMALE,lgupta@gmail.com,9464740005,BATCH_22,ME,22ME190
Rakesh Naidu,2006-10-10,MALE,rakeshnaidu344@gmail.com,9289363278,BATCH_23,CC,23CC198
Gauri Malhotra,2005-06-05,FEMALE,gaurimalhotra@yahoo.com,9322490179,BATCH_23,CI,23CI195
Gauri Babu,2010-09-25,MALE,gauribabu936@gmail.com,9701708671,BATCH_27,CC,27CC194
Ananya Krishnan,2006-01-30,MALE,ananya_krishnan@outlook.com,9785932133,BATCH_24,ME,24ME201
Harini Rani,2005-04-07,FEMALE,harinirani761@gmail.com,9967379487,BATCH_23,CM,23CM196
Chitra Mishra,2008-07-22,MALE,chitra.mishra74@yahoo.com,9954900103,BATCH_26,CI,26CI201
Abhinav Pandey,2005-01-12,MALE,abhinav_pandey@yahoo.com,9447314976,BATCH_24,EE,24EE205
Sai Malhotra,2007-03-24,FEMALE,sai.malhotra22@gmail.com,9669981805,BATCH_25,CM,25CM199
Tarun Naidu,2004-02-25,MALE,tarunnaidu931@gmail.com,9558393866,BATCH_23,CD,23CD199
Ishaan Iyer,2003-05-03,FEMALE,ishaaniyer406@yahoo.com,9562737119,BATCH_22,EE,22EE200
Reyansh Nair,2005-11-18,FEMALE,reyanshnair@outlook.com,9432181264,BATCH_23,CI,23CI196
Uday Menon,2004-01-29,MALE,umenon@gmail.com,9103490225,BATCH_23,CS,23CS197
Priya Krishnan,2004-09-04,FEMALE,priyakrishnan450@gmail.com,9755567794,BATCH_23,CI,23CI197
Nisha Nair,2008-09-15,MALE,nisha_nair@gmail.com,9267354904,BATCH_26,CM,26CM196
Siddharth Yadav,2009-09-20,FEMALE,siddharth_yadav@gmail.com,9937987752,BATCH_27,CM,27CM199
Vivaan Babu,2004-06-12,FEMALE,vivaan.babu30@gmail.com,9821262643,BATCH_22,EC,22EC198
Aditya Prasad,2010-11-25,FEMALE,aditya_prasad@gmail.com,9475523033,BATCH_27,CD,27CD194
Aditya Naidu,2008-07-20,FEMALE,aditya.naidu74@outlook.com,9673167850,BATCH_26,CD,26CD193
Naveen Verma,2009-04-26,FEMALE,naveen_verma@gmail.com,9163324308,BATCH_27,CI,27CI190
Vikram Nair,2004-07-03,FEMALE,vikram.nair@gmail.com,9186956134,BATCH_23,CC,23CC199
Kabir Mishra,2008-01-02,FEMALE,kabir.mishra@gmail.com,9508661091,BATCH_26,CD,26CD194
Esha Pillai,2006-06-02,OTHER,esha.pillai23@gmail.com,9508821009,BATCH_24,ME,24ME202
Riya Kapoor,2006-05-04,MALE,riyakapoor425@outlook.com,9271959328,BATCH_24,CM,24CM196
Rahul Babu,2008-01-23,MALE,rahul.babu14@gmail.com,9212309086,BATCH_26,CD,26CD195
Karthik Rao,2007-04-26,MALE,karthik.rao26@outlook.com,9060119875,BATCH_25,CI,25CI197
Sanya Patel,2008-04-16,FEMALE,sanya.patel67@gmail.com,9038156959,BATCH_26,CS,26CS194
Reyansh Verma,2007-10-22,FEMALE,rverma@yahoo.com,9406557820,BATCH_25,CI,25CI198
Nikhil Chowdary,2007-11-16,MALE,nikhilchowdary@gmail.com,9393357574,BATCH_26,EE,26EE197
Manish Rani,2008-08-28,FEMALE,manishrani@yahoo.com,9720110408,BATCH_26,CM,26CM197
Varun Iyer,2005-08-17,MALE,varuniyer@gmail.com,9169385977,BATCH_23,CD,23CD200
Isha Pandey,2008-04-01,MALE,isha_pandey@gmail.com,9144835457,BATCH_26,CS,26CS195
Manish Nair,2006-09-21,FEMALE,mnair@outlook.com,9804045067,BATCH_23,CI,23CI198
Meera Chandra,2009-09-18,MALE,meerachandra347@gmail.com,9375160614,BATCH_27,EE,27EE198
Bhavya Desai,2009-10-30,MALE,bhavya.desai53@gmail.com,9335468175,BATCH_27,EE,27EE199
Divya Rani,2007-12-22,OTHER,divya.rani@gmail.com,9363543133,BATCH_24,CC,24CC201
Rohan Kumar,2005-04-07,MALE,rohan.kumar53@gmail.com,9693080118,BATCH_24,CI,24CI200
Kabir Singh,2007-02-21,MALE,kabirsingh992@yahoo.com,9684446964,BATCH_25,EC,25EC199
Nisha Reddy,2003-12-02,OTHER,nisha.reddy@gmail.com,9910042028,BATCH_22,CC,22CC196
Riya Gupta,2008-04-01,MALE,riya.gupta94@gmail.com,9659938788,BATCH_27,EE,27EE200
Siddharth Kapoor,2005-08-13,MALE,siddharthkapoor400@yahoo.com,9486980055,BATCH_24,CD,24CD197
Manish Singh,2006-10-22,MALE,manishsingh674@gmail.com,9726315081,BATCH_25,CM,25CM200
Lakshmi Prasad,2004-04-28,FEMALE,lakshmi.prasad87@gmail.com,9445684467,BATCH_22,CC,22CC197
Ananya Desai,2007-06-21,MALE,ananyadesai199@gmail.com,9455797079,BATCH_25,ME,25ME202
Isha Reddy,2006-04-28,FEMALE,isha_reddy@gmail.com,9828881613,BATCH_24,EC,24EC199
Om Rao,2006-04-01,FEMALE,om.rao15@gmail.com,9933528789,BATCH_25,EC,25EC200
Aditya Goud,2006-03-05,MALE,aditya.goud@yahoo.com,9250682120,BATCH_24,CI,24CI201
Aryan Yadav,2004-10-08,MALE,aryan_yadav@gmail.com,9014264710,BATCH_23,EC,23EC195
Karthik Reddy,2009-01-08,MALE,karthik.reddy25@gmail.com,9967337338,BATCH_27,CS,27CS199
Manish Kumar,2005-11-07,MALE,mkumar@yahoo.com,9859827323,BATCH_23,ME,23ME196
Aarav Pillai,2006-01-30,FEMALE,aaravpillai951@gmail.com,9830735460,BATCH_24,CS,24CS198
Aditi Nair,2009-02-16,OTHER,aditi_nair@gmail.com,9967197969,BATCH_27,EC,27EC198
Nikhil Krishnan,2005-10-10,FEMALE,nikhilkrishnan@outlook.com,9532089532,BATCH_23,CM,23CM197
Aryan Pandey,2004-04-11,MALE,aryan_pandey@gmail.com,9907132975,BATCH_23,CI,23CI199
Dhruv Joshi,2008-02-09,MALE,dhruvjoshi439@gmail.com,9158760545,BATCH_26,ME,26ME195
Meera Krishnan,2005-08-04,MALE,meera.krishnan18@gmail.com,9551327617,BATCH_23,EC,23EC196
Meera Chandra,2009-04-22,FEMALE,meera_chandra@outlook.com,9911214477,BATCH_27,CS,27CS200
Aryan Verma,2007-08-20,MALE,aryan_verma@outlook.com,9977175930,BATCH_25,CC,25CC200
Manish Joshi,2006-01-24,FEMALE,manish.joshi@gmail.com,9696577677,BATCH_24,CC,24CC202
Aarav Joshi,2008-08-15,FEMALE,aarav.joshi96@gmail.com,9437847107,BATCH_26,EC,26EC194
Lakshmi Raju,2006-10-21,MALE,lakshmiraju473@gmail.com,9648997184,BATCH_25,CI,25CI199
Zoya Kumar,2009-03-28,MALE,zoyakumar714@gmail.com,9586062098,BATCH_26,CS,26CS196
Naveen Mishra,2005-05-22,FEMALE,naveen.mishra@gmail.com,9576494789,BATCH_23,EE,23EE197
Esha Raju,2009-12-26,FEMALE,esharaju218@yahoo.com,9571596699,BATCH_27,EE,27EE201
Rohan Naidu,2003-04-18,MALE,rohan_naidu@gmail.com,9485403909,BATCH_22,EC,22EC199
Kavya Krishnan,2007-12-12,FEMALE,kavya.krishnan66@outlook.com,9166581366,BATCH_24,EC,24EC200
Reyansh Raju,2007-02-10,FEMALE,rraju@yahoo.com,9779036666,BATCH_26,CM,26CM198
Vivaan Joshi,2007-12-25,FEMALE,vivaan.joshi7@outlook.com,9556103995,BATCH_25,CI,25CI200
Priya Nair,2009-11-17,FEMALE,priyanair@gmail.com,9507495044,BATCH_26,CS,26CS197
Siddharth Gupta,2003-04-17,FEMALE,siddharth.gupta80@gmail.com,9215440987,BATCH_22,CI,22CI191
Siddharth Rani,2008-01-18,FEMALE,siddharthrani@gmail.com,9900281000,BATCH_25,CM,25CM201
Priya Singh,2009-03-11,MALE,priyasingh895@gmail.com,9647414124,BATCH_27,CI,27CI191
Rohan Devi,2010-02-06,MALE,rohan_devi@gmail.com,9264218154,BATCH_27,CM,27CM200
Chitra Devi,2009-01-11,MALE,cdevi@gmail.com,9261015852,BATCH_27,ME,27ME197
Manish Iyer,2006-06-25,MALE,miyer@outlook.com,9073144120,BATCH_23,CI,23CI200
Divya Yadav,2006-05-14,MALE,divyayadav807@gmail.com,9916716567,BATCH_24,CI,24CI202
Karthik Menon,2005-01-03,FEMALE,karthikmenon495@gmail.com,9679467331,BATCH_23,CI,23CI201
Naveen Babu,2004-03-27,FEMALE,naveen.babu92@yahoo.com,9655093488,BATCH_23,ME,23ME197
Abhinav Kumar,2005-02-06,FEMALE,abhinav.kumar74@gmail.com,9750499887,BATCH_23,CC,23CC200
Pranav Verma,2008-01-16,MALE,pverma@outlook.com,9010589911,BATCH_26,CI,26CI202
Sanya Raju,2003-05-01,MALE,sanya_raju@gmail.com,9285864271,BATCH_22,CI,22CI192
Aarav Pandey,2008-05-19,FEMALE,aaravpandey905@gmail.com,9657770612,BATCH_27,CC,27CC195
Sanya Desai,2007-12-28,FEMALE,sanya.desai@outlook.com,9789350526,BATCH_25,CD,25CD192
Krishna Babu,2004-01-12,FEMALE,krishnababu810@gmail.com,9844709452,BATCH_22,ME,22ME191
Rohan Rani,2008-12-16,MALE,rohan.rani93@gmail.com,9197502887,BATCH_26,CI,26CI203
Manish Sharma,2010-01-11,MALE,manish.sharma16@yahoo.com,9027864995,BATCH_27,CM,27CM201
Zoya Singh,2008-04-14,MALE,zoya.singh39@gmail.com,9972520565,BATCH_27,ME,27ME198
Priya Devi,2009-10-24,FEMALE,priyadevi730@gmail.com,9770411678,BATCH_27,CC,27CC196
Vivaan Menon,2006-09-28,MALE,vivaanmenon62@outlook.com,9573756846,BATCH_24,CM,24CM197
Ira Gupta,2007-03-23,MALE,ira.gupta39@gmail.com,9423637437,BATCH_24,CD,24CD198
Siddharth Verma,2003-02-15,FEMALE,siddharthverma833@gmail.com,9190878137,BATCH_22,ME,22ME192
Sai Pandey,2008-08-15,MALE,saipandey@outlook.com,9096273167,BATCH_27,EC,27EC199
Reyansh Yadav,2006-08-26,MALE,reyansh.yadav93@gmail.com,9692191050,BATCH_24,CD,24CD199
Divya Goud,2007-01-09,MALE,dgoud@hotmail.com,9198783505,BATCH_25,CM,25CM202
Zoya Rani,2007-05-31,FEMALE,zoya.rani1@gmail.com,9778485880,BATCH_25,CS,25CS202
Aditi Joshi,2005-03-29,MALE,aditijoshi648@gmail.com,9091241862,BATCH_23,CD,23CD201
Priya Pillai,2007-11-23,FEMALE,priyapillai@outlook.com,9810457346,BATCH_25,CD,25CD193
Nisha Devi,2004-11-19,FEMALE,nishadevi495@yahoo.com,9658951725,BATCH_22,CM,22CM199
Naveen Mishra,2007-01-16,FEMALE,naveen.mishra8@hotmail.com,9810357431,BATCH_25,CM,25CM203
Sanjay Sharma,2008-03-23,MALE,sanjaysharma@gmail.com,9168807018,BATCH_26,EC,26EC195
Diya Pillai,2007-12-11,MALE,diyapillai@gmail.com,9952312021,BATCH_26,ME,26ME196
Aarav Malhotra,2007-04-09,FEMALE,aaravmalhotra849@gmail.com,9413505407,BATCH_25,CM,25CM204
Aarav Kapoor,2004-12-10,FEMALE,aarav.kapoor47@gmail.com,9328138403,BATCH_22,ME,22ME193
Meera Chandra,2005-05-30,FEMALE,meerachandra846@gmail.com,9584851662,BATCH_23,EE,23EE198
Lakshmi Pandey,2007-02-12,MALE,lpandey@gmail.com,9331579208,BATCH_25,ME,25ME203
Diya Desai,2006-12-17,FEMALE,diya.desai2@gmail.com,9143438250,BATCH_24,CC,24CC203
Siddharth Naidu,2007-06-13,FEMALE,siddharthnaidu768@gmail.com,9725204565,BATCH_25,CS,25CS203
Manish Devi,2008-12-12,MALE,manish.devi@outlook.com,9855373043,BATCH_26,CM,26CM199
Harini Singh,2009-01-15,FEMALE,harinisingh533@yahoo.com,9030119622,BATCH_27,CC,27CC197
Vivaan Malhotra,2009-05-08,FEMALE,vivaan.malhotra97@gmail.com,9598398590,BATCH_27,CC,27CC198
Dhruv Krishnan,2006-04-26,FEMALE,dhruv.krishnan91@outlook.com,9598933472,BATCH_24,ME,24ME203
Pranav Raju,2004-03-12,MALE,pranavraju@yahoo.com,9386377364,BATCH_22,CS,22CS204
Vihaan Reddy,2009-10-11,MALE,vihaanreddy724@gmail.com,9654370112,BATCH_27,EC,27EC200
Manish Goud,2008-02-19,FEMALE,manish_goud@hotmail.com,9083278668,BATCH_26,CS,26CS198
Nikhil Desai,2009-05-25,FEMALE,nikhil.desai77@gmail.com,9794898301,BATCH_27,ME,27ME199
Sanya Gupta,2004-02-23,FEMALE,sanya.gupta39@gmail.com,9320923267,BATCH_22,CI,22CI193
Jyoti Sharma,2007-06-30,FEMALE,jyotisharma181@outlook.com,9946962924,BATCH_26,CD,26CD196
Aditya Gupta,2007-11-23,FEMALE,aditya.gupta8@gmail.com,9443659153,BATCH_25,CC,25CC201
Zoya Pandey,2008-09-02,MALE,zoya_pandey@yahoo.com,9376379758,BATCH_27,CS,27CS201
Tarun Raju,2004-04-26,OTHER,tarun.raju51@yahoo.com,9717035480,BATCH_22,CI,22CI194
Priya Iyer,2004-06-11,FEMALE,priya_iyer@gmail.com,9775437295,BATCH_22,CI,22CI195
Vikram Reddy,2007-04-22,FEMALE,vikramreddy792@gmail.com,9254310742,BATCH_25,CS,25CS204
Esha Pillai,2005-07-16,FEMALE,esha.pillai65@gmail.com,9064380932,BATCH_23,ME,23ME198
Isha Sharma,2007-02-24,MALE,isha.sharma35@hotmail.com,9674867358,BATCH_25,CD,25CD194
Riya Krishnan,2009-02-03,FEMALE,riya.krishnan@gmail.com,9014941163,BATCH_27,CI,27CI192
Tanvi Devi,2003-12-24,FEMALE,tanvi.devi43@gmail.com,9095198095,BATCH_22,CS,22CS205
Esha Krishnan,2008-02-21,MALE,eshakrishnan@hotmail.com,9728207623,BATCH_26,CC,26CC195
Dhruv Pillai,2007-05-07,MALE,dhruv.pillai17@gmail.com,9363305754,BATCH_25,CD,25CD195
Aryan Malhotra,2007-03-27,FEMALE,aryan.malhotra33@gmail.com,9926933589,BATCH_25,CI,25CI201
Arjun Pillai,2004-03-14,MALE,arjun.pillai@gmail.com,9577513824,BATCH_22,CM,22CM200
Ishaan Rao,2004-06-18,FEMALE,ishaan_rao@hotmail.com,9336053698,BATCH_22,CM,22CM201
Kavya Raju,2005-12-10,FEMALE,kavya.raju6@yahoo.com,9908063425,BATCH_22,CD,22CD201
Pranav Pillai,2009-06-28,FEMALE,pranavpillai444@gmail.com,9777196199,BATCH_26,CC,26CC196
Aditi Menon,2003-03-07,FEMALE,aditi.menon83@gmail.com,9627773023,BATCH_22,EE,22EE201
Lakshmi Malhotra,2010-11-02,MALE,lakshmi.malhotra@gmail.com,9972633293,BATCH_27,CD,27CD195
Nikhil Kapoor,2010-12-02,MALE,nikhil.kapoor91@gmail.com,9705726779,BATCH_27,EC,27EC201
Riya Menon,2006-01-26,FEMALE,riya.menon@yahoo.com,9712534611,BATCH_24,CI,24CI203
Ananya Joshi,2007-02-08,FEMALE,ananya.joshi46@gmail.com,9775917489,BATCH_24,CS,24CS199
Aditya Reddy,2004-05-28,FEMALE,adityareddy418@yahoo.com,9200749465,BATCH_23,CD,23CD202
Divya Mohan,2005-11-02,FEMALE,divya.mohan25@outlook.com,9645375739,BATCH_22,ME,22ME194
Krishna Pillai,2008-01-03,MALE,krishnapillai265@gmail.com,9223477804,BATCH_26,CC,26CC197
Zoya Reddy,2004-03-27,MALE,zoyareddy@outlook.com,9695951975,BATCH_22,EE,22EE202
Vikram Patel,2008-09-17,FEMALE,vikram.patel99@yahoo.com,9637137998,BATCH_27,CM,27CM202
Lakshmi Menon,2009-10-14,MALE,lakshmimenon510@gmail.com,9738718341,BATCH_27,CM,27CM203
Aditya Gupta,2005-04-25,MALE,adityagupta@gmail.com,9086899036,BATCH_24,CM,24CM198
Ishaan Nair,2009-02-08,MALE,ishaannair751@yahoo.com,9469509355,BATCH_27,CC,27CC199
Vikram Joshi,2006-03-27,FEMALE,vikram.joshi@gmail.com,9778401688,BATCH_23,CS,23CS198
Rakesh Menon,2006-10-20,MALE,rakeshmenon@gmail.com,9418444620,BATCH_23,EE,23EE199
Divya Raju,2008-07-27,MALE,divyaraju202@gmail.com,9806358530,BATCH_26,CC,26CC198
Dhruv Rao,2004-08-05,FEMALE,dhruvrao216@outlook.com,9526853074,BATCH_22,EE,22EE203
Jyoti Chandra,2008-02-16,FEMALE,jyoti_chandra@gmail.com,9991773766,BATCH_26,EE,26EE198
Bhavya Raju,2005-12-30,FEMALE,bhavya.raju@gmail.com,9686804779,BATCH_23,EE,23EE200
Divya Verma,2006-03-19,MALE,divyaverma451@gmail.com,9938045030,BATCH_24,CD,24CD200
Tanvi Naidu,2004-09-24,MALE,tanvi_naidu@gmail.com,9576063494,BATCH_22,CC,22CC198
Nisha Joshi,2009-12-23,MALE,nisha.joshi88@yahoo.com,9924279346,BATCH_26,EC,26EC196
Zoya Goud,2006-03-07,MALE,zoya.goud74@outlook.com,9612592797,BATCH_23,EE,23EE201
Diya Prasad,2009-11-05,FEMALE,diya.prasad84@gmail.com,9381240147,BATCH_27,CD,27CD196
Dhruv Raju,2005-03-29,MALE,dhruv.raju91@gmail.com,9321243025,BATCH_24,CC,24CC204
Aditi Kumar,2004-01-22,FEMALE,aditikumar@gmail.com,9714174715,BATCH_22,EE,22EE204
Aditya Sharma,2006-04-30,MALE,aditya.sharma86@gmail.com,9953279182,BATCH_24,CS,24CS200
Ira Verma,2009-06-30,FEMALE,iraverma@gmail.com,9086392776,BATCH_27,EE,27EE202
Gauri Prasad,2005-09-07,MALE,gprasad@gmail.com,9494659593,BATCH_23,ME,23ME199
Aditi Verma,2007-12-08,FEMALE,aditiverma439@hotmail.com,9673421421,BATCH_24,CI,24CI204
Reyansh Patel,2003-03-27,FEMALE,reyanshpatel210@gmail.com,9036584107,BATCH_22,CM,22CM202
Diya Sharma,2007-12-06,MALE,diyasharma651@hotmail.com,9963217435,BATCH_26,ME,26ME197
Priya Menon,2004-03-02,FEMALE,priyamenon468@gmail.com,9976588608,BATCH_22,CI,22CI196
Diya Chandra,2006-05-09,FEMALE,dchandra@outlook.com,9444983553,BATCH_23,CM,23CM198
Tanvi Sharma,2008-05-07,MALE,tanvi_sharma@gmail.com,9370106536,BATCH_26,EC,26EC197
Varun Krishnan,2005-08-28,FEMALE,varunkrishnan97@gmail.com,9342031977,BATCH_22,CC,22CC199
Isha Prasad,2008-12-13,FEMALE,isha.prasad97@gmail.com,9882526990,BATCH_26,CM,26CM200
Lakshmi Rani,2008-04-22,MALE,lakshmi.rani@hotmail.com,9937772715,BATCH_27,CI,27CI193
Vivaan Babu,2008-02-08,MALE,vivaan.babu94@gmail.com,9840639294,BATCH_26,EC,26EC198
Varun Patel,2005-03-28,FEMALE,varunpatel665@gmail.com,9792817272,BATCH_23,EE,23EE202
Zoya Devi,2006-04-19,FEMALE,zoya.devi86@gmail.com,9702197617,BATCH_24,CS,24CS201
Sanya Babu,2010-09-30,MALE,sanya.babu29@gmail.com,9729703450,BATCH_27,CD,27CD197
Priya Pillai,2004-08-31,MALE,priya_pillai@gmail.com,9720080508,BATCH_22,CI,22CI197
Siddharth Pandey,2007-07-24,FEMALE,siddharthpandey695@outlook.com,9615922209,BATCH_24,EC,24EC201
Tanvi Prasad,2008-10-21,FEMALE,tanviprasad573@gmail.com,9136165765,BATCH_26,CM,26CM201
Divya Yadav,2006-01-02,MALE,divyayadav92@gmail.com,9763443346,BATCH_24,CD,24CD201
Abhinav Kapoor,2005-06-15,MALE,abhinav.kapoor40@gmail.com,9376425507,BATCH_22,EC,22EC200
Aditi Babu,2004-05-01,MALE,aditibabu106@gmail.com,9561906283,BATCH_22,CI,22CI198
Rahul Patel,2006-07-04,MALE,rahul.patel31@yahoo.com,9504084138,BATCH_24,EC,24EC202
Kabir Reddy,2010-01-06,FEMALE,kabir.reddy74@gmail.com,9719781471,BATCH_27,CS,27CS202
Ira Malhotra,2004-02-27,FEMALE,iramalhotra264@gmail.com,9414013856,BATCH_23,CC,23CC201
Riya Prasad,2009-03-27,FEMALE,riya.prasad@gmail.com,9676174790,BATCH_27,CI,27CI194
Karthik Pillai,2005-12-12,MALE,karthik_pillai@gmail.com,9569771045,BATCH_24,CS,24CS202
Uday Patel,2004-08-29,MALE,uday_patel@yahoo.com,9692706042,BATCH_22,ME,22ME195
Tarun Gupta,2010-08-27,FEMALE,tarun.gupta85@gmail.com,9660279126,BATCH_27,CD,27CD198
Lakshmi Kumar,2005-05-21,FEMALE,lkumar@gmail.com,9728463920,BATCH_24,ME,24ME204
Gauri Devi,2006-02-24,FEMALE,gauridevi@outlook.com,9744441388,BATCH_24,CC,24CC205
Sai Patel,2009-02-02,MALE,saipatel@yahoo.com,9417874105,BATCH_27,ME,27ME200
Aryan Verma,2007-07-26,FEMALE,aryanverma@gmail.com,9193990916,BATCH_25,EE,25EE202
Sanya Sharma,2008-04-14,MALE,sanya.sharma50@gmail.com,9379708604,BATCH_26,CS,26CS199
Esha Rani,2004-04-17,FEMALE,esha_rani@gmail.com,9631786808,BATCH_23,CI,23CI202
Meera Gupta,2009-05-05,MALE,meeragupta275@outlook.com,9700700102,BATCH_27,CI,27CI195
Bhavya Yadav,2004-10-07,FEMALE,bhavya.yadav9@gmail.com,9162026883,BATCH_22,CI,22CI199
Harini Krishnan,2007-04-29,MALE,harini.krishnan@gmail.com,9051728975,BATCH_25,CS,25CS205
Meera Reddy,2003-03-15,FEMALE,meerareddy310@gmail.com,9314576110,BATCH_22,CI,22CI200
Siddharth Malhotra,2005-02-14,MALE,siddharth.malhotra51@gmail.com,9913545422,BATCH_23,ME,23ME200
Tanvi Gupta,2004-12-14,MALE,tanvi.gupta96@gmail.com,9114339314,BATCH_22,ME,22ME196
Sanjay Naidu,2005-12-17,FEMALE,sanjaynaidu459@gmail.com,9842685179,BATCH_23,CC,23CC202
Aditi Singh,2007-12-20,FEMALE,aditisingh@outlook.com,9080388904,BATCH_26,CC,26CC199
Ishaan Kumar,2004-02-16,MALE,ishaankumar366@gmail.com,9403075598,BATCH_23,CC,23CC203
Pranav Pillai,2006-10-20,FEMALE,pranav.pillai36@gmail.com,9464203625,BATCH_25,CI,25CI202
Tanvi Devi,2005-11-17,MALE,tanvidevi806@hotmail.com,9658159668,BATCH_23,ME,23ME201
Uday Mohan,2010-04-10,MALE,uday.mohan77@gmail.com,9089758638,BATCH_27,ME,27ME201
Jyoti Verma,2006-09-07,MALE,jyoti_verma@gmail.com,9736609859,BATCH_25,EC,25EC201
Ananya Naidu,2008-05-21,FEMALE,ananya.naidu72@gmail.com,9262458613,BATCH_26,CD,26CD197
Nikhil Joshi,2007-05-23,MALE,nikhil.joshi92@yahoo.com,9994657967,BATCH_25,CS,25CS206
Diya Pillai,2010-12-23,MALE,diya.pillai74@gmail.com,9756275280,BATCH_27,CC,27CC200
Aditya Mishra,2007-07-20,MALE,adityamishra@yahoo.com,9580872670,BATCH_24,EC,24EC203
Diya Pandey,2008-08-22,MALE,diya_pandey@gmail.com,9766800027,BATCH_27,EE,27EE203
Tanvi Raju,2005-10-07,FEMALE,tanvi.raju74@gmail.com,9355381066,BATCH_23,CS,23CS199
Chitra Babu,2003-10-10,MALE,chitra.babu12@gmail.com,9141344760,BATCH_22,CC,22CC200
Sai Raju,2008-05-28,FEMALE,sai.raju39@gmail.com,9544300745,BATCH_27,CI,27CI196
Zoya Singh,2007-02-28,MALE,zoyasingh542@gmail.com,9805337851,BATCH_26,CD,26CD198
Diya Mishra,2004-02-20,MALE,diyamishra@gmail.com,9752614220,BATCH_22,CI,22CI201
Reyansh Joshi,2008-07-14,MALE,reyanshjoshi45@yahoo.com,9648491861,BATCH_26,CS,26CS200
Tarun Kumar,2007-05-27,FEMALE,tarunkumar327@yahoo.com,9096834869,BATCH_25,CM,25CM205
Om Rao,2005-02-16,FEMALE,orao@gmail.com,9539915668,BATCH_23,CD,23CD203
Nisha Kumar,2005-02-18,FEMALE,nishakumar246@gmail.com,9660193063,BATCH_23,ME,23ME202
Rakesh Menon,2007-07-19,FEMALE,rmenon@outlook.com,9695790012,BATCH_25,CI,25CI203
Tanvi Patel,2009-10-16,MALE,tanvipatel822@gmail.com,9265902827,BATCH_27,EC,27EC202
Ananya Patel,2007-05-09,FEMALE,ananyapatel@hotmail.com,9993397453,BATCH_25,ME,25ME204
Isha Krishnan,2009-02-15,FEMALE,ishakrishnan367@gmail.com,9042084182,BATCH_27,CI,27CI197
Rakesh Rani,2010-01-18,MALE,rakesh.rani43@gmail.com,9303151861,BATCH_27,CM,27CM204
Abhinav Rani,2007-10-09,MALE,abhinav.rani31@gmail.com,9470974865,BATCH_26,CD,26CD199
Priya Reddy,2010-12-05,MALE,priya.reddy@gmail.com,9995942535,BATCH_27,CD,27CD199
Naveen Gupta,2004-01-14,FEMALE,naveengupta430@gmail.com,9956733329,BATCH_22,CC,22CC201
Dhruv Nair,2007-11-27,FEMALE,dhruvnair1@gmail.com,9026592665,BATCH_26,CD,26CD200
Arjun Kumar,2008-08-03,MALE,arjun.kumar28@yahoo.com,9705068098,BATCH_26,CM,26CM202
Bhavya Babu,2004-06-14,FEMALE,bhavya.babu36@gmail.com,9557512476,BATCH_22,CC,22CC202
Sanjay Singh,2008-09-22,FEMALE,ssingh@yahoo.com,9599475763,BATCH_26,CM,26CM203
Reyansh Nair,2007-07-12,FEMALE,reyansh.nair@yahoo.com,9317970623,BATCH_25,CS,25CS207
Isha Menon,2004-08-11,MALE,isha.menon@gmail.com,9994805718,BATCH_22,EE,22EE205
Ishaan Reddy,2007-01-27,MALE,ishaanreddy745@hotmail.com,9468408940,BATCH_26,CD,26CD201
Rahul Mohan,2008-02-22,FEMALE,rahul_mohan@yahoo.com,9399796887,BATCH_27,EE,27EE204
Aditya Singh,2008-10-27,MALE,aditya.singh71@hotmail.com,9725123433,BATCH_25,EC,25EC202
Bhavya Pillai,2005-06-05,FEMALE,bpillai@yahoo.com,9845593965,BATCH_23,EC,23EC197
Aditya Menon,2003-02-10,MALE,adityamenon925@gmail.com,9103495611,BATCH_22,EC,22EC201
Zoya Desai,2008-05-10,FEMALE,zoyadesai@gmail.com,9107372088,BATCH_26,EE,26EE199
Om Kapoor,2005-11-27,MALE,okapoor@outlook.com,9120948181,BATCH_23,CD,23CD204
Priya Verma,2006-07-05,MALE,priyaverma103@gmail.com,9542340163,BATCH_23,CD,23CD205
Ira Pillai,2008-12-31,MALE,irapillai1@gmail.com,9083777557,BATCH_27,CS,27CS203
Vikram Nair,2009-12-27,FEMALE,vikramnair198@gmail.com,9868111433,BATCH_27,CC,27CC201
Siddharth Rao,2007-09-02,MALE,siddharth_rao@gmail.com,9727745750,BATCH_25,EC,25EC203
Reyansh Verma,2004-08-08,MALE,reyanshverma97@yahoo.com,9059563431,BATCH_22,EC,22EC202
Esha Nair,2008-01-28,MALE,esha.nair48@gmail.com,9527034418,BATCH_26,EE,26EE200
Yash Goud,2009-02-13,FEMALE,yash.goud@yahoo.com,9499747547,BATCH_26,CM,26CM204
Tanvi Mishra,2007-12-12,FEMALE,tanvimishra582@gmail.com,9475769453,BATCH_26,ME,26ME198
Kavya Verma,2006-06-12,MALE,kavyaverma641@gmail.com,9872542907,BATCH_23,ME,23ME203
Abhinav Rani,2008-07-02,MALE,abhinavrani831@gmail.com,9577051865,BATCH_27,CI,27CI198
Priya Gupta,2004-12-19,MALE,priyagupta422@gmail.com,9819722399,BATCH_23,EC,23EC198
Krishna Pandey,2006-10-03,FEMALE,krishna.pandey65@gmail.com,9947697357,BATCH_24,ME,24ME205
Sanjay Kumar,2005-07-14,OTHER,sanjaykumar550@gmail.com,9124465808,BATCH_23,ME,23ME204
Aarav Krishnan,2004-08-05,FEMALE,aaravkrishnan@outlook.com,9546364199,BATCH_22,ME,22ME197
Lakshmi Krishnan,2008-07-04,FEMALE,lakshmikrishnan856@yahoo.com,9230299966,BATCH_25,CD,25CD196
Riya Chandra,2007-10-20,OTHER,riya.chandra47@outlook.com,9842003265,BATCH_26,CS,26CS201
Priya Singh,2008-03-04,FEMALE,priyasingh104@outlook.com,9130963774,BATCH_26,EE,26EE201
Meera Kumar,2008-08-08,MALE,meerakumar986@gmail.com,9942075425,BATCH_26,CD,26CD202
Uday Yadav,2005-06-30,MALE,uday_yadav@gmail.com,9829097046,BATCH_22,EE,22EE206
Tarun Patel,2009-12-18,MALE,tarun.patel@gmail.com,9800272917,BATCH_27,EC,27EC203
Sanjay Devi,2006-04-30,MALE,sanjay_devi@gmail.com,9447792796,BATCH_24,EC,24EC204
Sai Verma,2005-09-28,MALE,saiverma@gmail.com,9669890949,BATCH_23,CS,23CS200
Aryan Pandey,2007-07-20,MALE,aryan.pandey87@gmail.com,9152501917,BATCH_24,CS,24CS203
Reyansh Verma,2005-09-26,MALE,reyansh.verma67@gmail.com,9179782294,BATCH_23,ME,23ME205
Gauri Menon,2005-10-19,FEMALE,gaurimenon262@gmail.com,9585530019,BATCH_23,ME,23ME206
Ira Singh,2006-11-17,FEMALE,ira.singh@gmail.com,9594219379,BATCH_25,CD,25CD197
Sai Yadav,2006-08-25,OTHER,sai.yadav24@gmail.com,9757409360,BATCH_23,CI,23CI203
Reyansh Kumar,2005-02-13,MALE,reyansh.kumar@yahoo.com,9526064490,BATCH_24,CM,24CM199
Sanjay Pillai,2008-05-12,FEMALE,sanjaypillai398@gmail.com,9590008073,BATCH_26,EE,26EE202
Harini Nair,2008-09-18,MALE,harini.nair@hotmail.com,9126888107,BATCH_26,EC,26EC199
Jyoti Joshi,2004-08-04,FEMALE,jyotijoshi690@gmail.com,9430237217,BATCH_22,CM,22CM203
Reyansh Babu,2007-09-30,MALE,reyanshbabu65@gmail.com,9318172035,BATCH_25,EC,25EC204
Pranav Devi,2009-02-01,MALE,pranavdevi@gmail.com,9024588641,BATCH_26,CS,26CS202
Varun Mishra,2007-05-10,FEMALE,varunmishra@outlook.com,9170805310,BATCH_25,EE,25EE203
Nikhil Naidu,2005-05-26,MALE,nikhilnaidu865@outlook.com,9244149171,BATCH_22,CM,22CM204
Vikram Patel,2007-04-06,MALE,vikrampatel@outlook.com,9060511697,BATCH_25,CM,25CM206
Aditya Pillai,2006-01-25,MALE,adityapillai896@gmail.com,9606988264,BATCH_23,CC,23CC204
Dhruv Goud,2004-07-17,OTHER,dhruvgoud@yahoo.com,9343092620,BATCH_22,CS,22CS206
Kavya Kumar,2006-04-24,MALE,kavyakumar227@gmail.com,9204899642,BATCH_25,EE,25EE204
Rahul Singh,2007-10-20,FEMALE,rahulsingh705@gmail.com,9898972117,BATCH_26,ME,26ME199
Abhinav Joshi,2008-10-07,FEMALE,abhinav.joshi@yahoo.com,9790480606,BATCH_26,CD,26CD203
Yash Chowdary,2005-02-15,FEMALE,ychowdary@outlook.com,9985538931,BATCH_23,CS,23CS201
Chitra Chowdary,2003-01-12,OTHER,chitrachowdary415@gmail.com,9451329311,BATCH_22,EE,22EE207
Priya Rao,2004-06-10,FEMALE,priya.rao@gmail.com,9090591191,BATCH_23,CM,23CM199
Dhruv Mohan,2010-02-27,MALE,dhruv.mohan12@gmail.com,9820034093,BATCH_27,CI,27CI199
Diya Malhotra,2006-04-12,FEMALE,diyamalhotra415@gmail.com,9897607401,BATCH_24,EE,24EE206
Aryan Patel,2007-09-28,FEMALE,aryan.patel33@yahoo.com,9551902041,BATCH_25,CD,25CD198
Isha Nair,2004-05-31,FEMALE,isha.nair@outlook.com,9223417439,BATCH_22,ME,22ME198
Rahul Babu,2010-04-03,MALE,rahul.babu@gmail.com,9303672684,BATCH_27,ME,27ME202
Zoya Gupta,2009-01-13,FEMALE,zoyagupta@gmail.com,9348236788,BATCH_27,CC,27CC202
Rakesh Pillai,2005-01-15,FEMALE,rakeshpillai334@gmail.com,9732466899,BATCH_23,CC,23CC205
Jyoti Pandey,2008-01-04,FEMALE,jyoti.pandey4@outlook.com,9723227478,BATCH_25,CM,25CM207
Ira Prasad,2007-09-11,FEMALE,ira_prasad@gmail.com,9839313294,BATCH_24,CD,24CD202
Esha Mishra,2009-11-02,MALE,esha.mishra65@outlook.com,9224199797,BATCH_27,CM,27CM205
Ira Patel,2006-04-01,MALE,ira.patel89@outlook.com,9380508335,BATCH_23,CS,23CS202
Lakshmi Menon,2009-10-14,FEMALE,lakshmimenon443@gmail.com,9911926890,BATCH_27,CM,27CM206
Nisha Rao,2009-05-18,FEMALE,nisharao634@gmail.com,9553631824,BATCH_27,CS,27CS204
Chitra Naidu,2009-12-16,MALE,cnaidu@outlook.com,9118803467,BATCH_27,EC,27EC204
Chitra Prasad,2006-03-29,FEMALE,chitraprasad146@gmail.com,9687637730,BATCH_24,CM,24CM200
Zoya Chandra,2006-04-23,MALE,zoyachandra@hotmail.com,9896968615,BATCH_24,CM,24CM201
Bhavya Chandra,2009-07-09,FEMALE,bhavyachandra17@gmail.com,9180970131,BATCH_26,CD,26CD204
Om Joshi,2008-04-17,FEMALE,om.joshi84@gmail.com,9657989146,BATCH_26,CD,26CD205
Om Menon,2009-10-18,MALE,omenon@gmail.com,9905379991,BATCH_27,CD,27CD200
Rohan Kapoor,2010-12-29,MALE,rohan.kapoor59@gmail.com,9641700537,BATCH_27,CC,27CC203
Tarun Babu,2006-07-25,FEMALE,tarun.babu77@gmail.com,9582165514,BATCH_24,CI,24CI205
Om Chandra,2006-02-08,FEMALE,omchandra508@outlook.com,9895342970,BATCH_24,EC,24EC205
Om Chandra,2009-10-13,FEMALE,om.chandra52@hotmail.com,9427751536,BATCH_27,CI,27CI200
Aditi Joshi,2007-10-25,MALE,aditi.joshi87@hotmail.com,9432183024,BATCH_25,CD,25CD199
Pranav Iyer,2003-05-20,FEMALE,pranaviyer@outlook.com,9499780481,BATCH_22,ME,22ME199
Sanya Joshi,2004-08-25,FEMALE,sanyajoshi@hotmail.com,9039396876,BATCH_22,CI,22CI202
Harini Desai,2008-05-31,MALE,harini.desai58@gmail.com,9753178416,BATCH_26,CI,26CI204
Gauri Chowdary,2008-10-12,FEMALE,gauri.chowdary98@gmail.com,9694846747,BATCH_25,ME,25ME205
Zoya Sharma,2006-02-21,OTHER,zoya.sharma93@gmail.com,9779989043,BATCH_24,CC,24CC206
Divya Rao,2009-08-18,MALE,divya_rao@gmail.com,9386816522,BATCH_26,CS,26CS203
Yash Desai,2008-11-04,FEMALE,yash.desai17@gmail.com,9461906923,BATCH_26,CS,26CS204
Bhavya Raju,2009-08-26,FEMALE,braju@outlook.com,9623255881,BATCH_26,EC,26EC200
Naveen Desai,2008-05-09,FEMALE,naveen.desai87@hotmail.com,9443807744,BATCH_26,EE,26EE203
Varun Chowdary,2007-09-10,MALE,varun.chowdary16@gmail.com,9326430954,BATCH_25,CI,25CI204
Karthik Naidu,2010-07-11,FEMALE,karthik.naidu64@gmail.com,9613682332,BATCH_27,EC,27EC205
Abhinav Malhotra,2009-07-15,MALE,abhinavmalhotra@outlook.com,9119830975,BATCH_27,CC,27CC204
Dhruv Babu,2008-06-28,MALE,dhruv.babu47@gmail.com,9027192642,BATCH_26,EC,26EC201
Priya Kapoor,2007-02-14,FEMALE,pkapoor@hotmail.com,9462638380,BATCH_24,ME,24ME206
Kavya Mishra,2004-10-14,FEMALE,kavya_mishra@outlook.com,9260825263,BATCH_22,EC,22EC203
Reyansh Iyer,2007-03-06,FEMALE,reyanshiyer@gmail.com,9666959818,BATCH_26,CI,26CI205
Zoya Menon,2006-07-24,MALE,zoyamenon400@gmail.com,9850142940,BATCH_25,EE,25EE205
Manish Sharma,2007-03-04,MALE,manishsharma858@gmail.com,9589333528,BATCH_25,CD,25CD200
Esha Mohan,2006-01-20,FEMALE,esha.mohan50@gmail.com,9907504331,BATCH_25,CC,25CC202
Manish Malhotra,2007-07-12,FEMALE,manish.malhotra@gmail.com,9320197030,BATCH_26,EC,26EC202
Aditya Patel,2004-09-27,MALE,aditya_patel@gmail.com,9527728289,BATCH_22,CI,22CI203
Kavya Nair,2006-04-06,FEMALE,kavyanair@outlook.com,9872047676,BATCH_25,CD,25CD201
Isha Goud,2007-06-26,FEMALE,isha.goud@yahoo.com,9617817032,BATCH_25,CI,25CI205
Chitra Naidu,2008-11-13,MALE,chitra.naidu48@gmail.com,9457205553,BATCH_25,CM,25CM208
Ira Gupta,2008-08-04,MALE,iragupta984@gmail.com,9471424321,BATCH_26,CS,26CS205
Manish Prasad,2006-03-24,FEMALE,manishprasad@gmail.com,9121227642,BATCH_24,CM,24CM202
Nikhil Raju,2007-02-14,MALE,nikhil.raju@gmail.com,9650587146,BATCH_25,CI,25CI206
Abhinav Mishra,2008-04-08,MALE,abhinavmishra@gmail.com,9890623546,BATCH_26,ME,26ME200
Vihaan Pillai,2003-12-07,MALE,vihaanpillai@outlook.com,9141214556,BATCH_22,CI,22CI204
Sanjay Gupta,2008-09-01,FEMALE,sanjay.gupta@yahoo.com,9731739462,BATCH_27,CC,27CC205
Harini Kumar,2009-06-07,FEMALE,harinikumar827@gmail.com,9109661592,BATCH_26,CS,26CS206
Sanya Mishra,2005-10-02,FEMALE,sanya_mishra@outlook.com,9268295081,BATCH_23,CC,23CC206
Vikram Patel,2008-05-13,FEMALE,vikram.patel26@gmail.com,9878496224,BATCH_26,CC,26CC200
Pranav Chowdary,2003-10-02,MALE,pranavchowdary606@outlook.com,9712884964,BATCH_22,ME,22ME200
Arjun Pillai,2008-05-04,MALE,arjun.pillai39@gmail.com,9845545012,BATCH_26,EC,26EC203
Sanjay Desai,2004-05-12,MALE,sanjay.desai@outlook.com,9227362732,BATCH_23,EC,23EC199
Vivaan Desai,2005-07-15,MALE,vivaandesai963@gmail.com,9265062292,BATCH_23,CM,23CM200
Tanvi Pillai,2008-06-11,FEMALE,tanvi.pillai@outlook.com,9981255977,BATCH_26,CC,26CC201
Aarav Verma,2004-12-08,MALE,aaravverma16@gmail.com,9439910622,BATCH_23,CM,23CM201
Lakshmi Babu,2005-03-23,OTHER,lakshmi.babu40@gmail.com,9980717965,BATCH_23,CS,23CS203
Siddharth Raju,2005-12-16,OTHER,siddharthraju532@gmail.com,9910462388,BATCH_22,ME,22ME201
Krishna Menon,2008-09-13,MALE,krishnamenon@yahoo.com,9175610958,BATCH_27,EC,27EC206
Kavya Kapoor,2007-07-12,MALE,kavya.kapoor47@gmail.com,9182512868,BATCH_25,EE,25EE206
Abhinav Patel,2004-08-23,MALE,abhinav_patel@gmail.com,9098272908,BATCH_22,CM,22CM205
Abhinav Krishnan,2007-08-23,FEMALE,akrishnan@outlook.com,9045482135,BATCH_24,CM,24CM203
Manish Mishra,2007-12-07,MALE,manishmishra974@gmail.com,9270252541,BATCH_25,ME,25ME206
Esha Kumar,2007-03-27,MALE,esha.kumar96@gmail.com,9724000208,BATCH_26,CC,26CC202
Reyansh Mohan,2007-08-30,MALE,reyansh_mohan@outlook.com,9873053900,BATCH_24,CD,24CD203
Harini Gupta,2010-08-18,MALE,harini.gupta24@gmail.com,9694165870,BATCH_27,CD,27CD201
Varun Rao,2006-05-04,FEMALE,varunrao571@hotmail.com,9361891355,BATCH_24,CC,24CC207
Harini Prasad,2004-12-02,FEMALE,harini_prasad@gmail.com,9627988779,BATCH_22,ME,22ME202
Varun Sharma,2007-02-18,FEMALE,varunsharma568@gmail.com,9849580645,BATCH_25,CC,25CC203
Aditi Verma,2005-07-23,FEMALE,aditi_verma@gmail.com,9981104748,BATCH_23,CI,23CI204
Sai Chowdary,2009-01-17,FEMALE,sai.chowdary61@gmail.com,9811364034,BATCH_27,CC,27CC206
Meera Rani,2008-03-16,MALE,meerarani46@outlook.com,9395302155,BATCH_26,CI,26CI206
Esha Desai,2005-08-24,MALE,esha.desai70@gmail.com,9458028240,BATCH_23,CS,23CS204
Karthik Goud,2007-05-21,FEMALE,karthikgoud714@gmail.com,9470263276,BATCH_25,CD,25CD202
Reyansh Verma,2005-05-23,MALE,reyanshverma@gmail.com,9074052257,BATCH_23,ME,23ME207
Naveen Chandra,2007-07-15,MALE,naveen.chandra61@gmail.com,9864574667,BATCH_24,CM,24CM204
Nikhil Prasad,2010-04-06,MALE,nikhil_prasad@gmail.com,9684908564,BATCH_27,CD,27CD202
Rohan Prasad,2005-06-13,MALE,rohan.prasad91@yahoo.com,9261718670,BATCH_24,CI,24CI206
Aryan Verma,2007-11-25,MALE,aryan.verma@gmail.com,9780559227,BATCH_25,ME,25ME207
Om Krishnan,2009-09-02,MALE,omkrishnan@gmail.com,9065076122,BATCH_27,CC,27CC207
Meera Rani,2006-10-28,MALE,meera.rani16@gmail.com,9579927079,BATCH_23,CM,23CM202
Bhavya Kumar,2004-09-03,MALE,bhavyakumar@gmail.com,9279908810,BATCH_22,ME,22ME203
Chitra Mishra,2008-06-25,MALE,chitra_mishra@gmail.com,9975434536,BATCH_26,CS,26CS207
Rohan Chowdary,2010-07-13,FEMALE,rohanchowdary320@gmail.com,9576829967,BATCH_27,CD,27CD203
Meera Sharma,2004-01-01,MALE,meera.sharma@yahoo.com,9251345796,BATCH_22,CM,22CM206
Vivaan Reddy,2007-06-05,MALE,vivaanreddy233@gmail.com,9182943050,BATCH_25,CC,25CC204
Harini Rani,2007-05-07,FEMALE,harini.rani22@outlook.com,9635911420,BATCH_24,CD,24CD204
Dhruv Malhotra,2005-08-20,FEMALE,dhruv.malhotra@outlook.com,9890236739,BATCH_22,CD,22CD202
Jyoti Gupta,2005-11-04,MALE,jgupta@gmail.com,9088117298,BATCH_24,ME,24ME207
Rohan Nair,2006-07-26,FEMALE,rohannair309@gmail.com,9491334245,BATCH_23,CM,23CM203
Nisha Chandra,2005-08-23,FEMALE,nishachandra757@gmail.com,9633283896,BATCH_23,EC,23EC200
Uday Malhotra,2007-03-19,FEMALE,uday.malhotra71@yahoo.com,9312209949,BATCH_25,CS,25CS208
Ananya Reddy,2005-03-01,FEMALE,ananyareddy544@gmail.com,9269223966,BATCH_23,CI,23CI205
Bhavya Nair,2005-02-12,FEMALE,bhavya.nair61@gmail.com,9595431246,BATCH_24,CS,24CS204
Zoya Raju,2005-04-01,MALE,zoyaraju953@gmail.com,9258539635,BATCH_23,CS,23CS205
Varun Patel,2006-10-31,MALE,varun.patel64@gmail.com,9134082241,BATCH_24,CM,24CM205
Ananya Prasad,2005-10-12,FEMALE,ananya.prasad29@gmail.com,9116162028,BATCH_24,EE,24EE207
Chitra Iyer,2006-03-29,OTHER,chitra.iyer@outlook.com,9975703409,BATCH_24,CS,24CS205
Nikhil Sharma,2006-09-06,MALE,nikhil.sharma@hotmail.com,9339115843,BATCH_25,CC,25CC205
Vivaan Chowdary,2005-01-28,FEMALE,vivaanchowdary235@gmail.com,9232586998,BATCH_24,CC,24CC208
Siddharth Kapoor,2007-09-11,MALE,siddharth.kapoor72@gmail.com,9536170617,BATCH_24,EE,24EE208
Riya Gupta,2007-03-25,FEMALE,riya.gupta@gmail.com,9883469090,BATCH_26,CD,26CD206
Manish Sharma,2007-10-15,MALE,msharma@hotmail.com,9317349963,BATCH_24,EC,24EC206
Divya Naidu,2008-03-12,FEMALE,divya.naidu68@outlook.com,9763439463,BATCH_27,ME,27ME203
Vivaan Krishnan,2004-06-14,FEMALE,vivaan.krishnan40@gmail.com,9837449597,BATCH_22,EC,22EC204
Kabir Verma,2010-08-11,FEMALE,kabir.verma@yahoo.com,9392318678,BATCH_27,CI,27CI201
Abhinav Iyer,2005-07-25,FEMALE,abhinav.iyer29@gmail.com,9158736627,BATCH_23,EC,23EC201
Ananya Goud,2008-12-03,MALE,ananya.goud98@gmail.com,9109388829,BATCH_26,EE,26EE204
Aditi Patel,2004-12-18,MALE,aditi.patel87@gmail.com,9876799368,BATCH_23,EE,23EE203
Abhinav Iyer,2006-09-15,MALE,abhinaviyer143@gmail.com,9851821642,BATCH_23,CS,23CS206
Tanvi Kapoor,2009-09-29,MALE,tanvikapoor@outlook.com,9559670716,BATCH_26,CM,26CM205
Aryan Prasad,2005-02-05,FEMALE,aryanprasad@yahoo.com,9501343390,BATCH_23,CC,23CC207
Krishna Babu,2010-10-06,MALE,krishnababu880@gmail.com,9023883697,BATCH_27,CI,27CI202
Abhinav Verma,2008-07-16,FEMALE,abhinav.verma69@gmail.com,9552957873,BATCH_26,EC,26EC204
Jyoti Gupta,2006-02-19,FEMALE,jyoti.gupta34@gmail.com,9501645466,BATCH_25,EC,25EC205
Siddharth Mishra,2005-06-16,MALE,siddharthmishra726@gmail.com,9319055998,BATCH_23,ME,23ME208
Dhruv Babu,2008-08-25,FEMALE,dhruvbabu929@gmail.com,9049909678,BATCH_26,CM,26CM206
Varun Reddy,2004-01-25,OTHER,varunreddy@hotmail.com,9525432635,BATCH_22,CM,22CM207
Manish Rao,2004-11-19,FEMALE,manish.rao5@gmail.com,9292361618,BATCH_23,CM,23CM204
Aarav Mishra,2006-02-23,FEMALE,aaravmishra34@gmail.com,9383670241,BATCH_24,ME,24ME208
Ananya Babu,2004-12-08,FEMALE,ananyababu97@gmail.com,9177932382,BATCH_23,CM,23CM205
Vivaan Yadav,2007-11-17,FEMALE,vivaanyadav593@yahoo.com,9948018644,BATCH_26,ME,26ME201
Zoya Patel,2008-04-10,MALE,zoya_patel@gmail.com,9476128989,BATCH_27,CC,27CC208
Lakshmi Rao,2004-09-20,FEMALE,lakshmi.rao@hotmail.com,9907091604,BATCH_22,ME,22ME204
Reyansh Krishnan,2007-08-12,MALE,reyansh.krishnan@gmail.com,9981693406,BATCH_25,EE,25EE207
Tarun Gupta,2005-08-10,FEMALE,tarun.gupta50@gmail.com,9365155973,BATCH_23,CD,23CD206
Isha Reddy,2005-03-09,FEMALE,ishareddy486@gmail.com,9759868581,BATCH_24,CI,24CI207
Aditi Rani,2004-12-30,FEMALE,aditi.rani29@yahoo.com,9447082317,BATCH_22,CC,22CC203
Om Goud,2007-05-21,MALE,om.goud@gmail.com,9099975706,BATCH_25,CC,25CC206
Divya Chandra,2008-09-21,FEMALE,divyachandra347@gmail.com,9170262458,BATCH_26,EE,26EE205
Arjun Yadav,2006-10-31,MALE,arjunyadav756@gmail.com,9822189870,BATCH_24,CS,24CS206
Naveen Reddy,2008-10-07,MALE,naveenreddy382@yahoo.com,9018677403,BATCH_26,ME,26ME202
Ananya Kapoor,2006-05-13,MALE,ananyakapoor76@outlook.com,9503754807,BATCH_25,CD,25CD203
Kabir Kapoor,2004-08-06,MALE,kabir.kapoor@gmail.com,9429742244,BATCH_22,CD,22CD203
Arjun Menon,2005-10-11,MALE,arjun.menon53@gmail.com,9690563804,BATCH_22,CI,22CI205
Yash Desai,2005-05-12,MALE,yash.desai64@gmail.com,9387151547,BATCH_23,CC,23CC208
Vivaan Krishnan,2007-06-04,FEMALE,vivaan.krishnan55@gmail.com,9248942046,BATCH_26,ME,26ME203
Om Malhotra,2006-07-24,MALE,om_malhotra@gmail.com,9907439064,BATCH_24,CD,24CD205
Yash Rao,2007-04-19,FEMALE,yashrao@yahoo.com,9801070177,BATCH_25,CM,25CM209
Kavya Krishnan,2008-06-01,FEMALE,kavya.krishnan40@outlook.com,9502823134,BATCH_26,CC,26CC203
Harini Chowdary,2007-11-02,FEMALE,harinichowdary75@gmail.com,9960793910,BATCH_24,CS,24CS207
Harini Rao,2005-04-27,MALE,harinirao25@gmail.com,9003191026,BATCH_23,CI,23CI206
Naveen Joshi,2009-11-29,MALE,naveen.joshi39@gmail.com,9537607755,BATCH_27,CS,27CS205
Sanya Babu,2004-12-06,MALE,sanyababu@yahoo.com,9296934721,BATCH_22,ME,22ME205
Sai Malhotra,2005-04-09,MALE,sai.malhotra2@gmail.com,9996133172,BATCH_23,CI,23CI207
Aditi Iyer,2007-07-09,MALE,aditi.iyer@outlook.com,9628591691,BATCH_26,CI,26CI207
Esha Patel,2004-06-25,MALE,eshapatel84@gmail.com,9070731814,BATCH_22,CD,22CD204
Chitra Mohan,2004-04-29,FEMALE,chitra.mohan@gmail.com,9900746286,BATCH_22,CI,22CI206
Nisha Kapoor,2007-05-02,MALE,nishakapoor@gmail.com,9409502641,BATCH_24,CM,24CM206
Aarav Kapoor,2004-02-15,MALE,aaravkapoor512@gmail.com,9432353557,BATCH_22,ME,22ME206
Nisha Goud,2004-11-30,FEMALE,nishagoud268@gmail.com,9489124785,BATCH_22,ME,22ME207
Rohan Kumar,2004-05-18,MALE,rohankumar3@gmail.com,9120944772,BATCH_23,EC,23EC202
Riya Chandra,2006-08-19,MALE,riya.chandra13@hotmail.com,9703163705,BATCH_23,EC,23EC203
Krishna Nair,2005-05-26,MALE,krishna.nair33@yahoo.com,9441048689,BATCH_23,CS,23CS207
Vikram Malhotra,2007-02-16,MALE,vmalhotra@yahoo.com,9523867673,BATCH_25,CI,25CI207
Uday Chowdary,2009-06-21,MALE,udaychowdary618@hotmail.com,9786667360,BATCH_27,ME,27ME204
Rahul Chowdary,2007-09-26,FEMALE,rahul.chowdary44@hotmail.com,9040737304,BATCH_25,CD,25CD204
Meera Mohan,2007-07-26,MALE,meera.mohan85@gmail.com,9112879429,BATCH_26,ME,26ME204
Krishna Krishnan,2004-12-03,MALE,krishna.krishnan74@gmail.com,9418923482,BATCH_22,CD,22CD205
Tarun Naidu,2004-05-20,FEMALE,tarunnaidu463@gmail.com,9748904760,BATCH_22,CC,22CC204
Sanya Yadav,2004-03-06,FEMALE,sanyayadav@gmail.com,9351076519,BATCH_22,CC,22CC205
Sai Chandra,2009-01-13,MALE,sai.chandra59@yahoo.com,9630416527,BATCH_27,CM,27CM207
Manish Sharma,2008-09-06,MALE,manish.sharma@gmail.com,9285839313,BATCH_26,EE,26EE206
Harini Rani,2008-04-18,FEMALE,harinirani582@gmail.com,9105196814,BATCH_25,CC,25CC207
Jyoti Prasad,2009-01-12,FEMALE,jyotiprasad918@gmail.com,9579215109,BATCH_27,CI,27CI203
Rahul Chowdary,2009-11-17,OTHER,rchowdary@hotmail.com,9894152359,BATCH_27,CD,27CD204
Pranav Naidu,2005-04-07,FEMALE,pranavnaidu455@gmail.com,9253614438,BATCH_22,CD,22CD206
Dhruv Babu,2007-08-24,MALE,dhruv.babu99@gmail.com,9327145839,BATCH_24,CM,24CM207
Aryan Gupta,2010-10-02,MALE,aryan_gupta@gmail.com,9236372511,BATCH_27,CI,27CI204
Krishna Babu,2010-12-09,MALE,krishna.babu80@gmail.com,9934667308,BATCH_27,CD,27CD205
Aryan Prasad,2006-09-09,FEMALE,aryanprasad@gmail.com,9130232129,BATCH_23,CD,23CD207
Priya Patel,2008-07-29,MALE,priyapatel5@yahoo.com,9914284000,BATCH_26,EC,26EC205
Vivaan Prasad,2005-10-01,FEMALE,vivaanprasad417@gmail.com,9306978999,BATCH_22,EC,22EC205
Vikram Naidu,2004-12-22,FEMALE,vikramnaidu889@gmail.com,9739809988,BATCH_22,CD,22CD207
Tanvi Rao,2004-08-03,FEMALE,tanvirao36@gmail.com,9333021260,BATCH_23,CD,23CD208
Karthik Raju,2007-01-03,FEMALE,karthikraju486@gmail.com,9968568888,BATCH_25,CD,25CD205
Manish Goud,2009-12-14,FEMALE,manishgoud883@gmail.com,9444847920,BATCH_27,CI,27CI205
Tanvi Kumar,2006-03-11,MALE,tanvikumar@gmail.com,9705925018,BATCH_24,CC,24CC209
Dhruv Prasad,2006-02-25,FEMALE,dhruv_prasad@hotmail.com,9041367776,BATCH_24,CD,24CD206
Vikram Krishnan,2007-01-24,FEMALE,vikram.krishnan7@outlook.com,9773729545,BATCH_26,CC,26CC204
Zoya Kapoor,2006-05-22,FEMALE,zoya.kapoor63@gmail.com,9911647649,BATCH_24,CD,24CD207
Uday Kapoor,2006-04-12,FEMALE,uday_kapoor@gmail.com,9202032650,BATCH_23,CM,23CM206
Rohan Chandra,2008-12-20,FEMALE,rohanchandra754@gmail.com,9522873637,BATCH_27,CS,27CS206
Ananya Malhotra,2005-04-14,MALE,ananya.malhotra95@gmail.com,9426433502,BATCH_23,CM,23CM207
Naveen Prasad,2009-03-17,FEMALE,naveen.prasad75@gmail.com,9683233483,BATCH_27,EC,27EC207
Kabir Malhotra,2007-05-08,MALE,kmalhotra@yahoo.com,9857094391,BATCH_25,EC,25EC206
Varun Chandra,2007-04-27,MALE,varun.chandra31@yahoo.com,9906246728,BATCH_26,ME,26ME205
Riya Sharma,2007-07-15,FEMALE,riya.sharma@outlook.com,9144716504,BATCH_25,EC,25EC207
Jyoti Mishra,2004-06-01,FEMALE,jyoti.mishra@yahoo.com,9184426549,BATCH_23,EE,23EE204
Nikhil Raju,2004-10-09,MALE,nikhil.raju31@yahoo.com,9675668073,BATCH_22,CS,22CS207
Varun Krishnan,2008-04-17,MALE,varunkrishnan6@gmail.com,9117949442,BATCH_27,ME,27ME205
Arjun Raju,2007-12-11,MALE,araju@yahoo.com,9252640517,BATCH_25,CC,25CC208
Chitra Verma,2009-11-19,MALE,chitraverma323@gmail.com,9172701891,BATCH_27,CD,27CD206
Rohan Gupta,2006-11-29,FEMALE,rohan.gupta4@gmail.com,9759414477,BATCH_24,EC,24EC207
Siddharth Kumar,2007-04-19,OTHER,siddharthkumar287@yahoo.com,9219416800,BATCH_25,CS,25CS209
Ananya Reddy,2005-12-06,FEMALE,ananya.reddy5@outlook.com,9860521026,BATCH_23,EC,23EC204
Krishna Malhotra,2007-08-25,FEMALE,krishnamalhotra236@gmail.com,9074142013,BATCH_26,CS,26CS208
Ishaan Chandra,2009-01-29,FEMALE,ishaan.chandra94@gmail.com,9342225624,BATCH_26,CD,26CD207
Vivaan Raju,2009-02-19,MALE,vivaanraju739@gmail.com,9297991671,BATCH_27,EE,27EE205
Rahul Rani,2006-01-20,FEMALE,rahul.rani53@gmail.com,9070455948,BATCH_25,CD,25CD206
Uday Chandra,2005-12-25,MALE,uday_chandra@gmail.com,9672620846,BATCH_23,EC,23EC205
Karthik Yadav,2006-08-05,FEMALE,karthikyadav@yahoo.com,9945919663,BATCH_24,EE,24EE209
Krishna Rani,2008-04-30,FEMALE,krishna.rani8@gmail.com,9420643395,BATCH_27,CI,27CI206
Ananya Pandey,2006-10-22,MALE,ananya_pandey@gmail.com,9690676490,BATCH_23,EC,23EC206
Gauri Iyer,2004-06-05,FEMALE,gauriiyer@gmail.com,9251179087,BATCH_22,ME,22ME208
Krishna Prasad,2004-08-02,FEMALE,krishnaprasad236@gmail.com,9269233833,BATCH_22,CD,22CD208
Manish Singh,2007-04-26,MALE,manish.singh75@gmail.com,9595176352,BATCH_25,EC,25EC208
Bhavya Krishnan,2009-10-07,FEMALE,bhavya.krishnan83@gmail.com,9833726194,BATCH_27,CS,27CS207
Aditya Rao,2004-12-07,MALE,adityarao@outlook.com,9158912686,BATCH_23,EC,23EC207
Kavya Chowdary,2008-03-03,MALE,kavya.chowdary18@gmail.com,9064079729,BATCH_26,CM,26CM207
Rohan Joshi,2008-03-12,OTHER,rohan.joshi74@gmail.com,9192726575,BATCH_27,EE,27EE206
Chitra Yadav,2008-10-13,FEMALE,cyadav@gmail.com,9337576118,BATCH_27,CS,27CS208
Aarav Chowdary,2004-09-09,FEMALE,aarav.chowdary@hotmail.com,9317367231,BATCH_23,EE,23EE205
Karthik Verma,2009-05-31,MALE,karthikverma@gmail.com,9471565037,BATCH_27,EC,27EC208
Aditya Menon,2003-07-29,OTHER,aditya.menon56@gmail.com,9567385648,BATCH_22,CD,22CD209
Ishaan Yadav,2006-10-10,FEMALE,ishaanyadav699@yahoo.com,9698683017,BATCH_23,EE,23EE206
Varun Sharma,2004-04-26,FEMALE,varunsharma307@gmail.com,9318380169,BATCH_23,CC,23CC209
Nikhil Prasad,2004-02-15,FEMALE,nikhilprasad488@gmail.com,9681437547,BATCH_22,CM,22CM208
Zoya Goud,2005-12-03,FEMALE,zoya.goud26@gmail.com,9055204197,BATCH_24,CM,24CM208
Abhinav Babu,2007-04-28,FEMALE,abhinav.babu33@gmail.com,9343751866,BATCH_26,CC,26CC205
Esha Reddy,2006-10-17,FEMALE,esha.reddy48@outlook.com,9290221543,BATCH_23,EC,23EC208
Naveen Devi,2006-05-16,MALE,naveen.devi27@gmail.com,9059647033,BATCH_25,ME,25ME208
Yash Iyer,2007-04-27,FEMALE,yiyer@gmail.com,9994959403,BATCH_25,CD,25CD207
Sanjay Mishra,2008-01-07,FEMALE,sanjay_mishra@gmail.com,9100090899,BATCH_26,CC,26CC206
Priya Yadav,2007-04-17,MALE,priya.yadav61@gmail.com,9619166732,BATCH_24,EC,24EC208
Nikhil Babu,2010-03-20,FEMALE,nikhil.babu@gmail.com,9328521240,BATCH_27,CD,27CD207
Meera Babu,2004-12-28,MALE,mbabu@outlook.com,9839677572,BATCH_22,CI,22CI207
Kavya Mohan,2008-02-06,FEMALE,kavyamohan@gmail.com,9732342513,BATCH_26,CD,26CD208
Riya Malhotra,2006-07-09,FEMALE,riya.malhotra17@gmail.com,9440668994,BATCH_24,CI,24CI208
Tanvi Singh,2008-10-30,FEMALE,tanvisingh613@gmail.com,9515746067,BATCH_26,EE,26EE207
Priya Rani,2009-03-12,MALE,priya.rani39@gmail.com,9478221325,BATCH_27,EE,27EE207
Sanjay Singh,2007-07-25,MALE,sanjay_singh@gmail.com,9906119597,BATCH_24,CD,24CD208
Zoya Babu,2009-01-13,FEMALE,zoya.babu65@outlook.com,9651813382,BATCH_27,CS,27CS209
Harini Mishra,2005-11-22,FEMALE,harini.mishra98@gmail.com,9865160486,BATCH_23,CS,23CS208
Rakesh Malhotra,2005-03-13,MALE,rakesh.malhotra@outlook.com,9299077560,BATCH_23,CM,23CM208
Sanjay Gupta,2009-07-21,MALE,sanjay.gupta35@yahoo.com,9339309065,BATCH_27,EE,27EE208
Pranav Sharma,2009-02-20,MALE,pranavsharma541@gmail.com,9527012740,BATCH_27,EE,27EE209
Bhavya Goud,2004-06-15,MALE,bhavyagoud452@gmail.com,9870940422,BATCH_22,EC,22EC206
Ishaan Babu,2004-03-26,MALE,ishaanbabu@yahoo.com,9142526119,BATCH_22,EC,22EC207
Vihaan Rao,2008-02-01,MALE,vihaanrao261@yahoo.com,9206348323,BATCH_26,EE,26EE208
Varun Verma,2007-04-02,MALE,varunverma@outlook.com,9514864022,BATCH_26,CD,26CD209
Harini Joshi,2008-04-22,MALE,harini.joshi@gmail.com,9356239502,BATCH_26,EC,26EC206
Aditi Pillai,2004-07-04,FEMALE,aditipillai@outlook.com,9951418648,BATCH_22,CC,22CC206
Vivaan Pandey,2003-05-12,FEMALE,vivaanpandey60@gmail.com,9838939242,BATCH_22,EE,22EE208
Krishna Krishnan,2005-06-01,FEMALE,krishna.krishnan16@gmail.com,9722053970,BATCH_22,CC,22CC207
Rakesh Babu,2008-03-09,MALE,rakesh.babu65@gmail.com,9591601124,BATCH_26,ME,26ME206
Sai Kumar,2008-04-03,MALE,skumar@yahoo.com,9594795074,BATCH_26,ME,26ME207
Kabir Nair,2008-03-21,MALE,kabirnair505@outlook.com,9067974034,BATCH_25,EE,25EE208
Zoya Mohan,2005-11-18,FEMALE,zoya_mohan@gmail.com,9101410082,BATCH_24,EC,24EC209
Kavya Singh,2010-03-18,FEMALE,kavya.singh@outlook.com,9006174136,BATCH_27,CC,27CC209
Harini Rao,2005-12-22,MALE,harini_rao@gmail.com,9704861867,BATCH_22,CC,22CC208
Lakshmi Sharma,2008-05-11,FEMALE,lakshmi.sharma@hotmail.com,9793911717,BATCH_26,CM,26CM208
Ishaan Sharma,2008-11-08,MALE,ishaan.sharma24@gmail.com,9580424851,BATCH_27,ME,27ME206
Abhinav Singh,2005-07-23,FEMALE,abhinav.singh@gmail.com,9487921046,BATCH_22,EC,22EC208
Kavya Mohan,2009-04-12,MALE,kavya.mohan44@outlook.com,9398047327,BATCH_27,ME,27ME207
Chitra Mishra,2004-06-10,MALE,chitramishra@gmail.com,9120425634,BATCH_22,CI,22CI208
Divya Desai,2007-08-25,FEMALE,divyadesai39@gmail.com,9578621808,BATCH_25,CC,25CC209
Aarav Kumar,2008-11-18,FEMALE,aarav.kumar85@outlook.com,9931804479,BATCH_27,ME,27ME208
Vikram Babu,2009-09-12,MALE,vikrambabu22@gmail.com,9036465761,BATCH_27,CD,27CD208
Ananya Gupta,2008-06-25,MALE,ananyagupta@outlook.com,9553706272,BATCH_26,CC,26CC207
Sanya Gupta,2005-01-14,FEMALE,sanya_gupta@gmail.com,9736077633,BATCH_23,CM,23CM209
Kavya Yadav,2004-01-21,MALE,kavya.yadav32@hotmail.com,9943106048,BATCH_22,ME,22ME209
Naveen Raju,2009-10-06,MALE,naveen_raju@gmail.com,9960066881,BATCH_27,CM,27CM208
Ishaan Pillai,2005-09-22,FEMALE,ishaan.pillai8@gmail.com,9640946654,BATCH_24,CD,24CD209
Aryan Pandey,2006-12-26,FEMALE,aryan.pandey@gmail.com,9103016404,BATCH_24,CS,24CS208
Jyoti Menon,2007-04-25,MALE,jyoti_menon@gmail.com,9270561465,BATCH_25,CD,25CD208
Reyansh Nair,2005-02-04,MALE,reyansh.nair@gmail.com,9846917284,BATCH_23,EE,23EE207
Sai Joshi,2008-11-01,MALE,sai.joshi@gmail.com,9255966472,BATCH_26,ME,26ME208
Ishaan Joshi,2004-02-26,FEMALE,ishaan.joshi@gmail.com,9982642582,BATCH_23,CI,23CI208
Lakshmi Naidu,2005-04-30,FEMALE,lakshmi.naidu89@yahoo.com,9285968345,BATCH_23,EE,23EE208
Ananya Devi,2009-10-18,FEMALE,ananya.devi@outlook.com,9328940117,BATCH_27,CI,27CI207
Kavya Yadav,2008-09-11,MALE,kavyayadav801@gmail.com,9562202175,BATCH_26,EC,26EC207
Varun Krishnan,2008-07-14,FEMALE,varunkrishnan932@gmail.com,9472553655,BATCH_26,CI,26CI208
Meera Gupta,2006-07-28,MALE,meeragupta223@gmail.com,9880023009,BATCH_25,CI,25CI208
Tanvi Chowdary,2007-04-20,FEMALE,tanvi.chowdary97@gmail.com,9652944716,BATCH_26,ME,26ME209
Reyansh Pillai,2008-10-18,FEMALE,reyanshpillai601@gmail.com,9146386643,BATCH_26,CC,26CC208
Kavya Sharma,2010-08-02,FEMALE,kavya_sharma@outlook.com,9275020922,BATCH_27,CI,27CI208
Priya Malhotra,2003-07-17,FEMALE,priyamalhotra243@gmail.com,9007757155,BATCH_22,CS,22CS208
Aryan Pillai,2008-12-17,MALE,aryanpillai879@outlook.com,9357236273,BATCH_26,EC,26EC208
